2026-01-08 23:23:03 INFO  BaseTest - Starting of setup method
2026-01-08 23:23:03 INFO  BaseTest - Starting of setup method
2026-01-08 23:23:11 INFO  BasePage - Starting of LoginPage constructor
2026-01-08 23:23:11 INFO  BasePage - Ending of LoginPage constructor
2026-01-08 23:23:13 INFO  BasePage - Starting of LoginPage constructor
2026-01-08 23:23:13 INFO  BasePage - Ending of LoginPage constructor
2026-01-08 23:23:18 INFO  BaseTest - Ending of setup method
2026-01-08 23:23:18 INFO  Listeners - Test Started  : A_TestInvaildLogin
2026-01-08 23:23:18 INFO  BaseTest - Starting of TestInvaildLogin method
2026-01-08 23:23:18 INFO  BasePage - Starting of enterEmail method
2026-01-08 23:23:18 INFO  BasePage - Ending of enterEmail method
2026-01-08 23:23:18 INFO  BasePage - Starting of enterPassword method
2026-01-08 23:23:19 INFO  BasePage - Ending of enterPassword method
2026-01-08 23:23:19 INFO  BasePage - Starting of clickOnRememberMe method
2026-01-08 23:23:19 INFO  BasePage - Ending of clickOnRememberMe method
2026-01-08 23:23:19 INFO  BasePage - Starting of clickOnLoginButton method
2026-01-08 23:23:19 INFO  BasePage - Ending of clickOnLoginButton method
2026-01-08 23:23:19 INFO  BaseTest - Ending of TestInvaildLogin method
2026-01-08 23:23:19 INFO  Listeners - Test PassedA_TestInvaildLogin
2026-01-08 23:23:19 INFO  Listeners - Test Started  : B_TestInvaildLogin2
2026-01-08 23:23:19 INFO  BaseTest - Starting of TestInvaildLogin2 method
2026-01-08 23:23:19 INFO  BasePage - Starting of enterEmail method
2026-01-08 23:23:19 INFO  BaseTest - Ending of setup method
2026-01-08 23:23:19 INFO  Listeners - Test Started  : A_TestInvaildLogin
2026-01-08 23:23:19 INFO  BaseTest - Starting of TestInvaildLogin method
2026-01-08 23:23:19 INFO  BasePage - Starting of enterEmail method
2026-01-08 23:23:19 INFO  BasePage - Ending of enterEmail method
2026-01-08 23:23:19 INFO  BasePage - Starting of enterPassword method
2026-01-08 23:23:19 INFO  BasePage - Ending of enterEmail method
2026-01-08 23:23:19 INFO  BasePage - Starting of enterPassword method
2026-01-08 23:23:19 INFO  BasePage - Ending of enterPassword method
2026-01-08 23:23:19 INFO  BasePage - Starting of clickOnRememberMe method
2026-01-08 23:23:19 INFO  BasePage - Ending of enterPassword method
2026-01-08 23:23:19 INFO  BasePage - Starting of clickOnRememberMe method
2026-01-08 23:23:19 INFO  BasePage - Ending of clickOnRememberMe method
2026-01-08 23:23:19 INFO  BasePage - Starting of clickOnLoginButton method
2026-01-08 23:23:19 INFO  BasePage - Ending of clickOnRememberMe method
2026-01-08 23:23:19 INFO  BasePage - Starting of clickOnLoginButton method
2026-01-08 23:23:20 INFO  BasePage - Ending of clickOnLoginButton method
2026-01-08 23:23:20 INFO  BaseTest - Ending of TestInvaildLogin method
2026-01-08 23:23:20 INFO  Listeners - Test PassedA_TestInvaildLogin
2026-01-08 23:23:20 INFO  BasePage - Ending of clickOnLoginButton method
2026-01-08 23:23:20 INFO  BaseTest - Ending of TestInvaildLogin2 method
2026-01-08 23:23:20 INFO  Listeners - Test Started  : B_TestInvaildLogin2
2026-01-08 23:23:20 INFO  Listeners - Test PassedB_TestInvaildLogin2
2026-01-08 23:23:20 INFO  BaseTest - Starting of TestInvaildLogin2 method
2026-01-08 23:23:20 INFO  BasePage - Starting of enterEmail method
2026-01-08 23:23:20 INFO  Listeners - Test Started  : C_TestInvaildLogin3
2026-01-08 23:23:20 INFO  BaseTest - Starting of TestInvaildLogin3 method
2026-01-08 23:23:20 INFO  BasePage - Starting of enterEmail method
2026-01-08 23:23:20 INFO  BasePage - Ending of enterEmail method
2026-01-08 23:23:20 INFO  BasePage - Starting of enterPassword method
2026-01-08 23:23:20 INFO  BasePage - Ending of enterEmail method
2026-01-08 23:23:20 INFO  BasePage - Starting of enterPassword method
2026-01-08 23:23:20 INFO  BasePage - Ending of enterPassword method
2026-01-08 23:23:20 INFO  BasePage - Starting of clickOnRememberMe method
2026-01-08 23:23:20 INFO  BasePage - Ending of enterPassword method
2026-01-08 23:23:20 INFO  BasePage - Starting of clickOnRememberMe method
2026-01-08 23:23:20 INFO  BasePage - Ending of clickOnRememberMe method
2026-01-08 23:23:20 INFO  BasePage - Ending of clickOnRememberMe method
2026-01-08 23:23:20 INFO  BasePage - Starting of clickOnLoginButton method
2026-01-08 23:23:20 INFO  BasePage - Starting of clickOnLoginButton method
2026-01-08 23:23:20 INFO  BasePage - Ending of clickOnLoginButton method
2026-01-08 23:23:20 INFO  BaseTest - Ending of TestInvaildLogin3 method
2026-01-08 23:23:20 INFO  Listeners - Test PassedC_TestInvaildLogin3
2026-01-08 23:23:20 INFO  Listeners - Test Started  : D_testVaildLogin4
2026-01-08 23:23:20 INFO  BaseTest - Starting of testVaildLogin4 method
2026-01-08 23:23:20 INFO  BasePage - Starting of enterEmail method
2026-01-08 23:23:20 INFO  BasePage - Ending of clickOnLoginButton method
2026-01-08 23:23:20 INFO  BaseTest - Ending of TestInvaildLogin2 method
2026-01-08 23:23:20 INFO  Listeners - Test PassedB_TestInvaildLogin2
2026-01-08 23:23:20 INFO  Listeners - Test Started  : C_TestInvaildLogin3
2026-01-08 23:23:20 INFO  BaseTest - Starting of TestInvaildLogin3 method
2026-01-08 23:23:20 INFO  BasePage - Starting of enterEmail method
2026-01-08 23:23:20 INFO  BasePage - Ending of enterEmail method
2026-01-08 23:23:20 INFO  BasePage - Starting of enterPassword method
2026-01-08 23:23:20 INFO  BasePage - Ending of enterPassword method
2026-01-08 23:23:20 INFO  BasePage - Starting of clickOnRememberMe method
2026-01-08 23:23:20 INFO  BasePage - Ending of clickOnRememberMe method
2026-01-08 23:23:20 INFO  BasePage - Starting of clickOnLoginButton method
2026-01-08 23:23:20 INFO  BasePage - Ending of enterEmail method
2026-01-08 23:23:20 INFO  BasePage - Starting of enterPassword method
2026-01-08 23:23:20 INFO  BasePage - Ending of clickOnLoginButton method
2026-01-08 23:23:20 INFO  BaseTest - Ending of TestInvaildLogin3 method
2026-01-08 23:23:20 INFO  Listeners - Test PassedC_TestInvaildLogin3
2026-01-08 23:23:20 INFO  Listeners - Test Started  : D_testVaildLogin4
2026-01-08 23:23:20 INFO  BaseTest - Starting of testVaildLogin4 method
2026-01-08 23:23:20 INFO  BasePage - Starting of enterEmail method
2026-01-08 23:23:20 INFO  BasePage - Ending of enterPassword method
2026-01-08 23:23:20 INFO  BasePage - Starting of clickOnRememberMe method
2026-01-08 23:23:20 INFO  BasePage - Ending of enterEmail method
2026-01-08 23:23:20 INFO  BasePage - Starting of enterPassword method
2026-01-08 23:23:21 INFO  BasePage - Ending of clickOnRememberMe method
2026-01-08 23:23:21 INFO  BasePage - Starting of clickOnLoginButton method
2026-01-08 23:23:21 INFO  BasePage - Ending of enterPassword method
2026-01-08 23:23:21 INFO  BasePage - Starting of clickOnRememberMe method
2026-01-08 23:23:21 INFO  BasePage - Ending of clickOnLoginButton method
2026-01-08 23:23:21 INFO  BasePage - Ending of clickOnRememberMe method
2026-01-08 23:23:21 INFO  BasePage - Starting of clickOnLoginButton method
2026-01-08 23:23:21 INFO  BasePage - Ending of clickOnLoginButton method
2026-01-08 23:23:21 INFO  BaseTest - Starting of setup method
2026-01-08 23:23:22 INFO  BasePage - Starting of EmployeeDetails constructor
2026-01-08 23:23:22 INFO  BasePage - Ending of EmployeeDetails constructor
2026-01-08 23:23:22 INFO  BasePage - Starting of LoginPage constructor
2026-01-08 23:23:22 INFO  BasePage - Ending of LoginPage constructor
2026-01-08 23:23:23 INFO  BaseTest - Starting of setup method
2026-01-08 23:23:24 INFO  BasePage - Starting of enterEmail method
2026-01-08 23:23:24 INFO  BasePage - Ending of enterEmail method
2026-01-08 23:23:24 INFO  BasePage - Starting of enterPassword method
2026-01-08 23:23:24 INFO  BasePage - Ending of enterPassword method
2026-01-08 23:23:24 INFO  BasePage - Starting of clickOnRememberMe method
2026-01-08 23:23:24 INFO  BasePage - Ending of clickOnRememberMe method
2026-01-08 23:23:24 INFO  BasePage - Starting of clickOnLoginButton method
2026-01-08 23:23:24 INFO  BasePage - Ending of clickOnLoginButton method
2026-01-08 23:23:24 INFO  BaseTest - Ending of setup method
2026-01-08 23:23:24 INFO  Listeners - Test Started  : A_testVaildEmployeeDetails
2026-01-08 23:23:24 INFO  BaseTest - Starting of testVaildEmployeeDetails method
2026-01-08 23:23:24 INFO  BasePage - Starting of getWelcomeToJalaAcademy method
2026-01-08 23:23:24 INFO  BasePage - Ending of getWelcomeToJalaAcademy method
2026-01-08 23:23:24 INFO  BasePage - Starting of clickOnCreateButton method
2026-01-08 23:23:27 INFO  BasePage - Starting of EmployeeDetails constructor
2026-01-08 23:23:27 INFO  BasePage - Ending of EmployeeDetails constructor
2026-01-08 23:23:27 INFO  BasePage - Starting of LoginPage constructor
2026-01-08 23:23:27 INFO  BasePage - Ending of LoginPage constructor
2026-01-08 23:23:28 INFO  BasePage - Starting of enterEmail method
2026-01-08 23:23:29 INFO  BasePage - Ending of enterEmail method
2026-01-08 23:23:29 INFO  BasePage - Starting of enterPassword method
2026-01-08 23:23:29 INFO  BasePage - Ending of enterPassword method
2026-01-08 23:23:29 INFO  BasePage - Starting of clickOnRememberMe method
2026-01-08 23:23:29 INFO  BasePage - Ending of clickOnRememberMe method
2026-01-08 23:23:29 INFO  BasePage - Starting of clickOnLoginButton method
2026-01-08 23:23:29 INFO  BasePage - Ending of clickOnLoginButton method
2026-01-08 23:23:29 INFO  BaseTest - Ending of setup method
2026-01-08 23:23:29 INFO  Listeners - Test Started  : A_testVaildEmployeeDetails
2026-01-08 23:23:29 INFO  BaseTest - Starting of testVaildEmployeeDetails method
2026-01-08 23:23:29 INFO  BasePage - Starting of getWelcomeToJalaAcademy method
2026-01-08 23:23:29 INFO  BasePage - Ending of getWelcomeToJalaAcademy method
2026-01-08 23:23:29 INFO  BasePage - Starting of clickOnCreateButton method
2026-01-08 23:23:32 INFO  BaseTest - Starting of setup method
2026-01-08 23:23:36 INFO  BasePage - Starting of LoginPage constructor
2026-01-08 23:23:36 INFO  BasePage - Ending of LoginPage constructor
2026-01-08 23:23:36 INFO  BasePage - Starting of EmployeeDetails constructor
2026-01-08 23:23:36 INFO  BasePage - Ending of EmployeeDetails constructor
2026-01-08 23:23:36 INFO  BasePage - Starting of SearchEmployee method
2026-01-08 23:23:36 INFO  BasePage - Ending of SearchEmployee method
2026-01-08 23:23:37 INFO  BasePage - Starting of enterEmail method
2026-01-08 23:23:37 INFO  BaseTest - Starting of setup method
2026-01-08 23:23:37 INFO  BasePage - Ending of enterEmail method
2026-01-08 23:23:37 INFO  BasePage - Starting of enterPassword method
2026-01-08 23:23:37 INFO  BasePage - Ending of enterPassword method
2026-01-08 23:23:37 INFO  BasePage - Starting of clickOnRememberMe method
2026-01-08 23:23:37 INFO  BasePage - Ending of clickOnRememberMe method
2026-01-08 23:23:37 INFO  BasePage - Starting of clickOnLoginButton method
2026-01-08 23:23:37 INFO  BasePage - Ending of clickOnLoginButton method
2026-01-08 23:23:37 INFO  BasePage - Starting of clickOnEmployeeButton method
2026-01-08 23:23:38 INFO  BasePage - Starting of LoginPage constructor
2026-01-08 23:23:38 INFO  BasePage - Ending of LoginPage constructor
2026-01-08 23:23:38 INFO  BasePage - Starting of EmployeeDetails constructor
2026-01-08 23:23:38 INFO  BasePage - Ending of EmployeeDetails constructor
2026-01-08 23:23:38 INFO  BasePage - Starting of SearchEmployee method
2026-01-08 23:23:38 INFO  BasePage - Ending of SearchEmployee method
2026-01-08 23:23:39 INFO  BasePage - Starting of enterEmail method
2026-01-08 23:23:39 INFO  BasePage - Ending of clickOnEmployeeButton method
2026-01-08 23:23:39 INFO  BaseTest - Ending of setup method
2026-01-08 23:23:39 INFO  Listeners - Test Started  : A_testSearchEmployee
2026-01-08 23:23:39 INFO  BaseTest - Starting of testSearchEmployee method
2026-01-08 23:23:39 INFO  BasePage - Ending of enterEmail method
2026-01-08 23:23:39 INFO  BasePage - Starting of enterPassword method
2026-01-08 23:23:40 INFO  BasePage - Ending of enterPassword method
2026-01-08 23:23:40 INFO  BasePage - Starting of clickOnRememberMe method
2026-01-08 23:23:40 INFO  BasePage - Ending of clickOnRememberMe method
2026-01-08 23:23:40 INFO  BasePage - Starting of clickOnLoginButton method
2026-01-08 23:23:40 INFO  BasePage - Ending of clickOnLoginButton method
2026-01-08 23:23:40 INFO  BasePage - Starting of clickOnEmployeeButton method
2026-01-08 23:23:42 INFO  BasePage - Ending of clickOnEmployeeButton method
2026-01-08 23:23:42 INFO  BaseTest - Ending of setup method
2026-01-08 23:23:42 INFO  Listeners - Test Started  : A_testSearchEmployee
2026-01-08 23:23:42 INFO  BaseTest - Starting of testSearchEmployee method
2026-01-08 23:23:42 INFO  BasePage - Starting of clickOnSearch1 method
2026-01-08 23:23:45 INFO  BasePage - Starting of clickOnSearch1 method
2026-01-08 23:23:54 INFO  BaseTest - Starting of setup method
2026-01-08 23:23:55 INFO  BaseTest - Starting of setup method
2026-01-08 23:23:56 INFO  BasePage - Starting of MenuPage constructor
2026-01-08 23:23:56 INFO  BasePage - Ending of MenuPage constructor
2026-01-08 23:23:56 INFO  BasePage - Starting of HomePage constructor
2026-01-08 23:23:56 INFO  BasePage - Ending of HomePage constructor
2026-01-08 23:23:56 INFO  BasePage - Starting of LoginPage constructor
2026-01-08 23:23:56 INFO  BasePage - Ending of LoginPage constructor
2026-01-08 23:23:57 INFO  BasePage - Starting of MenuPage constructor
2026-01-08 23:23:57 INFO  BasePage - Ending of MenuPage constructor
2026-01-08 23:23:57 INFO  BasePage - Starting of HomePage constructor
2026-01-08 23:23:57 INFO  BasePage - Ending of HomePage constructor
2026-01-08 23:23:57 INFO  BasePage - Starting of LoginPage constructor
2026-01-08 23:23:57 INFO  BasePage - Ending of LoginPage constructor
2026-01-08 23:23:57 INFO  BasePage - Starting of enterEmail method
2026-01-08 23:23:58 INFO  BasePage - Ending of enterEmail method
2026-01-08 23:23:58 INFO  BasePage - Starting of enterPassword method
2026-01-08 23:23:58 INFO  BasePage - Ending of enterPassword method
2026-01-08 23:23:58 INFO  BasePage - Starting of clickOnRememberMe method
2026-01-08 23:23:58 INFO  BasePage - Ending of clickOnRememberMe method
2026-01-08 23:23:58 INFO  BasePage - Starting of clickOnLoginButton method
2026-01-08 23:23:58 INFO  BasePage - Ending of clickOnLoginButton method
2026-01-08 23:23:58 INFO  BasePage - Starting of clickOnMoreButton method
2026-01-08 23:23:58 INFO  BasePage - Starting of enterEmail method
2026-01-08 23:23:59 INFO  BasePage - Ending of enterEmail method
2026-01-08 23:23:59 INFO  BasePage - Starting of enterPassword method
2026-01-08 23:23:59 INFO  BasePage - Ending of enterPassword method
2026-01-08 23:23:59 INFO  BasePage - Starting of clickOnRememberMe method
2026-01-08 23:23:59 INFO  BasePage - Ending of clickOnRememberMe method
2026-01-08 23:23:59 INFO  BasePage - Starting of clickOnLoginButton method
2026-01-08 23:23:59 INFO  Listeners - Test Started  : A_testMenu
2026-01-08 23:23:59 INFO  BaseTest - Starting of setup method
2026-01-08 23:23:59 INFO  BasePage - Ending of clickOnLoginButton method
2026-01-08 23:23:59 INFO  BasePage - Starting of clickOnMoreButton method
2026-01-08 23:24:00 INFO  BasePage - Ending of clickOnMoreButton method
2026-01-08 23:24:00 INFO  BasePage - Starting of IframePage constructor
2026-01-08 23:24:00 INFO  BasePage - Ending of IframePage constructor
2026-01-08 23:24:00 INFO  BasePage - Starting of HomePage constructor
2026-01-08 23:24:00 INFO  BasePage - Ending of HomePage constructor
2026-01-08 23:24:00 INFO  BasePage - Starting of LoginPage constructor
2026-01-08 23:24:00 INFO  BasePage - Ending of LoginPage constructor
2026-01-08 23:24:01 INFO  BasePage - Starting of enterEmail method
2026-01-08 23:24:02 INFO  BasePage - Ending of enterEmail method
2026-01-08 23:24:02 INFO  BasePage - Starting of enterPassword method
2026-01-08 23:24:02 INFO  BasePage - Ending of enterPassword method
2026-01-08 23:24:02 INFO  BasePage - Starting of clickOnRememberMe method
2026-01-08 23:24:02 INFO  BasePage - Ending of clickOnRememberMe method
2026-01-08 23:24:02 INFO  BasePage - Starting of clickOnLoginButton method
2026-01-08 23:24:02 INFO  BasePage - Ending of clickOnLoginButton method
2026-01-08 23:24:02 INFO  BasePage - Starting of clickOnMoreButton method
2026-01-08 23:24:02 INFO  BasePage - Ending of clickOnMoreButton method
2026-01-08 23:24:03 INFO  BasePage - Starting of clickOnMenuButton method
2026-01-08 23:24:03 INFO  BasePage - Ending of clickOnMenuButton method
2026-01-08 23:24:03 INFO  BaseTest - Ending of setup method
2026-01-08 23:24:03 INFO  Listeners - Test Started  : A_testMenu
2026-01-08 23:24:03 INFO  BaseTest - Starting of testMenu method
2026-01-08 23:24:03 INFO  BasePage - Starting of clickOnSubMenuButton method
2026-01-08 23:24:03 INFO  BasePage - Ending of clickOnSubMenuButton method
2026-01-08 23:24:03 INFO  BaseTest - Ending of testMenu method
2026-01-08 23:24:03 INFO  Listeners - Test PassedA_testMenu
2026-01-08 23:24:05 INFO  BaseTest - Starting of setup method
2026-01-08 23:24:05 INFO  BasePage - Starting of clickOnMenuButton method
2026-01-08 23:24:06 INFO  BasePage - Ending of clickOnMenuButton method
2026-01-08 23:24:06 INFO  BasePage - Starting of clickOnIframeButton method
2026-01-08 23:24:06 INFO  BasePage - Ending of clickOnIframeButton method
2026-01-08 23:24:06 INFO  BaseTest - Ending of setup method
2026-01-08 23:24:06 INFO  Listeners - Test Started  : A_testIframe
2026-01-08 23:24:06 INFO  BaseTest - Starting of testIframe method
2026-01-08 23:24:06 INFO  BasePage - Starting of getFrameOneText method
2026-01-08 23:24:06 INFO  BasePage - Ending of getFrameOneText method
2026-01-08 23:24:06 INFO  BasePage - Starting of getFrameTwoText method
2026-01-08 23:24:06 INFO  BasePage - Ending of getFrameTwoText method
2026-01-08 23:24:06 INFO  BasePage - Starting of getWelcomeToJalaAcademyText method
2026-01-08 23:24:06 INFO  BasePage - Ending of getWelcomeToJalaAcademyText method
2026-01-08 23:24:06 INFO  BaseTest - Ending of testIframe method
2026-01-08 23:24:06 INFO  Listeners - Test PassedA_testIframe
2026-01-08 23:24:07 INFO  BaseTest - Starting of setup method
2026-01-08 23:24:08 INFO  BasePage - Starting of ImagesPage constructor
2026-01-08 23:24:08 INFO  BasePage - Ending of ImagesPage constructor
2026-01-08 23:24:08 INFO  BasePage - Starting of HomePage constructor
2026-01-08 23:24:08 INFO  BasePage - Ending of HomePage constructor
2026-01-08 23:24:08 INFO  BasePage - Starting of LoginPage constructor
2026-01-08 23:24:08 INFO  BasePage - Ending of LoginPage constructor
2026-01-08 23:24:09 INFO  BasePage - Starting of IframePage constructor
2026-01-08 23:24:09 INFO  BasePage - Ending of IframePage constructor
2026-01-08 23:24:09 INFO  BasePage - Starting of HomePage constructor
2026-01-08 23:24:09 INFO  BasePage - Ending of HomePage constructor
2026-01-08 23:24:09 INFO  BasePage - Starting of LoginPage constructor
2026-01-08 23:24:09 INFO  BasePage - Ending of LoginPage constructor
2026-01-08 23:24:10 INFO  BasePage - Starting of enterEmail method
2026-01-08 23:24:11 INFO  BasePage - Starting of enterEmail method
2026-01-08 23:24:11 INFO  BasePage - Ending of enterEmail method
2026-01-08 23:24:11 INFO  BasePage - Starting of enterPassword method
2026-01-08 23:24:11 INFO  BasePage - Ending of enterEmail method
2026-01-08 23:24:11 INFO  BasePage - Starting of enterPassword method
2026-01-08 23:24:11 INFO  BasePage - Ending of enterPassword method
2026-01-08 23:24:11 INFO  BasePage - Starting of clickOnRememberMe method
2026-01-08 23:24:11 INFO  BasePage - Ending of enterPassword method
2026-01-08 23:24:11 INFO  BasePage - Starting of clickOnRememberMe method
2026-01-08 23:24:11 INFO  BasePage - Ending of clickOnRememberMe method
2026-01-08 23:24:11 INFO  BasePage - Starting of clickOnLoginButton method
2026-01-08 23:24:11 INFO  BasePage - Ending of clickOnRememberMe method
2026-01-08 23:24:11 INFO  BasePage - Starting of clickOnLoginButton method
2026-01-08 23:24:11 INFO  BasePage - Ending of clickOnLoginButton method
2026-01-08 23:24:11 INFO  BasePage - Starting of clickOnMoreButton method
2026-01-08 23:24:11 INFO  BasePage - Ending of clickOnLoginButton method
2026-01-08 23:24:11 INFO  BasePage - Starting of clickOnMoreButton method
2026-01-08 23:24:12 INFO  BasePage - Ending of clickOnMoreButton method
2026-01-08 23:24:12 INFO  BasePage - Ending of clickOnMoreButton method
2026-01-08 23:24:15 INFO  BasePage - Starting of clickOnMenuButton method
2026-01-08 23:24:15 INFO  BasePage - Starting of clickOnImageButton method
2026-01-08 23:24:15 INFO  BasePage - Ending of clickOnMenuButton method
2026-01-08 23:24:15 INFO  BasePage - Starting of clickOnIframeButton method
2026-01-08 23:24:15 INFO  BasePage - Ending of clickOnImageButton method
2026-01-08 23:24:15 INFO  BaseTest - Ending of setup method
2026-01-08 23:24:15 INFO  Listeners - Test Started  : A_testUploadImages
2026-01-08 23:24:15 INFO  BaseTest - Starting of testUploadImages method
2026-01-08 23:24:15 INFO  BasePage - Starting of uploadImage method
2026-01-08 23:24:15 INFO  BasePage - Ending of uploadImage method
2026-01-08 23:24:16 INFO  BasePage - Ending of clickOnIframeButton method
2026-01-08 23:24:16 INFO  BaseTest - Ending of setup method
2026-01-08 23:24:16 INFO  Listeners - Test Started  : A_testIframe
2026-01-08 23:24:16 INFO  BaseTest - Starting of testIframe method
2026-01-08 23:24:16 INFO  BasePage - Starting of getFrameOneText method
2026-01-08 23:24:16 INFO  BasePage - Ending of getFrameOneText method
2026-01-08 23:24:16 INFO  BasePage - Starting of getFrameTwoText method
2026-01-08 23:24:16 INFO  BasePage - Ending of getFrameTwoText method
2026-01-08 23:24:16 INFO  BasePage - Starting of getWelcomeToJalaAcademyText method
2026-01-08 23:24:16 INFO  BasePage - Ending of getWelcomeToJalaAcademyText method
2026-01-08 23:24:16 INFO  BaseTest - Ending of testIframe method
2026-01-08 23:24:16 INFO  Listeners - Test PassedA_testIframe
2026-01-08 23:24:17 INFO  BaseTest - Starting of setup method
2026-01-08 23:24:17 INFO  BasePage - Starting of clickOnUploadButton method
2026-01-08 23:24:18 INFO  BasePage - Ending of clickOnUploadButton method
2026-01-08 23:24:18 INFO  BasePage - Starting of getImageLabel method
2026-01-08 23:24:18 INFO  BasePage - Ending of getImageLabel method
2026-01-08 23:24:18 INFO  BaseTest - Ending of testUploadImages method
2026-01-08 23:24:18 INFO  Listeners - Test PassedA_testUploadImages
2026-01-08 23:24:20 INFO  BasePage - Starting of ImagesPage constructor
2026-01-08 23:24:20 INFO  BasePage - Ending of ImagesPage constructor
2026-01-08 23:24:20 INFO  BasePage - Starting of HomePage constructor
2026-01-08 23:24:20 INFO  BasePage - Ending of HomePage constructor
2026-01-08 23:24:20 INFO  BasePage - Starting of LoginPage constructor
2026-01-08 23:24:20 INFO  BasePage - Ending of LoginPage constructor
2026-01-08 23:24:21 INFO  BasePage - Starting of enterEmail method
2026-01-08 23:24:21 INFO  BasePage - Ending of enterEmail method
2026-01-08 23:24:21 INFO  BasePage - Starting of enterPassword method
2026-01-08 23:24:21 INFO  BasePage - Ending of enterPassword method
2026-01-08 23:24:21 INFO  BasePage - Starting of clickOnRememberMe method
2026-01-08 23:24:21 INFO  BasePage - Ending of clickOnRememberMe method
2026-01-08 23:24:21 INFO  BasePage - Starting of clickOnLoginButton method
2026-01-08 23:24:22 INFO  BasePage - Ending of clickOnLoginButton method
2026-01-08 23:24:22 INFO  BasePage - Starting of clickOnMoreButton method
2026-01-08 23:24:22 INFO  BasePage - Ending of clickOnMoreButton method
2026-01-08 23:24:25 INFO  BasePage - Starting of clickOnImageButton method
2026-01-08 23:24:25 INFO  BasePage - Ending of clickOnImageButton method
2026-01-08 23:24:25 INFO  BaseTest - Ending of setup method
2026-01-08 23:24:25 INFO  Listeners - Test Started  : A_testUploadImages
2026-01-08 23:24:25 INFO  BaseTest - Starting of testUploadImages method
2026-01-08 23:24:25 INFO  BasePage - Starting of uploadImage method
2026-01-08 23:24:25 INFO  BasePage - Ending of uploadImage method
2026-01-08 23:24:27 INFO  BasePage - Starting of clickOnUploadButton method
2026-01-08 23:24:27 INFO  BasePage - Ending of clickOnUploadButton method
2026-01-08 23:24:27 INFO  BasePage - Starting of getImageLabel method
2026-01-08 23:24:27 INFO  BasePage - Ending of getImageLabel method
2026-01-08 23:24:28 INFO  BaseTest - Ending of testUploadImages method
2026-01-08 23:24:28 INFO  Listeners - Test PassedA_testUploadImages
2026-01-09 00:15:41 INFO  BaseTest - Starting of setup method
2026-01-09 00:15:41 INFO  BaseTest - Starting of setup method
2026-01-09 00:15:44 INFO  BasePage - Starting of MenuPage constructor
2026-01-09 00:15:44 INFO  BasePage - Ending of MenuPage constructor
2026-01-09 00:15:44 INFO  BasePage - Starting of HomePage constructor
2026-01-09 00:15:44 INFO  BasePage - Ending of HomePage constructor
2026-01-09 00:15:44 INFO  BasePage - Starting of LoginPage constructor
2026-01-09 00:15:44 INFO  BasePage - Ending of LoginPage constructor
2026-01-09 00:15:47 INFO  BasePage - Starting of enterEmail method
2026-01-09 00:15:47 INFO  BasePage - Ending of enterEmail method
2026-01-09 00:15:47 INFO  BasePage - Starting of enterPassword method
2026-01-09 00:15:47 INFO  BasePage - Ending of enterPassword method
2026-01-09 00:15:47 INFO  BasePage - Starting of clickOnRememberMe method
2026-01-09 00:15:47 INFO  BasePage - Ending of clickOnRememberMe method
2026-01-09 00:15:47 INFO  BasePage - Starting of clickOnLoginButton method
2026-01-09 00:15:47 INFO  BasePage - Ending of clickOnLoginButton method
2026-01-09 00:15:47 INFO  BasePage - Starting of clickOnMoreButton method
2026-01-09 00:15:48 INFO  BasePage - Starting of LoginPage constructor
2026-01-09 00:15:48 INFO  BasePage - Ending of LoginPage constructor
2026-01-09 00:15:48 INFO  BasePage - Ending of clickOnMoreButton method
2026-01-09 00:15:49 INFO  BaseTest - Ending of setup method
2026-01-09 00:15:49 INFO  Listeners - Test Started  : D_testVaildLogin4
2026-01-09 00:15:49 INFO  BaseTest - Starting of testVaildLogin4 method
2026-01-09 00:15:49 INFO  BasePage - Starting of enterEmail method
2026-01-09 00:15:49 INFO  BasePage - Ending of enterEmail method
2026-01-09 00:15:49 INFO  BasePage - Starting of enterPassword method
2026-01-09 00:15:49 INFO  BasePage - Ending of enterPassword method
2026-01-09 00:15:49 INFO  BasePage - Starting of clickOnRememberMe method
2026-01-09 00:15:49 INFO  BasePage - Ending of clickOnRememberMe method
2026-01-09 00:15:49 INFO  BasePage - Starting of clickOnLoginButton method
2026-01-09 00:15:49 INFO  BasePage - Ending of clickOnLoginButton method
2026-01-09 00:15:49 INFO  BaseTest - Ending of testVaildLogin4 method
2026-01-09 00:15:49 INFO  Listeners - Test PassedD_testVaildLogin4
2026-01-09 00:15:51 INFO  BaseTest - Starting of setup method
2026-01-09 00:15:51 INFO  BasePage - Starting of clickOnMenuButton method
2026-01-09 00:15:54 INFO  BasePage - Starting of EmployeeDetails constructor
2026-01-09 00:15:54 INFO  BasePage - Ending of EmployeeDetails constructor
2026-01-09 00:15:54 INFO  BasePage - Starting of LoginPage constructor
2026-01-09 00:15:54 INFO  BasePage - Ending of LoginPage constructor
2026-01-09 00:15:55 INFO  BasePage - Starting of enterEmail method
2026-01-09 00:15:55 INFO  BasePage - Ending of enterEmail method
2026-01-09 00:15:55 INFO  BasePage - Starting of enterPassword method
2026-01-09 00:15:55 INFO  BasePage - Ending of enterPassword method
2026-01-09 00:15:55 INFO  BasePage - Starting of clickOnRememberMe method
2026-01-09 00:15:55 INFO  BasePage - Ending of clickOnRememberMe method
2026-01-09 00:15:55 INFO  BasePage - Starting of clickOnLoginButton method
2026-01-09 00:15:55 INFO  BasePage - Ending of clickOnLoginButton method
2026-01-09 00:15:55 INFO  BaseTest - Ending of setup method
2026-01-09 00:15:55 INFO  Listeners - Test Started  : A_testVaildEmployeeDetails
2026-01-09 00:15:55 INFO  BaseTest - Starting of testVaildEmployeeDetails method
2026-01-09 00:15:55 INFO  BasePage - Starting of getWelcomeToJalaAcademy method
2026-01-09 00:15:55 INFO  BasePage - Ending of getWelcomeToJalaAcademy method
2026-01-09 00:15:56 INFO  BasePage - Starting of clickOnEmployeeButton method
2026-01-09 00:15:58 INFO  BasePage - Ending of clickOnEmployeeButton method
2026-01-09 00:15:58 INFO  BasePage - Starting of clickOnCreateButton method
2026-01-09 00:16:00 INFO  BasePage - Ending of clickOnCreateButton method
2026-01-09 00:16:00 INFO  BasePage - Starting of enterFirstName method
2026-01-09 00:16:00 INFO  BasePage - Ending of enterFirstName method
2026-01-09 00:16:00 INFO  BasePage - Starting of enterFirstName method
2026-01-09 00:16:00 INFO  BasePage - Ending of enterFirstName method
2026-01-09 00:16:00 INFO  BasePage - Starting of enterEmailId method
2026-01-09 00:16:00 INFO  BasePage - Ending of enterEmailId method
2026-01-09 00:16:00 INFO  BasePage - Starting of enterMobileNumber method
2026-01-09 00:16:01 INFO  BasePage - Ending of enterMobileNumber method
2026-01-09 00:16:01 INFO  BasePage - Starting of enterDateOfBirth method
2026-01-09 00:16:01 INFO  BasePage - Ending of enterDateOfBirth method
2026-01-09 00:16:01 INFO  BasePage - Starting of clickOnEmployeeButton method
2026-01-09 00:16:01 INFO  Listeners - Test Started  : A_testMenu
2026-01-09 00:16:01 INFO  BaseTest - Starting of setup method
2026-01-09 00:16:03 INFO  BasePage - Ending of clickOnEmployeeButton method
2026-01-09 00:16:03 INFO  BasePage - Starting of enterAddress method
2026-01-09 00:16:03 INFO  BasePage - Starting of LoginPage constructor
2026-01-09 00:16:03 INFO  BasePage - Ending of LoginPage constructor
2026-01-09 00:16:03 INFO  BasePage - Ending of enterAddress method
2026-01-09 00:16:03 INFO  BasePage - Starting of clickOnSelectCity method
2026-01-09 00:16:03 INFO  BaseTest - Ending of setup method
2026-01-09 00:16:03 INFO  Listeners - Test Started  : D_testVaildLogin4
2026-01-09 00:16:03 INFO  BaseTest - Starting of testVaildLogin4 method
2026-01-09 00:16:03 INFO  BasePage - Starting of enterEmail method
2026-01-09 00:16:04 INFO  BasePage - Ending of clickOnSelectCity method
2026-01-09 00:16:04 INFO  BasePage - Starting of clickOnIndia method
2026-01-09 00:16:04 INFO  BasePage - Ending of clickOnIndia method
2026-01-09 00:16:04 INFO  BasePage - Ending of enterEmail method
2026-01-09 00:16:04 INFO  BasePage - Starting of enterPassword method
2026-01-09 00:16:04 INFO  BasePage - Ending of enterPassword method
2026-01-09 00:16:04 INFO  BasePage - Starting of clickOnRememberMe method
2026-01-09 00:16:05 INFO  BasePage - Ending of clickOnRememberMe method
2026-01-09 00:16:05 INFO  BasePage - Starting of clickOnLoginButton method
2026-01-09 00:16:05 INFO  BasePage - Ending of clickOnLoginButton method
2026-01-09 00:16:05 INFO  BaseTest - Ending of testVaildLogin4 method
2026-01-09 00:16:05 INFO  Listeners - Test PassedD_testVaildLogin4
2026-01-09 00:16:05 INFO  BaseTest - Starting of setup method
2026-01-09 00:16:06 INFO  BasePage - Starting of EmployeeDetails constructor
2026-01-09 00:16:06 INFO  BasePage - Ending of EmployeeDetails constructor
2026-01-09 00:16:06 INFO  BasePage - Starting of LoginPage constructor
2026-01-09 00:16:06 INFO  BasePage - Ending of LoginPage constructor
2026-01-09 00:16:07 INFO  BasePage - Starting of enterEmail method
2026-01-09 00:16:07 INFO  BasePage - Starting of clickOnSelectCity method
2026-01-09 00:16:07 INFO  BasePage - Ending of enterEmail method
2026-01-09 00:16:07 INFO  BasePage - Starting of enterPassword method
2026-01-09 00:16:07 INFO  BasePage - Ending of clickOnSelectCity method
2026-01-09 00:16:07 INFO  BasePage - Starting of clickOnHyderabad method
2026-01-09 00:16:07 INFO  BasePage - Ending of enterPassword method
2026-01-09 00:16:07 INFO  BasePage - Starting of clickOnRememberMe method
2026-01-09 00:16:07 INFO  BasePage - Ending of clickOnHyderabad method
2026-01-09 00:16:07 INFO  BasePage - Starting of clickOnQaAutomation method
2026-01-09 00:16:07 INFO  BasePage - Ending of clickOnRememberMe method
2026-01-09 00:16:07 INFO  BasePage - Starting of clickOnLoginButton method
2026-01-09 00:16:07 INFO  BasePage - Ending of clickOnQaAutomation method
2026-01-09 00:16:07 INFO  BasePage - Starting of clickOnIndia method
2026-01-09 00:16:07 INFO  BasePage - Ending of clickOnIndia method
2026-01-09 00:16:07 INFO  BaseTest - Ending of testVaildEmployeeDetails method
2026-01-09 00:16:07 INFO  Listeners - Test PassedA_testVaildEmployeeDetails
2026-01-09 00:16:07 INFO  BasePage - Ending of clickOnLoginButton method
2026-01-09 00:16:07 INFO  BaseTest - Ending of setup method
2026-01-09 00:16:07 INFO  Listeners - Test Started  : A_testVaildEmployeeDetails
2026-01-09 00:16:07 INFO  BaseTest - Starting of testVaildEmployeeDetails method
2026-01-09 00:16:07 INFO  BasePage - Starting of getWelcomeToJalaAcademy method
2026-01-09 00:16:07 INFO  BasePage - Ending of getWelcomeToJalaAcademy method
2026-01-09 00:16:07 INFO  BasePage - Starting of clickOnEmployeeButton method
2026-01-09 00:16:08 INFO  BaseTest - Starting of setup method
2026-01-09 00:16:10 INFO  BasePage - Ending of clickOnEmployeeButton method
2026-01-09 00:16:10 INFO  BasePage - Starting of clickOnCreateButton method
2026-01-09 00:16:12 INFO  BasePage - Ending of clickOnCreateButton method
2026-01-09 00:16:12 INFO  BasePage - Starting of enterFirstName method
2026-01-09 00:16:12 INFO  BasePage - Ending of enterFirstName method
2026-01-09 00:16:12 INFO  BasePage - Starting of enterFirstName method
2026-01-09 00:16:12 INFO  BasePage - Ending of enterFirstName method
2026-01-09 00:16:12 INFO  BasePage - Starting of enterEmailId method
2026-01-09 00:16:12 INFO  BasePage - Starting of LoginPage constructor
2026-01-09 00:16:12 INFO  BasePage - Ending of LoginPage constructor
2026-01-09 00:16:12 INFO  BasePage - Starting of EmployeeDetails constructor
2026-01-09 00:16:12 INFO  BasePage - Ending of EmployeeDetails constructor
2026-01-09 00:16:12 INFO  BasePage - Starting of SearchEmployee method
2026-01-09 00:16:12 INFO  BasePage - Ending of SearchEmployee method
2026-01-09 00:16:13 INFO  BasePage - Ending of enterEmailId method
2026-01-09 00:16:13 INFO  BasePage - Starting of enterMobileNumber method
2026-01-09 00:16:13 INFO  BasePage - Starting of enterEmail method
2026-01-09 00:16:14 INFO  BasePage - Ending of enterMobileNumber method
2026-01-09 00:16:14 INFO  BasePage - Starting of enterDateOfBirth method
2026-01-09 00:16:14 INFO  BasePage - Ending of enterEmail method
2026-01-09 00:16:14 INFO  BasePage - Starting of enterPassword method
2026-01-09 00:16:14 INFO  BasePage - Ending of enterPassword method
2026-01-09 00:16:14 INFO  BasePage - Starting of clickOnRememberMe method
2026-01-09 00:16:14 INFO  BasePage - Ending of enterDateOfBirth method
2026-01-09 00:16:14 INFO  BasePage - Starting of clickOnEmployeeButton method
2026-01-09 00:16:14 INFO  BasePage - Ending of clickOnRememberMe method
2026-01-09 00:16:14 INFO  BasePage - Starting of clickOnLoginButton method
2026-01-09 00:16:14 INFO  BasePage - Ending of clickOnLoginButton method
2026-01-09 00:16:14 INFO  BasePage - Starting of clickOnEmployeeButton method
2026-01-09 00:16:16 INFO  BasePage - Ending of clickOnEmployeeButton method
2026-01-09 00:16:16 INFO  BasePage - Starting of enterAddress method
2026-01-09 00:16:16 INFO  BasePage - Ending of enterAddress method
2026-01-09 00:16:16 INFO  BasePage - Starting of clickOnSelectCity method
2026-01-09 00:16:17 INFO  BasePage - Ending of clickOnEmployeeButton method
2026-01-09 00:16:17 INFO  BaseTest - Ending of setup method
2026-01-09 00:16:17 INFO  Listeners - Test Started  : A_testSearchEmployee
2026-01-09 00:16:17 INFO  BaseTest - Starting of testSearchEmployee method
2026-01-09 00:16:17 INFO  BasePage - Ending of clickOnSelectCity method
2026-01-09 00:16:17 INFO  BasePage - Starting of clickOnIndia method
2026-01-09 00:16:17 INFO  BasePage - Ending of clickOnIndia method
2026-01-09 00:16:20 INFO  BasePage - Starting of clickOnSearch method
2026-01-09 00:16:20 INFO  BasePage - Starting of clickOnSelectCity method
2026-01-09 00:16:20 INFO  BasePage - Ending of clickOnSelectCity method
2026-01-09 00:16:20 INFO  BasePage - Starting of clickOnHyderabad method
2026-01-09 00:16:20 INFO  BasePage - Ending of clickOnHyderabad method
2026-01-09 00:16:20 INFO  BasePage - Starting of clickOnQaAutomation method
2026-01-09 00:16:20 INFO  BasePage - Ending of clickOnSearch method
2026-01-09 00:16:20 INFO  BasePage - Starting of enterEmployeeName method
2026-01-09 00:16:20 INFO  BasePage - Ending of clickOnQaAutomation method
2026-01-09 00:16:20 INFO  BasePage - Starting of clickOnIndia method
2026-01-09 00:16:20 INFO  BasePage - Ending of enterEmployeeName method
2026-01-09 00:16:20 INFO  BasePage - Starting of enterPassword method
2026-01-09 00:16:20 INFO  BasePage - Ending of clickOnIndia method
2026-01-09 00:16:20 INFO  BaseTest - Ending of testVaildEmployeeDetails method
2026-01-09 00:16:20 INFO  Listeners - Test PassedA_testVaildEmployeeDetails
2026-01-09 00:16:20 INFO  BasePage - Ending of enterPassword method
2026-01-09 00:16:20 INFO  BasePage - Starting of clickOnSearch1 method
2026-01-09 00:16:21 INFO  BasePage - Ending of setup method
2026-01-09 00:16:21 INFO  BaseTest - Starting of setup method
2026-01-09 00:16:22 INFO  BasePage - Starting of LoginPage constructor
2026-01-09 00:16:22 INFO  BasePage - Ending of LoginPage constructor
2026-01-09 00:16:22 INFO  BasePage - Starting of EmployeeDetails constructor
2026-01-09 00:16:22 INFO  BasePage - Ending of EmployeeDetails constructor
2026-01-09 00:16:22 INFO  BasePage - Starting of SearchEmployee method
2026-01-09 00:16:22 INFO  BasePage - Ending of SearchEmployee method
2026-01-09 00:16:23 INFO  BasePage - Starting of enterEmail method
2026-01-09 00:16:23 INFO  BasePage - Ending of enterEmail method
2026-01-09 00:16:23 INFO  BasePage - Starting of enterPassword method
2026-01-09 00:16:23 INFO  BasePage - Ending of enterPassword method
2026-01-09 00:16:23 INFO  BasePage - Starting of clickOnRememberMe method
2026-01-09 00:16:23 INFO  BasePage - Ending of clickOnRememberMe method
2026-01-09 00:16:23 INFO  BasePage - Starting of clickOnLoginButton method
2026-01-09 00:16:23 INFO  BasePage - Ending of clickOnLoginButton method
2026-01-09 00:16:23 INFO  BasePage - Starting of clickOnEmployeeButton method
2026-01-09 00:16:24 INFO  BaseTest - Ending of testSearchEmployee method
2026-01-09 00:16:24 INFO  Listeners - Test PassedA_testSearchEmployee
2026-01-09 00:16:25 INFO  BasePage - Ending of clickOnEmployeeButton method
2026-01-09 00:16:25 INFO  BaseTest - Ending of setup method
2026-01-09 00:16:25 INFO  Listeners - Test Started  : A_testSearchEmployee
2026-01-09 00:16:25 INFO  BaseTest - Starting of testSearchEmployee method
2026-01-09 00:16:28 INFO  BasePage - Starting of clickOnSearch method
2026-01-09 00:16:29 INFO  BasePage - Ending of clickOnSearch method
2026-01-09 00:16:29 INFO  BasePage - Starting of enterEmployeeName method
2026-01-09 00:16:29 INFO  BasePage - Ending of enterEmployeeName method
2026-01-09 00:16:29 INFO  BasePage - Starting of enterPassword method
2026-01-09 00:16:29 INFO  BasePage - Ending of enterPassword method
2026-01-09 00:16:29 INFO  BasePage - Starting of clickOnSearch1 method
2026-01-09 00:16:29 INFO  BasePage - Ending of setup method
2026-01-09 00:16:32 INFO  BaseTest - Ending of testSearchEmployee method
2026-01-09 00:16:32 INFO  Listeners - Test PassedA_testSearchEmployee
2026-01-09 00:22:44 INFO  BaseTest - Starting of setup method
2026-01-09 00:22:46 INFO  BasePage - Starting of MenuPage constructor
2026-01-09 00:22:46 INFO  BasePage - Ending of MenuPage constructor
2026-01-09 00:22:46 INFO  BasePage - Starting of HomePage constructor
2026-01-09 00:22:46 INFO  BasePage - Ending of HomePage constructor
2026-01-09 00:22:46 INFO  BasePage - Starting of LoginPage constructor
2026-01-09 00:22:46 INFO  BasePage - Ending of LoginPage constructor
2026-01-09 00:22:49 INFO  BasePage - Starting of enterEmail method
2026-01-09 00:22:49 INFO  BasePage - Ending of enterEmail method
2026-01-09 00:22:49 INFO  BasePage - Starting of enterPassword method
2026-01-09 00:22:49 INFO  BasePage - Ending of enterPassword method
2026-01-09 00:22:49 INFO  BasePage - Starting of clickOnRememberMe method
2026-01-09 00:22:49 INFO  BasePage - Ending of clickOnRememberMe method
2026-01-09 00:22:49 INFO  BasePage - Starting of clickOnLoginButton method
2026-01-09 00:22:49 INFO  BasePage - Ending of clickOnLoginButton method
2026-01-09 00:22:49 INFO  BasePage - Starting of clickOnMoreButton method
2026-01-09 00:22:50 INFO  BasePage - Ending of clickOnMoreButton method
2026-01-09 00:22:53 INFO  BasePage - Starting of clickOnMenuButton method
2026-01-09 00:23:04 INFO  Listeners - Test Started  : A_testMenu
2026-01-09 00:28:01 INFO  BaseTest - Starting of setup method
2026-01-09 00:28:05 INFO  BasePage - Starting of MenuPage constructor
2026-01-09 00:28:05 INFO  BasePage - Ending of MenuPage constructor
2026-01-09 00:28:05 INFO  BasePage - Starting of HomePage constructor
2026-01-09 00:28:05 INFO  BasePage - Ending of HomePage constructor
2026-01-09 00:28:05 INFO  BasePage - Starting of LoginPage constructor
2026-01-09 00:28:05 INFO  BasePage - Ending of LoginPage constructor
2026-01-09 00:28:07 INFO  BasePage - Starting of enterEmail method
2026-01-09 00:28:07 INFO  BasePage - Ending of enterEmail method
2026-01-09 00:28:07 INFO  BasePage - Starting of enterPassword method
2026-01-09 00:28:07 INFO  BasePage - Ending of enterPassword method
2026-01-09 00:28:07 INFO  BasePage - Starting of clickOnRememberMe method
2026-01-09 00:28:07 INFO  BasePage - Ending of clickOnRememberMe method
2026-01-09 00:28:07 INFO  BasePage - Starting of clickOnLoginButton method
2026-01-09 00:28:07 INFO  BasePage - Ending of clickOnLoginButton method
2026-01-09 00:28:07 INFO  BasePage - Starting of clickOnMoreButton method
2026-01-09 00:28:08 INFO  BasePage - Ending of clickOnMoreButton method
2026-01-09 00:28:11 INFO  BasePage - Starting of clickOnMenuButton method
2026-01-09 00:28:40 INFO  BaseTest - Starting of setup method
2026-01-09 00:28:42 INFO  BasePage - Starting of MenuPage constructor
2026-01-09 00:28:42 INFO  BasePage - Ending of MenuPage constructor
2026-01-09 00:28:42 INFO  BasePage - Starting of HomePage constructor
2026-01-09 00:28:42 INFO  BasePage - Ending of HomePage constructor
2026-01-09 00:28:42 INFO  BasePage - Starting of LoginPage constructor
2026-01-09 00:28:42 INFO  BasePage - Ending of LoginPage constructor
2026-01-09 00:28:43 INFO  BasePage - Starting of enterEmail method
2026-01-09 00:28:43 INFO  BasePage - Ending of enterEmail method
2026-01-09 00:28:43 INFO  BasePage - Starting of enterPassword method
2026-01-09 00:28:43 INFO  BasePage - Ending of enterPassword method
2026-01-09 00:28:43 INFO  BasePage - Starting of clickOnRememberMe method
2026-01-09 00:28:43 INFO  BasePage - Ending of clickOnRememberMe method
2026-01-09 00:28:43 INFO  BasePage - Starting of clickOnLoginButton method
2026-01-09 00:28:44 INFO  BasePage - Ending of clickOnLoginButton method
2026-01-09 00:28:44 INFO  BasePage - Starting of clickOnMoreButton method
2026-01-09 00:29:54 INFO  BaseTest - Starting of setup method
2026-01-09 00:29:56 INFO  BasePage - Starting of MenuPage constructor
2026-01-09 00:29:56 INFO  BasePage - Ending of MenuPage constructor
2026-01-09 00:29:56 INFO  BasePage - Starting of HomePage constructor
2026-01-09 00:29:56 INFO  BasePage - Ending of HomePage constructor
2026-01-09 00:29:56 INFO  BasePage - Starting of LoginPage constructor
2026-01-09 00:29:56 INFO  BasePage - Ending of LoginPage constructor
2026-01-09 00:29:57 INFO  BasePage - Starting of enterEmail method
2026-01-09 00:29:57 INFO  BasePage - Ending of enterEmail method
2026-01-09 00:29:57 INFO  BasePage - Starting of enterPassword method
2026-01-09 00:29:57 INFO  BasePage - Ending of enterPassword method
2026-01-09 00:29:57 INFO  BasePage - Starting of clickOnRememberMe method
2026-01-09 00:29:57 INFO  BasePage - Ending of clickOnRememberMe method
2026-01-09 00:29:57 INFO  BasePage - Starting of clickOnLoginButton method
2026-01-09 00:29:57 INFO  BasePage - Ending of clickOnLoginButton method
2026-01-09 00:29:57 INFO  BasePage - Starting of clickOnMoreButton method
2026-01-09 00:29:58 INFO  BasePage - Ending of clickOnMoreButton method
2026-01-09 00:30:01 INFO  BasePage - Starting of clickOnMenuButton method
2026-01-09 00:30:01 INFO  BasePage - Ending of clickOnMenuButton method
2026-01-09 00:30:01 INFO  BaseTest - Ending of setup method
2026-01-09 00:30:01 INFO  Listeners - Test Started  : A_testMenu
2026-01-09 00:30:01 INFO  BaseTest - Starting of testMenu method
2026-01-09 00:30:01 INFO  BasePage - Starting of clickOnSubMenuButton method
2026-01-09 00:30:01 INFO  BasePage - Ending of clickOnSubMenuButton method
2026-01-09 00:30:01 INFO  BaseTest - Ending of testMenu method
2026-01-09 00:30:01 INFO  Listeners - Test PassedA_testMenu
2026-01-09 00:30:42 INFO  BaseTest - Starting of setup method
2026-01-09 00:30:42 INFO  BaseTest - Starting of setup method
2026-01-09 00:30:44 INFO  BasePage - Starting of LoginPage constructor
2026-01-09 00:30:44 INFO  BasePage - Ending of LoginPage constructor
2026-01-09 00:30:45 INFO  BaseTest - Ending of setup method
2026-01-09 00:30:45 INFO  Listeners - Test Started  : A_TestInvaildLogin
2026-01-09 00:30:45 INFO  BaseTest - Starting of TestInvaildLogin method
2026-01-09 00:30:45 INFO  BasePage - Starting of enterEmail method
2026-01-09 00:30:45 INFO  BasePage - Ending of enterEmail method
2026-01-09 00:30:45 INFO  BasePage - Starting of enterPassword method
2026-01-09 00:30:46 INFO  BasePage - Ending of enterPassword method
2026-01-09 00:30:46 INFO  BasePage - Starting of clickOnRememberMe method
2026-01-09 00:30:46 INFO  BasePage - Ending of clickOnRememberMe method
2026-01-09 00:30:46 INFO  BasePage - Starting of clickOnLoginButton method
2026-01-09 00:30:46 INFO  BasePage - Ending of clickOnLoginButton method
2026-01-09 00:30:46 INFO  BaseTest - Ending of TestInvaildLogin method
2026-01-09 00:30:46 INFO  Listeners - Test PassedA_TestInvaildLogin
2026-01-09 00:30:46 INFO  Listeners - Test Started  : B_TestInvaildLogin2
2026-01-09 00:30:46 INFO  BaseTest - Starting of TestInvaildLogin2 method
2026-01-09 00:30:46 INFO  BasePage - Starting of enterEmail method
2026-01-09 00:30:46 INFO  BasePage - Ending of enterEmail method
2026-01-09 00:30:46 INFO  BasePage - Starting of enterPassword method
2026-01-09 00:30:46 INFO  BasePage - Ending of enterPassword method
2026-01-09 00:30:46 INFO  BasePage - Starting of clickOnRememberMe method
2026-01-09 00:30:47 INFO  BasePage - Ending of clickOnRememberMe method
2026-01-09 00:30:47 INFO  BasePage - Starting of clickOnLoginButton method
2026-01-09 00:30:47 INFO  BasePage - Ending of clickOnLoginButton method
2026-01-09 00:30:47 INFO  BaseTest - Ending of TestInvaildLogin2 method
2026-01-09 00:30:47 INFO  Listeners - Test PassedB_TestInvaildLogin2
2026-01-09 00:30:47 INFO  Listeners - Test Started  : C_TestInvaildLogin3
2026-01-09 00:30:47 INFO  BaseTest - Starting of TestInvaildLogin3 method
2026-01-09 00:30:47 INFO  BasePage - Starting of enterEmail method
2026-01-09 00:30:47 INFO  BasePage - Ending of enterEmail method
2026-01-09 00:30:47 INFO  BasePage - Starting of enterPassword method
2026-01-09 00:30:47 INFO  BasePage - Ending of enterPassword method
2026-01-09 00:30:47 INFO  BasePage - Starting of clickOnRememberMe method
2026-01-09 00:30:47 INFO  BasePage - Ending of clickOnRememberMe method
2026-01-09 00:30:47 INFO  BasePage - Starting of clickOnLoginButton method
2026-01-09 00:30:47 INFO  BasePage - Ending of clickOnLoginButton method
2026-01-09 00:30:47 INFO  BaseTest - Ending of TestInvaildLogin3 method
2026-01-09 00:30:47 INFO  Listeners - Test PassedC_TestInvaildLogin3
2026-01-09 00:30:47 INFO  Listeners - Test Started  : D_testVaildLogin4
2026-01-09 00:30:47 INFO  BaseTest - Starting of testVaildLogin4 method
2026-01-09 00:30:47 INFO  BasePage - Starting of enterEmail method
2026-01-09 00:30:47 INFO  BasePage - Ending of enterEmail method
2026-01-09 00:30:47 INFO  BasePage - Starting of enterPassword method
2026-01-09 00:30:47 INFO  BasePage - Ending of enterPassword method
2026-01-09 00:30:47 INFO  BasePage - Starting of clickOnRememberMe method
2026-01-09 00:30:47 INFO  BasePage - Ending of clickOnRememberMe method
2026-01-09 00:30:47 INFO  BasePage - Starting of clickOnLoginButton method
2026-01-09 00:30:47 INFO  BasePage - Ending of clickOnLoginButton method
2026-01-09 00:30:47 INFO  BaseTest - Ending of testVaildLogin4 method
2026-01-09 00:30:47 INFO  Listeners - Test PassedD_testVaildLogin4
2026-01-09 00:30:48 INFO  BaseTest - Starting of setup method
2026-01-09 00:30:49 INFO  BasePage - Starting of EmployeeDetails constructor
2026-01-09 00:30:49 INFO  BasePage - Ending of EmployeeDetails constructor
2026-01-09 00:30:49 INFO  BasePage - Starting of LoginPage constructor
2026-01-09 00:30:49 INFO  BasePage - Ending of LoginPage constructor
2026-01-09 00:30:49 INFO  BasePage - Starting of LoginPage constructor
2026-01-09 00:30:49 INFO  BasePage - Ending of LoginPage constructor
2026-01-09 00:30:50 INFO  BasePage - Starting of enterEmail method
2026-01-09 00:30:50 INFO  BasePage - Ending of enterEmail method
2026-01-09 00:30:50 INFO  BasePage - Starting of enterPassword method
2026-01-09 00:30:50 INFO  BasePage - Ending of enterPassword method
2026-01-09 00:30:50 INFO  BasePage - Starting of clickOnRememberMe method
2026-01-09 00:30:50 INFO  BasePage - Ending of clickOnRememberMe method
2026-01-09 00:30:50 INFO  BasePage - Starting of clickOnLoginButton method
2026-01-09 00:30:50 INFO  BasePage - Ending of clickOnLoginButton method
2026-01-09 00:30:50 INFO  BaseTest - Ending of setup method
2026-01-09 00:30:50 INFO  Listeners - Test Started  : A_testVaildEmployeeDetails
2026-01-09 00:30:50 INFO  BaseTest - Starting of testVaildEmployeeDetails method
2026-01-09 00:30:50 INFO  BasePage - Starting of getWelcomeToJalaAcademy method
2026-01-09 00:30:50 INFO  BasePage - Ending of getWelcomeToJalaAcademy method
2026-01-09 00:30:50 INFO  BaseTest - Ending of setup method
2026-01-09 00:30:50 INFO  Listeners - Test Started  : A_TestInvaildLogin
2026-01-09 00:30:50 INFO  BaseTest - Starting of TestInvaildLogin method
2026-01-09 00:30:50 INFO  BasePage - Starting of enterEmail method
2026-01-09 00:30:51 INFO  BasePage - Ending of enterEmail method
2026-01-09 00:30:51 INFO  BasePage - Starting of enterPassword method
2026-01-09 00:30:51 INFO  BasePage - Starting of clickOnEmployeeButton method
2026-01-09 00:30:51 INFO  BasePage - Ending of enterPassword method
2026-01-09 00:30:51 INFO  BasePage - Starting of clickOnRememberMe method
2026-01-09 00:30:51 INFO  BasePage - Ending of clickOnRememberMe method
2026-01-09 00:30:51 INFO  BasePage - Starting of clickOnLoginButton method
2026-01-09 00:30:51 INFO  BasePage - Ending of clickOnLoginButton method
2026-01-09 00:30:51 INFO  BaseTest - Ending of TestInvaildLogin method
2026-01-09 00:30:51 INFO  Listeners - Test PassedA_TestInvaildLogin
2026-01-09 00:30:51 INFO  Listeners - Test Started  : B_TestInvaildLogin2
2026-01-09 00:30:51 INFO  BaseTest - Starting of TestInvaildLogin2 method
2026-01-09 00:30:51 INFO  BasePage - Starting of enterEmail method
2026-01-09 00:30:51 INFO  BasePage - Ending of enterEmail method
2026-01-09 00:30:51 INFO  BasePage - Starting of enterPassword method
2026-01-09 00:30:51 INFO  BasePage - Ending of enterPassword method
2026-01-09 00:30:51 INFO  BasePage - Starting of clickOnRememberMe method
2026-01-09 00:30:51 INFO  BasePage - Ending of clickOnRememberMe method
2026-01-09 00:30:51 INFO  BasePage - Starting of clickOnLoginButton method
2026-01-09 00:30:51 INFO  BasePage - Ending of clickOnLoginButton method
2026-01-09 00:30:51 INFO  BaseTest - Ending of TestInvaildLogin2 method
2026-01-09 00:30:51 INFO  Listeners - Test PassedB_TestInvaildLogin2
2026-01-09 00:30:51 INFO  Listeners - Test Started  : C_TestInvaildLogin3
2026-01-09 00:30:51 INFO  BaseTest - Starting of TestInvaildLogin3 method
2026-01-09 00:30:51 INFO  BasePage - Starting of enterEmail method
2026-01-09 00:30:51 INFO  BasePage - Ending of enterEmail method
2026-01-09 00:30:51 INFO  BasePage - Starting of enterPassword method
2026-01-09 00:30:51 INFO  BasePage - Ending of enterPassword method
2026-01-09 00:30:51 INFO  BasePage - Starting of clickOnRememberMe method
2026-01-09 00:30:51 INFO  BasePage - Ending of clickOnRememberMe method
2026-01-09 00:30:51 INFO  BasePage - Starting of clickOnLoginButton method
2026-01-09 00:30:52 INFO  BasePage - Ending of clickOnLoginButton method
2026-01-09 00:30:52 INFO  BaseTest - Ending of TestInvaildLogin3 method
2026-01-09 00:30:52 INFO  Listeners - Test PassedC_TestInvaildLogin3
2026-01-09 00:30:52 INFO  Listeners - Test Started  : D_testVaildLogin4
2026-01-09 00:30:52 INFO  BaseTest - Starting of testVaildLogin4 method
2026-01-09 00:30:52 INFO  BasePage - Starting of enterEmail method
2026-01-09 00:30:52 INFO  BasePage - Ending of enterEmail method
2026-01-09 00:30:52 INFO  BasePage - Starting of enterPassword method
2026-01-09 00:30:52 INFO  BasePage - Ending of enterPassword method
2026-01-09 00:30:52 INFO  BasePage - Starting of clickOnRememberMe method
2026-01-09 00:30:52 INFO  BasePage - Ending of clickOnRememberMe method
2026-01-09 00:30:52 INFO  BasePage - Starting of clickOnLoginButton method
2026-01-09 00:30:52 INFO  BasePage - Ending of clickOnLoginButton method
2026-01-09 00:30:52 INFO  BaseTest - Ending of testVaildLogin4 method
2026-01-09 00:30:52 INFO  Listeners - Test PassedD_testVaildLogin4
2026-01-09 00:30:53 INFO  BasePage - Ending of clickOnEmployeeButton method
2026-01-09 00:30:53 INFO  BasePage - Starting of clickOnCreateButton method
2026-01-09 00:30:53 INFO  BaseTest - Starting of setup method
2026-01-09 00:30:55 INFO  BasePage - Ending of clickOnCreateButton method
2026-01-09 00:30:55 INFO  BasePage - Starting of enterFirstName method
2026-01-09 00:30:55 INFO  BasePage - Ending of enterFirstName method
2026-01-09 00:30:55 INFO  BasePage - Starting of enterFirstName method
2026-01-09 00:30:55 INFO  BasePage - Ending of enterFirstName method
2026-01-09 00:30:55 INFO  BasePage - Starting of enterEmailId method
2026-01-09 00:30:56 INFO  BasePage - Ending of enterEmailId method
2026-01-09 00:30:56 INFO  BasePage - Starting of enterMobileNumber method
2026-01-09 00:30:56 INFO  BasePage - Ending of enterMobileNumber method
2026-01-09 00:30:56 INFO  BasePage - Starting of enterDateOfBirth method
2026-01-09 00:30:56 INFO  BasePage - Ending of enterDateOfBirth method
2026-01-09 00:30:56 INFO  BasePage - Starting of clickOnEmployeeButton method
2026-01-09 00:30:57 INFO  BasePage - Starting of EmployeeDetails constructor
2026-01-09 00:30:57 INFO  BasePage - Ending of EmployeeDetails constructor
2026-01-09 00:30:57 INFO  BasePage - Starting of LoginPage constructor
2026-01-09 00:30:57 INFO  BasePage - Ending of LoginPage constructor
2026-01-09 00:30:58 INFO  BasePage - Starting of enterEmail method
2026-01-09 00:30:58 INFO  BasePage - Ending of enterEmail method
2026-01-09 00:30:58 INFO  BasePage - Starting of enterPassword method
2026-01-09 00:30:58 INFO  BasePage - Ending of enterPassword method
2026-01-09 00:30:58 INFO  BasePage - Starting of clickOnRememberMe method
2026-01-09 00:30:58 INFO  BasePage - Ending of clickOnRememberMe method
2026-01-09 00:30:58 INFO  BasePage - Starting of clickOnLoginButton method
2026-01-09 00:30:58 INFO  BasePage - Ending of clickOnEmployeeButton method
2026-01-09 00:30:58 INFO  BasePage - Starting of enterAddress method
2026-01-09 00:30:58 INFO  BasePage - Ending of clickOnLoginButton method
2026-01-09 00:30:58 INFO  BaseTest - Ending of setup method
2026-01-09 00:30:58 INFO  Listeners - Test Started  : A_testVaildEmployeeDetails
2026-01-09 00:30:58 INFO  BaseTest - Starting of testVaildEmployeeDetails method
2026-01-09 00:30:58 INFO  BasePage - Starting of getWelcomeToJalaAcademy method
2026-01-09 00:30:58 INFO  BasePage - Ending of getWelcomeToJalaAcademy method
2026-01-09 00:30:58 INFO  BasePage - Ending of enterAddress method
2026-01-09 00:30:58 INFO  BasePage - Starting of clickOnSelectCity method
2026-01-09 00:30:58 INFO  BasePage - Ending of clickOnSelectCity method
2026-01-09 00:30:58 INFO  BasePage - Starting of clickOnIndia method
2026-01-09 00:30:58 INFO  BasePage - Starting of clickOnEmployeeButton method
2026-01-09 00:30:59 INFO  BasePage - Ending of clickOnIndia method
2026-01-09 00:31:01 INFO  BasePage - Ending of clickOnEmployeeButton method
2026-01-09 00:31:01 INFO  BasePage - Starting of clickOnCreateButton method
2026-01-09 00:31:02 INFO  BasePage - Starting of clickOnSelectCity method
2026-01-09 00:31:02 INFO  BasePage - Ending of clickOnSelectCity method
2026-01-09 00:31:02 INFO  BasePage - Starting of clickOnHyderabad method
2026-01-09 00:31:02 INFO  BasePage - Ending of clickOnHyderabad method
2026-01-09 00:31:02 INFO  BasePage - Starting of clickOnQaAutomation method
2026-01-09 00:31:02 INFO  BasePage - Ending of clickOnQaAutomation method
2026-01-09 00:31:02 INFO  BasePage - Starting of clickOnIndia method
2026-01-09 00:31:02 INFO  BasePage - Ending of clickOnIndia method
2026-01-09 00:31:02 INFO  BaseTest - Ending of testVaildEmployeeDetails method
2026-01-09 00:31:02 INFO  Listeners - Test PassedA_testVaildEmployeeDetails
2026-01-09 00:31:02 INFO  BaseTest - Starting of setup method
2026-01-09 00:31:03 INFO  BasePage - Ending of clickOnCreateButton method
2026-01-09 00:31:03 INFO  BasePage - Starting of enterFirstName method
2026-01-09 00:31:03 INFO  BasePage - Ending of enterFirstName method
2026-01-09 00:31:03 INFO  BasePage - Starting of enterFirstName method
2026-01-09 00:31:03 INFO  BasePage - Ending of enterFirstName method
2026-01-09 00:31:03 INFO  BasePage - Starting of enterEmailId method
2026-01-09 00:31:03 INFO  BasePage - Ending of enterEmailId method
2026-01-09 00:31:03 INFO  BasePage - Starting of enterMobileNumber method
2026-01-09 00:31:04 INFO  BasePage - Ending of enterMobileNumber method
2026-01-09 00:31:04 INFO  BasePage - Starting of enterDateOfBirth method
2026-01-09 00:31:04 INFO  BasePage - Starting of LoginPage constructor
2026-01-09 00:31:04 INFO  BasePage - Ending of LoginPage constructor
2026-01-09 00:31:04 INFO  BasePage - Starting of EmployeeDetails constructor
2026-01-09 00:31:04 INFO  BasePage - Ending of EmployeeDetails constructor
2026-01-09 00:31:04 INFO  BasePage - Starting of SearchEmployee method
2026-01-09 00:31:04 INFO  BasePage - Ending of SearchEmployee method
2026-01-09 00:31:04 INFO  BasePage - Ending of enterDateOfBirth method
2026-01-09 00:31:04 INFO  BasePage - Starting of clickOnEmployeeButton method
2026-01-09 00:31:05 INFO  BasePage - Starting of enterEmail method
2026-01-09 00:31:05 INFO  BasePage - Ending of enterEmail method
2026-01-09 00:31:05 INFO  BasePage - Starting of enterPassword method
2026-01-09 00:31:05 INFO  BasePage - Ending of enterPassword method
2026-01-09 00:31:05 INFO  BasePage - Starting of clickOnRememberMe method
2026-01-09 00:31:05 INFO  BasePage - Ending of clickOnRememberMe method
2026-01-09 00:31:05 INFO  BasePage - Starting of clickOnLoginButton method
2026-01-09 00:31:05 INFO  BasePage - Ending of clickOnLoginButton method
2026-01-09 00:31:05 INFO  BasePage - Starting of clickOnEmployeeButton method
2026-01-09 00:31:06 INFO  BasePage - Ending of clickOnEmployeeButton method
2026-01-09 00:31:06 INFO  BasePage - Starting of enterAddress method
2026-01-09 00:31:06 INFO  BasePage - Ending of enterAddress method
2026-01-09 00:31:06 INFO  BasePage - Starting of clickOnSelectCity method
2026-01-09 00:31:06 INFO  BasePage - Ending of clickOnSelectCity method
2026-01-09 00:31:06 INFO  BasePage - Starting of clickOnIndia method
2026-01-09 00:31:06 INFO  BasePage - Ending of clickOnIndia method
2026-01-09 00:31:07 INFO  BasePage - Ending of clickOnEmployeeButton method
2026-01-09 00:31:07 INFO  BaseTest - Ending of setup method
2026-01-09 00:31:07 INFO  Listeners - Test Started  : A_testSearchEmployee
2026-01-09 00:31:07 INFO  BaseTest - Starting of testSearchEmployee method
2026-01-09 00:31:09 INFO  BasePage - Starting of clickOnSelectCity method
2026-01-09 00:31:09 INFO  BasePage - Ending of clickOnSelectCity method
2026-01-09 00:31:09 INFO  BasePage - Starting of clickOnHyderabad method
2026-01-09 00:31:09 INFO  BasePage - Ending of clickOnHyderabad method
2026-01-09 00:31:09 INFO  BasePage - Starting of clickOnQaAutomation method
2026-01-09 00:31:10 INFO  BasePage - Ending of clickOnQaAutomation method
2026-01-09 00:31:10 INFO  BasePage - Starting of clickOnIndia method
2026-01-09 00:31:10 INFO  BasePage - Ending of clickOnIndia method
2026-01-09 00:31:10 INFO  BaseTest - Ending of testVaildEmployeeDetails method
2026-01-09 00:31:10 INFO  Listeners - Test PassedA_testVaildEmployeeDetails
2026-01-09 00:31:10 INFO  BasePage - Starting of clickOnSearch method
2026-01-09 00:31:11 INFO  BasePage - Ending of clickOnSearch method
2026-01-09 00:31:11 INFO  BasePage - Starting of enterEmployeeName method
2026-01-09 00:31:11 INFO  BaseTest - Starting of setup method
2026-01-09 00:31:11 INFO  BasePage - Ending of enterEmployeeName method
2026-01-09 00:31:11 INFO  BasePage - Starting of enterPassword method
2026-01-09 00:31:11 INFO  BasePage - Ending of enterPassword method
2026-01-09 00:31:11 INFO  BasePage - Starting of clickOnSearch1 method
2026-01-09 00:31:11 INFO  BasePage - Ending of setup method
2026-01-09 00:31:14 INFO  BaseTest - Ending of testSearchEmployee method
2026-01-09 00:31:14 INFO  Listeners - Test PassedA_testSearchEmployee
2026-01-09 00:31:14 INFO  BasePage - Starting of LoginPage constructor
2026-01-09 00:31:14 INFO  BasePage - Ending of LoginPage constructor
2026-01-09 00:31:14 INFO  BasePage - Starting of EmployeeDetails constructor
2026-01-09 00:31:14 INFO  BasePage - Ending of EmployeeDetails constructor
2026-01-09 00:31:14 INFO  BasePage - Starting of SearchEmployee method
2026-01-09 00:31:14 INFO  BasePage - Ending of SearchEmployee method
2026-01-09 00:31:15 INFO  BaseTest - Starting of setup method
2026-01-09 00:31:16 INFO  BasePage - Starting of enterEmail method
2026-01-09 00:31:16 INFO  BasePage - Starting of MenuPage constructor
2026-01-09 00:31:16 INFO  BasePage - Ending of MenuPage constructor
2026-01-09 00:31:16 INFO  BasePage - Starting of HomePage constructor
2026-01-09 00:31:16 INFO  BasePage - Ending of HomePage constructor
2026-01-09 00:31:16 INFO  BasePage - Starting of LoginPage constructor
2026-01-09 00:31:16 INFO  BasePage - Ending of LoginPage constructor
2026-01-09 00:31:16 INFO  BasePage - Ending of enterEmail method
2026-01-09 00:31:16 INFO  BasePage - Starting of enterPassword method
2026-01-09 00:31:16 INFO  BasePage - Ending of enterPassword method
2026-01-09 00:31:16 INFO  BasePage - Starting of clickOnRememberMe method
2026-01-09 00:31:17 INFO  BasePage - Ending of clickOnRememberMe method
2026-01-09 00:31:17 INFO  BasePage - Starting of clickOnLoginButton method
2026-01-09 00:31:17 INFO  BasePage - Ending of clickOnLoginButton method
2026-01-09 00:31:17 INFO  BasePage - Starting of clickOnEmployeeButton method
2026-01-09 00:31:17 INFO  BasePage - Starting of enterEmail method
2026-01-09 00:31:17 INFO  BasePage - Ending of enterEmail method
2026-01-09 00:31:17 INFO  BasePage - Starting of enterPassword method
2026-01-09 00:31:18 INFO  BasePage - Ending of enterPassword method
2026-01-09 00:31:18 INFO  BasePage - Starting of clickOnRememberMe method
2026-01-09 00:31:18 INFO  BasePage - Ending of clickOnRememberMe method
2026-01-09 00:31:18 INFO  BasePage - Starting of clickOnLoginButton method
2026-01-09 00:31:18 INFO  BasePage - Ending of clickOnLoginButton method
2026-01-09 00:31:18 INFO  BasePage - Starting of clickOnMoreButton method
2026-01-09 00:31:18 INFO  BasePage - Ending of clickOnMoreButton method
2026-01-09 00:31:19 INFO  BasePage - Ending of clickOnEmployeeButton method
2026-01-09 00:31:19 INFO  BaseTest - Ending of setup method
2026-01-09 00:31:19 INFO  Listeners - Test Started  : A_testSearchEmployee
2026-01-09 00:31:19 INFO  BaseTest - Starting of testSearchEmployee method
2026-01-09 00:31:21 INFO  BasePage - Starting of clickOnMenuButton method
2026-01-09 00:31:22 INFO  BasePage - Ending of clickOnMenuButton method
2026-01-09 00:31:22 INFO  BaseTest - Ending of setup method
2026-01-09 00:31:22 INFO  Listeners - Test Started  : A_testMenu
2026-01-09 00:31:22 INFO  BaseTest - Starting of testMenu method
2026-01-09 00:31:22 INFO  BasePage - Starting of clickOnSubMenuButton method
2026-01-09 00:31:22 INFO  BasePage - Ending of clickOnSubMenuButton method
2026-01-09 00:31:22 INFO  BaseTest - Ending of testMenu method
2026-01-09 00:31:22 INFO  Listeners - Test PassedA_testMenu
2026-01-09 00:31:22 INFO  BaseTest - Starting of setup method
2026-01-09 00:31:22 INFO  BasePage - Starting of clickOnSearch method
2026-01-09 00:31:22 INFO  BasePage - Ending of clickOnSearch method
2026-01-09 00:31:22 INFO  BasePage - Starting of enterEmployeeName method
2026-01-09 00:31:23 INFO  BasePage - Ending of enterEmployeeName method
2026-01-09 00:31:23 INFO  BasePage - Starting of enterPassword method
2026-01-09 00:31:23 INFO  BasePage - Starting of IframePage constructor
2026-01-09 00:31:23 INFO  BasePage - Ending of IframePage constructor
2026-01-09 00:31:23 INFO  BasePage - Starting of HomePage constructor
2026-01-09 00:31:23 INFO  BasePage - Ending of HomePage constructor
2026-01-09 00:31:23 INFO  BasePage - Starting of LoginPage constructor
2026-01-09 00:31:23 INFO  BasePage - Ending of LoginPage constructor
2026-01-09 00:31:23 INFO  BasePage - Ending of enterPassword method
2026-01-09 00:31:23 INFO  BasePage - Starting of clickOnSearch1 method
2026-01-09 00:31:23 INFO  BasePage - Ending of setup method
2026-01-09 00:31:24 INFO  BasePage - Starting of enterEmail method
2026-01-09 00:31:24 INFO  BasePage - Ending of enterEmail method
2026-01-09 00:31:24 INFO  BasePage - Starting of enterPassword method
2026-01-09 00:31:24 INFO  BasePage - Ending of enterPassword method
2026-01-09 00:31:24 INFO  BasePage - Starting of clickOnRememberMe method
2026-01-09 00:31:24 INFO  BasePage - Ending of clickOnRememberMe method
2026-01-09 00:31:24 INFO  BasePage - Starting of clickOnLoginButton method
2026-01-09 00:31:24 INFO  BasePage - Ending of clickOnLoginButton method
2026-01-09 00:31:24 INFO  BasePage - Starting of clickOnMoreButton method
2026-01-09 00:31:25 INFO  BasePage - Ending of clickOnMoreButton method
2026-01-09 00:31:26 INFO  BaseTest - Ending of testSearchEmployee method
2026-01-09 00:31:26 INFO  Listeners - Test PassedA_testSearchEmployee
2026-01-09 00:31:27 INFO  BaseTest - Starting of setup method
2026-01-09 00:31:28 INFO  BasePage - Starting of clickOnMenuButton method
2026-01-09 00:31:28 INFO  BasePage - Ending of clickOnMenuButton method
2026-01-09 00:31:28 INFO  BasePage - Starting of clickOnIframeButton method
2026-01-09 00:31:28 INFO  BasePage - Ending of clickOnIframeButton method
2026-01-09 00:31:28 INFO  BaseTest - Ending of setup method
2026-01-09 00:31:28 INFO  Listeners - Test Started  : A_testIframe
2026-01-09 00:31:28 INFO  BaseTest - Starting of testIframe method
2026-01-09 00:31:28 INFO  BasePage - Starting of getFrameOneText method
2026-01-09 00:31:28 INFO  BasePage - Ending of getFrameOneText method
2026-01-09 00:31:28 INFO  BasePage - Starting of getFrameTwoText method
2026-01-09 00:31:28 INFO  BasePage - Ending of getFrameTwoText method
2026-01-09 00:31:28 INFO  BasePage - Starting of getWelcomeToJalaAcademyText method
2026-01-09 00:31:28 INFO  BasePage - Ending of getWelcomeToJalaAcademyText method
2026-01-09 00:31:28 INFO  BaseTest - Ending of testIframe method
2026-01-09 00:31:28 INFO  Listeners - Test PassedA_testIframe
2026-01-09 00:31:29 INFO  BaseTest - Starting of setup method
2026-01-09 00:31:30 INFO  BasePage - Starting of ImagesPage constructor
2026-01-09 00:31:30 INFO  BasePage - Ending of ImagesPage constructor
2026-01-09 00:31:30 INFO  BasePage - Starting of HomePage constructor
2026-01-09 00:31:30 INFO  BasePage - Ending of HomePage constructor
2026-01-09 00:31:30 INFO  BasePage - Starting of LoginPage constructor
2026-01-09 00:31:30 INFO  BasePage - Ending of LoginPage constructor
2026-01-09 00:31:31 INFO  BasePage - Starting of enterEmail method
2026-01-09 00:31:31 INFO  BasePage - Ending of enterEmail method
2026-01-09 00:31:31 INFO  BasePage - Starting of enterPassword method
2026-01-09 00:31:31 INFO  BasePage - Ending of enterPassword method
2026-01-09 00:31:31 INFO  BasePage - Starting of clickOnRememberMe method
2026-01-09 00:31:31 INFO  BasePage - Ending of clickOnRememberMe method
2026-01-09 00:31:31 INFO  BasePage - Starting of clickOnLoginButton method
2026-01-09 00:31:31 INFO  BasePage - Ending of clickOnLoginButton method
2026-01-09 00:31:31 INFO  BasePage - Starting of clickOnMoreButton method
2026-01-09 00:31:32 INFO  BasePage - Ending of clickOnMoreButton method
2026-01-09 00:31:33 INFO  BasePage - Starting of MenuPage constructor
2026-01-09 00:31:33 INFO  BasePage - Ending of MenuPage constructor
2026-01-09 00:31:33 INFO  BasePage - Starting of HomePage constructor
2026-01-09 00:31:33 INFO  BasePage - Ending of HomePage constructor
2026-01-09 00:31:33 INFO  BasePage - Starting of LoginPage constructor
2026-01-09 00:31:33 INFO  BasePage - Ending of LoginPage constructor
2026-01-09 00:31:34 INFO  BasePage - Starting of enterEmail method
2026-01-09 00:31:34 INFO  BasePage - Ending of enterEmail method
2026-01-09 00:31:34 INFO  BasePage - Starting of enterPassword method
2026-01-09 00:31:34 INFO  BasePage - Ending of enterPassword method
2026-01-09 00:31:34 INFO  BasePage - Starting of clickOnRememberMe method
2026-01-09 00:31:34 INFO  BasePage - Ending of clickOnRememberMe method
2026-01-09 00:31:34 INFO  BasePage - Starting of clickOnLoginButton method
2026-01-09 00:31:34 INFO  BasePage - Ending of clickOnLoginButton method
2026-01-09 00:31:34 INFO  BasePage - Starting of clickOnMoreButton method
2026-01-09 00:31:34 INFO  BasePage - Ending of clickOnMoreButton method
2026-01-09 00:31:35 INFO  BasePage - Starting of clickOnImageButton method
2026-01-09 00:31:35 INFO  BasePage - Ending of clickOnImageButton method
2026-01-09 00:31:35 INFO  BaseTest - Ending of setup method
2026-01-09 00:31:35 INFO  Listeners - Test Started  : A_testUploadImages
2026-01-09 00:31:35 INFO  BaseTest - Starting of testUploadImages method
2026-01-09 00:31:35 INFO  BasePage - Starting of uploadImage method
2026-01-09 00:31:35 INFO  BasePage - Ending of uploadImage method
2026-01-09 00:31:37 INFO  BasePage - Starting of clickOnUploadButton method
2026-01-09 00:31:37 INFO  BasePage - Ending of clickOnUploadButton method
2026-01-09 00:31:37 INFO  BasePage - Starting of getImageLabel method
2026-01-09 00:31:37 INFO  BasePage - Ending of getImageLabel method
2026-01-09 00:31:37 INFO  BaseTest - Ending of testUploadImages method
2026-01-09 00:31:37 INFO  Listeners - Test PassedA_testUploadImages
2026-01-09 00:31:37 INFO  BasePage - Starting of clickOnMenuButton method
2026-01-09 00:31:38 INFO  BasePage - Ending of clickOnMenuButton method
2026-01-09 00:31:38 INFO  BaseTest - Ending of setup method
2026-01-09 00:31:38 INFO  Listeners - Test Started  : A_testMenu
2026-01-09 00:31:38 INFO  BaseTest - Starting of testMenu method
2026-01-09 00:31:38 INFO  BasePage - Starting of clickOnSubMenuButton method
2026-01-09 00:31:38 INFO  BasePage - Ending of clickOnSubMenuButton method
2026-01-09 00:31:38 INFO  BaseTest - Ending of testMenu method
2026-01-09 00:31:38 INFO  Listeners - Test PassedA_testMenu
2026-01-09 00:31:39 INFO  BaseTest - Starting of setup method
2026-01-09 00:31:42 INFO  BasePage - Starting of IframePage constructor
2026-01-09 00:31:42 INFO  BasePage - Ending of IframePage constructor
2026-01-09 00:31:42 INFO  BasePage - Starting of HomePage constructor
2026-01-09 00:31:42 INFO  BasePage - Ending of HomePage constructor
2026-01-09 00:31:42 INFO  BasePage - Starting of LoginPage constructor
2026-01-09 00:31:42 INFO  BasePage - Ending of LoginPage constructor
2026-01-09 00:31:42 INFO  BasePage - Starting of enterEmail method
2026-01-09 00:31:43 INFO  BasePage - Ending of enterEmail method
2026-01-09 00:31:43 INFO  BasePage - Starting of enterPassword method
2026-01-09 00:31:43 INFO  BasePage - Ending of enterPassword method
2026-01-09 00:31:43 INFO  BasePage - Starting of clickOnRememberMe method
2026-01-09 00:31:43 INFO  BasePage - Ending of clickOnRememberMe method
2026-01-09 00:31:43 INFO  BasePage - Starting of clickOnLoginButton method
2026-01-09 00:31:43 INFO  BasePage - Ending of clickOnLoginButton method
2026-01-09 00:31:43 INFO  BasePage - Starting of clickOnMoreButton method
2026-01-09 00:31:43 INFO  BasePage - Ending of clickOnMoreButton method
2026-01-09 00:31:46 INFO  BasePage - Starting of clickOnMenuButton method
2026-01-09 00:31:47 INFO  BasePage - Ending of clickOnMenuButton method
2026-01-09 00:31:47 INFO  BasePage - Starting of clickOnIframeButton method
2026-01-09 00:31:47 INFO  BasePage - Ending of clickOnIframeButton method
2026-01-09 00:31:47 INFO  BaseTest - Ending of setup method
2026-01-09 00:31:47 INFO  Listeners - Test Started  : A_testIframe
2026-01-09 00:31:47 INFO  BaseTest - Starting of testIframe method
2026-01-09 00:31:47 INFO  BasePage - Starting of getFrameOneText method
2026-01-09 00:31:47 INFO  BasePage - Ending of getFrameOneText method
2026-01-09 00:31:47 INFO  BasePage - Starting of getFrameTwoText method
2026-01-09 00:31:47 INFO  BasePage - Ending of getFrameTwoText method
2026-01-09 00:31:47 INFO  BasePage - Starting of getWelcomeToJalaAcademyText method
2026-01-09 00:31:47 INFO  BasePage - Ending of getWelcomeToJalaAcademyText method
2026-01-09 00:31:47 INFO  BaseTest - Ending of testIframe method
2026-01-09 00:31:47 INFO  Listeners - Test PassedA_testIframe
2026-01-09 00:31:48 INFO  BaseTest - Starting of setup method
2026-01-09 00:31:52 INFO  BasePage - Starting of ImagesPage constructor
2026-01-09 00:31:52 INFO  BasePage - Ending of ImagesPage constructor
2026-01-09 00:31:52 INFO  BasePage - Starting of HomePage constructor
2026-01-09 00:31:52 INFO  BasePage - Ending of HomePage constructor
2026-01-09 00:31:52 INFO  BasePage - Starting of LoginPage constructor
2026-01-09 00:31:52 INFO  BasePage - Ending of LoginPage constructor
2026-01-09 00:31:52 INFO  BasePage - Starting of enterEmail method
2026-01-09 00:31:52 INFO  BasePage - Ending of enterEmail method
2026-01-09 00:31:52 INFO  BasePage - Starting of enterPassword method
2026-01-09 00:31:52 INFO  BasePage - Ending of enterPassword method
2026-01-09 00:31:52 INFO  BasePage - Starting of clickOnRememberMe method
2026-01-09 00:31:53 INFO  BasePage - Ending of clickOnRememberMe method
2026-01-09 00:31:53 INFO  BasePage - Starting of clickOnLoginButton method
2026-01-09 00:31:53 INFO  BasePage - Ending of clickOnLoginButton method
2026-01-09 00:31:53 INFO  BasePage - Starting of clickOnMoreButton method
2026-01-09 00:31:53 INFO  BasePage - Ending of clickOnMoreButton method
2026-01-09 00:31:56 INFO  BasePage - Starting of clickOnImageButton method
2026-01-09 00:31:56 INFO  BasePage - Ending of clickOnImageButton method
2026-01-09 00:31:56 INFO  BaseTest - Ending of setup method
2026-01-09 00:31:56 INFO  Listeners - Test Started  : A_testUploadImages
2026-01-09 00:31:56 INFO  BaseTest - Starting of testUploadImages method
2026-01-09 00:31:56 INFO  BasePage - Starting of uploadImage method
2026-01-09 00:31:56 INFO  BasePage - Ending of uploadImage method
2026-01-09 00:31:58 INFO  BasePage - Starting of clickOnUploadButton method
2026-01-09 00:31:58 INFO  BasePage - Ending of clickOnUploadButton method
2026-01-09 00:31:58 INFO  BasePage - Starting of getImageLabel method
2026-01-09 00:31:58 INFO  BasePage - Ending of getImageLabel method
2026-01-09 00:31:59 INFO  BaseTest - Ending of testUploadImages method
2026-01-09 00:31:59 INFO  Listeners - Test PassedA_testUploadImages
2026-01-09 00:35:22 INFO  BaseTest - Starting of setup method
2026-01-09 00:35:22 INFO  BaseTest - Starting of setup method
2026-01-09 00:35:23 INFO  BasePage - Starting of LoginPage constructor
2026-01-09 00:35:23 INFO  BasePage - Ending of LoginPage constructor
2026-01-09 00:35:26 INFO  BasePage - Starting of LoginPage constructor
2026-01-09 00:35:26 INFO  BasePage - Ending of LoginPage constructor
2026-01-09 00:35:27 INFO  BaseTest - Ending of setup method
2026-01-09 00:35:27 INFO  Listeners - Test Started  : A_TestInvaildLogin
2026-01-09 00:35:27 INFO  BaseTest - Starting of TestInvaildLogin method
2026-01-09 00:35:27 INFO  BasePage - Starting of enterEmail method
2026-01-09 00:35:28 INFO  BasePage - Ending of enterEmail method
2026-01-09 00:35:28 INFO  BasePage - Starting of enterPassword method
2026-01-09 00:35:28 INFO  BasePage - Ending of enterPassword method
2026-01-09 00:35:28 INFO  BasePage - Starting of clickOnRememberMe method
2026-01-09 00:35:28 INFO  BasePage - Ending of clickOnRememberMe method
2026-01-09 00:35:28 INFO  BasePage - Starting of clickOnLoginButton method
2026-01-09 00:35:28 INFO  BasePage - Ending of clickOnLoginButton method
2026-01-09 00:35:28 INFO  BaseTest - Ending of TestInvaildLogin method
2026-01-09 00:35:28 INFO  Listeners - Test PassedA_TestInvaildLogin
2026-01-09 00:35:28 INFO  BaseTest - Ending of setup method
2026-01-09 00:35:28 INFO  Listeners - Test Started  : A_TestInvaildLogin
2026-01-09 00:35:28 INFO  BaseTest - Starting of TestInvaildLogin method
2026-01-09 00:35:28 INFO  BasePage - Starting of enterEmail method
2026-01-09 00:35:28 INFO  Listeners - Test Started  : B_TestInvaildLogin2
2026-01-09 00:35:28 INFO  BaseTest - Starting of TestInvaildLogin2 method
2026-01-09 00:35:28 INFO  BasePage - Starting of enterEmail method
2026-01-09 00:35:28 INFO  BasePage - Ending of enterEmail method
2026-01-09 00:35:28 INFO  BasePage - Starting of enterPassword method
2026-01-09 00:35:28 INFO  BasePage - Ending of enterPassword method
2026-01-09 00:35:28 INFO  BasePage - Starting of clickOnRememberMe method
2026-01-09 00:35:28 INFO  BasePage - Ending of enterEmail method
2026-01-09 00:35:28 INFO  BasePage - Starting of enterPassword method
2026-01-09 00:35:29 INFO  BasePage - Ending of clickOnRememberMe method
2026-01-09 00:35:29 INFO  BasePage - Starting of clickOnLoginButton method
2026-01-09 00:35:29 INFO  BasePage - Ending of clickOnLoginButton method
2026-01-09 00:35:29 INFO  BaseTest - Ending of TestInvaildLogin method
2026-01-09 00:35:29 INFO  Listeners - Test PassedA_TestInvaildLogin
2026-01-09 00:35:29 INFO  Listeners - Test Started  : B_TestInvaildLogin2
2026-01-09 00:35:29 INFO  BaseTest - Starting of TestInvaildLogin2 method
2026-01-09 00:35:29 INFO  BasePage - Starting of enterEmail method
2026-01-09 00:35:29 INFO  BasePage - Ending of enterPassword method
2026-01-09 00:35:29 INFO  BasePage - Starting of clickOnRememberMe method
2026-01-09 00:35:29 INFO  BasePage - Ending of enterEmail method
2026-01-09 00:35:29 INFO  BasePage - Starting of enterPassword method
2026-01-09 00:35:29 INFO  BasePage - Ending of enterPassword method
2026-01-09 00:35:29 INFO  BasePage - Starting of clickOnRememberMe method
2026-01-09 00:35:29 INFO  BasePage - Ending of clickOnRememberMe method
2026-01-09 00:35:29 INFO  BasePage - Starting of clickOnLoginButton method
2026-01-09 00:35:29 INFO  BasePage - Ending of clickOnRememberMe method
2026-01-09 00:35:29 INFO  BasePage - Starting of clickOnLoginButton method
2026-01-09 00:35:29 INFO  BasePage - Ending of clickOnLoginButton method
2026-01-09 00:35:29 INFO  BaseTest - Ending of TestInvaildLogin2 method
2026-01-09 00:35:29 INFO  Listeners - Test PassedB_TestInvaildLogin2
2026-01-09 00:35:29 INFO  Listeners - Test Started  : C_TestInvaildLogin3
2026-01-09 00:35:29 INFO  BaseTest - Starting of TestInvaildLogin3 method
2026-01-09 00:35:29 INFO  BasePage - Starting of enterEmail method
2026-01-09 00:35:29 INFO  BasePage - Ending of clickOnLoginButton method
2026-01-09 00:35:29 INFO  BaseTest - Ending of TestInvaildLogin2 method
2026-01-09 00:35:29 INFO  Listeners - Test PassedB_TestInvaildLogin2
2026-01-09 00:35:29 INFO  BasePage - Ending of enterEmail method
2026-01-09 00:35:29 INFO  BasePage - Starting of enterPassword method
2026-01-09 00:35:29 INFO  Listeners - Test Started  : C_TestInvaildLogin3
2026-01-09 00:35:29 INFO  BaseTest - Starting of TestInvaildLogin3 method
2026-01-09 00:35:29 INFO  BasePage - Starting of enterEmail method
2026-01-09 00:35:29 INFO  BasePage - Ending of enterPassword method
2026-01-09 00:35:29 INFO  BasePage - Starting of clickOnRememberMe method
2026-01-09 00:35:29 INFO  BasePage - Ending of enterEmail method
2026-01-09 00:35:29 INFO  BasePage - Starting of enterPassword method
2026-01-09 00:35:29 INFO  BasePage - Ending of clickOnRememberMe method
2026-01-09 00:35:29 INFO  BasePage - Starting of clickOnLoginButton method
2026-01-09 00:35:29 INFO  BasePage - Ending of enterPassword method
2026-01-09 00:35:29 INFO  BasePage - Starting of clickOnRememberMe method
2026-01-09 00:35:29 INFO  BasePage - Ending of clickOnLoginButton method
2026-01-09 00:35:29 INFO  BaseTest - Ending of TestInvaildLogin3 method
2026-01-09 00:35:29 INFO  Listeners - Test PassedC_TestInvaildLogin3
2026-01-09 00:35:29 INFO  Listeners - Test Started  : D_testVaildLogin4
2026-01-09 00:35:29 INFO  BaseTest - Starting of testVaildLogin4 method
2026-01-09 00:35:29 INFO  BasePage - Starting of enterEmail method
2026-01-09 00:35:30 INFO  BasePage - Ending of clickOnRememberMe method
2026-01-09 00:35:30 INFO  BasePage - Starting of clickOnLoginButton method
2026-01-09 00:35:30 INFO  BasePage - Ending of enterEmail method
2026-01-09 00:35:30 INFO  BasePage - Starting of enterPassword method
2026-01-09 00:35:30 INFO  BasePage - Ending of enterPassword method
2026-01-09 00:35:30 INFO  BasePage - Starting of clickOnRememberMe method
2026-01-09 00:35:30 INFO  BasePage - Ending of clickOnLoginButton method
2026-01-09 00:35:30 INFO  BaseTest - Ending of TestInvaildLogin3 method
2026-01-09 00:35:30 INFO  Listeners - Test PassedC_TestInvaildLogin3
2026-01-09 00:35:30 INFO  Listeners - Test Started  : D_testVaildLogin4
2026-01-09 00:35:30 INFO  BaseTest - Starting of testVaildLogin4 method
2026-01-09 00:35:30 INFO  BasePage - Starting of enterEmail method
2026-01-09 00:35:30 INFO  BasePage - Ending of clickOnRememberMe method
2026-01-09 00:35:30 INFO  BasePage - Starting of clickOnLoginButton method
2026-01-09 00:35:30 INFO  BasePage - Ending of clickOnLoginButton method
2026-01-09 00:35:30 INFO  BaseTest - Ending of testVaildLogin4 method
2026-01-09 00:35:30 INFO  Listeners - Test PassedD_testVaildLogin4
2026-01-09 00:35:30 INFO  BasePage - Ending of enterEmail method
2026-01-09 00:35:30 INFO  BasePage - Starting of enterPassword method
2026-01-09 00:35:30 INFO  BasePage - Ending of enterPassword method
2026-01-09 00:35:30 INFO  BasePage - Starting of clickOnRememberMe method
2026-01-09 00:35:30 INFO  BasePage - Ending of clickOnRememberMe method
2026-01-09 00:35:30 INFO  BasePage - Starting of clickOnLoginButton method
2026-01-09 00:35:30 INFO  BasePage - Ending of clickOnLoginButton method
2026-01-09 00:35:30 INFO  BaseTest - Ending of testVaildLogin4 method
2026-01-09 00:35:30 INFO  Listeners - Test PassedD_testVaildLogin4
2026-01-09 00:35:30 INFO  BaseTest - Starting of setup method
2026-01-09 00:35:31 INFO  BasePage - Starting of EmployeeDetails constructor
2026-01-09 00:35:31 INFO  BasePage - Ending of EmployeeDetails constructor
2026-01-09 00:35:31 INFO  BasePage - Starting of LoginPage constructor
2026-01-09 00:35:31 INFO  BasePage - Ending of LoginPage constructor
2026-01-09 00:35:31 INFO  BaseTest - Starting of setup method
2026-01-09 00:35:32 INFO  BasePage - Starting of enterEmail method
2026-01-09 00:35:32 INFO  BasePage - Ending of enterEmail method
2026-01-09 00:35:32 INFO  BasePage - Starting of enterPassword method
2026-01-09 00:35:32 INFO  BasePage - Ending of enterPassword method
2026-01-09 00:35:32 INFO  BasePage - Starting of clickOnRememberMe method
2026-01-09 00:35:33 INFO  BasePage - Ending of clickOnRememberMe method
2026-01-09 00:35:33 INFO  BasePage - Starting of clickOnLoginButton method
2026-01-09 00:35:33 INFO  BasePage - Ending of clickOnLoginButton method
2026-01-09 00:35:33 INFO  BaseTest - Ending of setup method
2026-01-09 00:35:33 INFO  Listeners - Test Started  : A_testVaildEmployeeDetails
2026-01-09 00:35:33 INFO  BaseTest - Starting of testVaildEmployeeDetails method
2026-01-09 00:35:33 INFO  BasePage - Starting of getWelcomeToJalaAcademy method
2026-01-09 00:35:33 INFO  BasePage - Ending of getWelcomeToJalaAcademy method
2026-01-09 00:35:33 INFO  BasePage - Starting of clickOnEmployeeButton method
2026-01-09 00:35:35 INFO  BasePage - Starting of EmployeeDetails constructor
2026-01-09 00:35:35 INFO  BasePage - Ending of EmployeeDetails constructor
2026-01-09 00:35:35 INFO  BasePage - Starting of LoginPage constructor
2026-01-09 00:35:35 INFO  BasePage - Ending of LoginPage constructor
2026-01-09 00:35:35 INFO  BasePage - Ending of clickOnEmployeeButton method
2026-01-09 00:35:35 INFO  BasePage - Starting of clickOnCreateButton method
2026-01-09 00:35:36 INFO  BasePage - Starting of enterEmail method
2026-01-09 00:35:36 INFO  BasePage - Ending of enterEmail method
2026-01-09 00:35:36 INFO  BasePage - Starting of enterPassword method
2026-01-09 00:35:36 INFO  BasePage - Ending of enterPassword method
2026-01-09 00:35:36 INFO  BasePage - Starting of clickOnRememberMe method
2026-01-09 00:35:36 INFO  BasePage - Ending of clickOnRememberMe method
2026-01-09 00:35:36 INFO  BasePage - Starting of clickOnLoginButton method
2026-01-09 00:35:37 INFO  BasePage - Ending of clickOnLoginButton method
2026-01-09 00:35:37 INFO  BaseTest - Ending of setup method
2026-01-09 00:35:37 INFO  Listeners - Test Started  : A_testVaildEmployeeDetails
2026-01-09 00:35:37 INFO  BaseTest - Starting of testVaildEmployeeDetails method
2026-01-09 00:35:37 INFO  BasePage - Starting of getWelcomeToJalaAcademy method
2026-01-09 00:35:37 INFO  BasePage - Ending of getWelcomeToJalaAcademy method
2026-01-09 00:35:37 INFO  BasePage - Starting of clickOnEmployeeButton method
2026-01-09 00:35:37 INFO  BasePage - Ending of clickOnCreateButton method
2026-01-09 00:35:37 INFO  BasePage - Starting of enterFirstName method
2026-01-09 00:35:38 INFO  BasePage - Ending of enterFirstName method
2026-01-09 00:35:38 INFO  BasePage - Starting of enterFirstName method
2026-01-09 00:35:38 INFO  BasePage - Ending of enterFirstName method
2026-01-09 00:35:38 INFO  BasePage - Starting of enterEmailId method
2026-01-09 00:35:38 INFO  BasePage - Ending of enterEmailId method
2026-01-09 00:35:38 INFO  BasePage - Starting of enterMobileNumber method
2026-01-09 00:35:38 INFO  BasePage - Ending of enterMobileNumber method
2026-01-09 00:35:38 INFO  BasePage - Starting of enterDateOfBirth method
2026-01-09 00:35:38 INFO  BasePage - Ending of enterDateOfBirth method
2026-01-09 00:35:38 INFO  BasePage - Starting of clickOnEmployeeButton method
2026-01-09 00:35:39 INFO  BasePage - Ending of clickOnEmployeeButton method
2026-01-09 00:35:39 INFO  BasePage - Starting of clickOnCreateButton method
2026-01-09 00:35:40 INFO  BasePage - Ending of clickOnEmployeeButton method
2026-01-09 00:35:40 INFO  BasePage - Starting of enterAddress method
2026-01-09 00:35:40 INFO  BasePage - Ending of enterAddress method
2026-01-09 00:35:40 INFO  BasePage - Starting of clickOnSelectCity method
2026-01-09 00:35:40 INFO  BasePage - Ending of clickOnSelectCity method
2026-01-09 00:35:40 INFO  BasePage - Starting of clickOnIndia method
2026-01-09 00:35:41 INFO  BasePage - Ending of clickOnIndia method
2026-01-09 00:35:41 INFO  BasePage - Ending of clickOnCreateButton method
2026-01-09 00:35:41 INFO  BasePage - Starting of enterFirstName method
2026-01-09 00:35:41 INFO  BasePage - Ending of enterFirstName method
2026-01-09 00:35:41 INFO  BasePage - Starting of enterFirstName method
2026-01-09 00:35:41 INFO  BasePage - Ending of enterFirstName method
2026-01-09 00:35:41 INFO  BasePage - Starting of enterEmailId method
2026-01-09 00:35:41 INFO  BasePage - Ending of enterEmailId method
2026-01-09 00:35:41 INFO  BasePage - Starting of enterMobileNumber method
2026-01-09 00:35:41 INFO  BasePage - Ending of enterMobileNumber method
2026-01-09 00:35:41 INFO  BasePage - Starting of enterDateOfBirth method
2026-01-09 00:35:42 INFO  BasePage - Ending of enterDateOfBirth method
2026-01-09 00:35:42 INFO  BasePage - Starting of clickOnEmployeeButton method
2026-01-09 00:35:44 INFO  BasePage - Starting of clickOnSelectCity method
2026-01-09 00:35:44 INFO  BasePage - Ending of clickOnEmployeeButton method
2026-01-09 00:35:44 INFO  BasePage - Starting of enterAddress method
2026-01-09 00:35:44 INFO  BasePage - Ending of clickOnSelectCity method
2026-01-09 00:35:44 INFO  BasePage - Starting of clickOnHyderabad method
2026-01-09 00:35:44 INFO  BasePage - Ending of enterAddress method
2026-01-09 00:35:44 INFO  BasePage - Starting of clickOnSelectCity method
2026-01-09 00:35:44 INFO  BasePage - Ending of clickOnHyderabad method
2026-01-09 00:35:44 INFO  BasePage - Starting of clickOnQaAutomation method
2026-01-09 00:35:44 INFO  BasePage - Ending of clickOnQaAutomation method
2026-01-09 00:35:44 INFO  BasePage - Starting of clickOnIndia method
2026-01-09 00:35:44 INFO  BasePage - Ending of clickOnIndia method
2026-01-09 00:35:44 INFO  BaseTest - Ending of testVaildEmployeeDetails method
2026-01-09 00:35:44 INFO  Listeners - Test PassedA_testVaildEmployeeDetails
2026-01-09 00:35:44 INFO  BasePage - Ending of clickOnSelectCity method
2026-01-09 00:35:44 INFO  BasePage - Starting of clickOnIndia method
2026-01-09 00:35:44 INFO  BasePage - Ending of clickOnIndia method
2026-01-09 00:35:44 INFO  BaseTest - Starting of setup method
2026-01-09 00:35:45 INFO  BasePage - Starting of LoginPage constructor
2026-01-09 00:35:45 INFO  BasePage - Ending of LoginPage constructor
2026-01-09 00:35:45 INFO  BasePage - Starting of EmployeeDetails constructor
2026-01-09 00:35:45 INFO  BasePage - Ending of EmployeeDetails constructor
2026-01-09 00:35:45 INFO  BasePage - Starting of SearchEmployee method
2026-01-09 00:35:45 INFO  BasePage - Ending of SearchEmployee method
2026-01-09 00:35:46 INFO  BasePage - Starting of enterEmail method
2026-01-09 00:35:46 INFO  BasePage - Ending of enterEmail method
2026-01-09 00:35:46 INFO  BasePage - Starting of enterPassword method
2026-01-09 00:35:46 INFO  BasePage - Ending of enterPassword method
2026-01-09 00:35:46 INFO  BasePage - Starting of clickOnRememberMe method
2026-01-09 00:35:46 INFO  BasePage - Ending of clickOnRememberMe method
2026-01-09 00:35:46 INFO  BasePage - Starting of clickOnLoginButton method
2026-01-09 00:35:46 INFO  BasePage - Ending of clickOnLoginButton method
2026-01-09 00:35:46 INFO  BasePage - Starting of clickOnEmployeeButton method
2026-01-09 00:35:47 INFO  BasePage - Starting of clickOnSelectCity method
2026-01-09 00:35:47 INFO  BasePage - Ending of clickOnSelectCity method
2026-01-09 00:35:47 INFO  BasePage - Starting of clickOnHyderabad method
2026-01-09 00:35:47 INFO  BasePage - Ending of clickOnHyderabad method
2026-01-09 00:35:47 INFO  BasePage - Starting of clickOnQaAutomation method
2026-01-09 00:35:47 INFO  BasePage - Ending of clickOnQaAutomation method
2026-01-09 00:35:47 INFO  BasePage - Starting of clickOnIndia method
2026-01-09 00:35:48 INFO  BasePage - Ending of clickOnIndia method
2026-01-09 00:35:48 INFO  BaseTest - Ending of testVaildEmployeeDetails method
2026-01-09 00:35:48 INFO  Listeners - Test PassedA_testVaildEmployeeDetails
2026-01-09 00:35:49 INFO  BasePage - Ending of clickOnEmployeeButton method
2026-01-09 00:35:49 INFO  BaseTest - Ending of setup method
2026-01-09 00:35:49 INFO  Listeners - Test Started  : A_testSearchEmployee
2026-01-09 00:35:49 INFO  BaseTest - Starting of testSearchEmployee method
2026-01-09 00:35:49 INFO  BaseTest - Starting of setup method
2026-01-09 00:35:52 INFO  BasePage - Starting of clickOnSearch method
2026-01-09 00:35:52 INFO  BasePage - Starting of LoginPage constructor
2026-01-09 00:35:52 INFO  BasePage - Ending of LoginPage constructor
2026-01-09 00:35:52 INFO  BasePage - Starting of EmployeeDetails constructor
2026-01-09 00:35:52 INFO  BasePage - Ending of EmployeeDetails constructor
2026-01-09 00:35:52 INFO  BasePage - Starting of SearchEmployee method
2026-01-09 00:35:52 INFO  BasePage - Ending of SearchEmployee method
2026-01-09 00:35:52 INFO  BasePage - Ending of clickOnSearch method
2026-01-09 00:35:52 INFO  BasePage - Starting of enterEmployeeName method
2026-01-09 00:35:53 INFO  BasePage - Ending of enterEmployeeName method
2026-01-09 00:35:53 INFO  BasePage - Starting of enterPassword method
2026-01-09 00:35:53 INFO  BasePage - Ending of enterPassword method
2026-01-09 00:35:53 INFO  BasePage - Starting of clickOnSearch1 method
2026-01-09 00:35:53 INFO  BasePage - Ending of setup method
2026-01-09 00:35:53 INFO  BasePage - Starting of enterEmail method
2026-01-09 00:35:53 INFO  BasePage - Ending of enterEmail method
2026-01-09 00:35:53 INFO  BasePage - Starting of enterPassword method
2026-01-09 00:35:53 INFO  BasePage - Ending of enterPassword method
2026-01-09 00:35:53 INFO  BasePage - Starting of clickOnRememberMe method
2026-01-09 00:35:53 INFO  BasePage - Ending of clickOnRememberMe method
2026-01-09 00:35:53 INFO  BasePage - Starting of clickOnLoginButton method
2026-01-09 00:35:54 INFO  BasePage - Ending of clickOnLoginButton method
2026-01-09 00:35:54 INFO  BasePage - Starting of clickOnEmployeeButton method
2026-01-09 00:35:56 INFO  BasePage - Ending of clickOnEmployeeButton method
2026-01-09 00:35:56 INFO  BaseTest - Ending of setup method
2026-01-09 00:35:56 INFO  Listeners - Test Started  : A_testSearchEmployee
2026-01-09 00:35:56 INFO  BaseTest - Starting of testSearchEmployee method
2026-01-09 00:35:56 INFO  BaseTest - Ending of testSearchEmployee method
2026-01-09 00:35:56 INFO  Listeners - Test PassedA_testSearchEmployee
2026-01-09 00:35:56 INFO  BaseTest - Starting of setup method
2026-01-09 00:35:57 INFO  BasePage - Starting of MenuPage constructor
2026-01-09 00:35:57 INFO  BasePage - Ending of MenuPage constructor
2026-01-09 00:35:57 INFO  BasePage - Starting of HomePage constructor
2026-01-09 00:35:57 INFO  BasePage - Ending of HomePage constructor
2026-01-09 00:35:57 INFO  BasePage - Starting of LoginPage constructor
2026-01-09 00:35:57 INFO  BasePage - Ending of LoginPage constructor
2026-01-09 00:35:58 INFO  BasePage - Starting of enterEmail method
2026-01-09 00:35:58 INFO  BasePage - Ending of enterEmail method
2026-01-09 00:35:58 INFO  BasePage - Starting of enterPassword method
2026-01-09 00:35:58 INFO  BasePage - Ending of enterPassword method
2026-01-09 00:35:58 INFO  BasePage - Starting of clickOnRememberMe method
2026-01-09 00:35:58 INFO  BasePage - Ending of clickOnRememberMe method
2026-01-09 00:35:58 INFO  BasePage - Starting of clickOnLoginButton method
2026-01-09 00:35:58 INFO  BasePage - Ending of clickOnLoginButton method
2026-01-09 00:35:58 INFO  BasePage - Starting of clickOnMoreButton method
2026-01-09 00:35:59 INFO  BasePage - Starting of clickOnSearch method
2026-01-09 00:35:59 INFO  BasePage - Ending of clickOnMoreButton method
2026-01-09 00:36:00 INFO  BasePage - Ending of clickOnSearch method
2026-01-09 00:36:00 INFO  BasePage - Starting of enterEmployeeName method
2026-01-09 00:36:00 INFO  BasePage - Ending of enterEmployeeName method
2026-01-09 00:36:00 INFO  BasePage - Starting of enterPassword method
2026-01-09 00:36:00 INFO  BasePage - Ending of enterPassword method
2026-01-09 00:36:00 INFO  BasePage - Starting of clickOnSearch1 method
2026-01-09 00:36:00 INFO  BasePage - Ending of setup method
2026-01-09 00:36:02 INFO  BasePage - Starting of clickOnMenuButton method
2026-01-09 00:36:02 INFO  BasePage - Ending of clickOnMenuButton method
2026-01-09 00:36:02 INFO  BaseTest - Ending of setup method
2026-01-09 00:36:02 INFO  Listeners - Test Started  : A_testMenu
2026-01-09 00:36:02 INFO  BaseTest - Starting of testMenu method
2026-01-09 00:36:02 INFO  BasePage - Starting of clickOnSubMenuButton method
2026-01-09 00:36:02 INFO  BasePage - Ending of clickOnSubMenuButton method
2026-01-09 00:36:02 INFO  BaseTest - Ending of testMenu method
2026-01-09 00:36:02 INFO  Listeners - Test PassedA_testMenu
2026-01-09 00:36:02 INFO  BaseTest - Starting of setup method
2026-01-09 00:36:03 INFO  BaseTest - Ending of testSearchEmployee method
2026-01-09 00:36:03 INFO  Listeners - Test PassedA_testSearchEmployee
2026-01-09 00:36:03 INFO  BasePage - Starting of IframePage constructor
2026-01-09 00:36:03 INFO  BasePage - Ending of IframePage constructor
2026-01-09 00:36:03 INFO  BasePage - Starting of HomePage constructor
2026-01-09 00:36:03 INFO  BasePage - Ending of HomePage constructor
2026-01-09 00:36:03 INFO  BasePage - Starting of LoginPage constructor
2026-01-09 00:36:03 INFO  BasePage - Ending of LoginPage constructor
2026-01-09 00:36:03 INFO  BasePage - Starting of enterEmail method
2026-01-09 00:36:04 INFO  BaseTest - Starting of setup method
2026-01-09 00:36:05 INFO  BasePage - Ending of enterEmail method
2026-01-09 00:36:05 INFO  BasePage - Starting of enterPassword method
2026-01-09 00:36:05 INFO  BasePage - Ending of enterPassword method
2026-01-09 00:36:05 INFO  BasePage - Starting of clickOnRememberMe method
2026-01-09 00:36:05 INFO  BasePage - Ending of clickOnRememberMe method
2026-01-09 00:36:05 INFO  BasePage - Starting of clickOnLoginButton method
2026-01-09 00:36:05 INFO  BasePage - Ending of clickOnLoginButton method
2026-01-09 00:36:05 INFO  BasePage - Starting of clickOnMoreButton method
2026-01-09 00:36:06 INFO  BasePage - Ending of clickOnMoreButton method
2026-01-09 00:36:09 INFO  BasePage - Starting of MenuPage constructor
2026-01-09 00:36:09 INFO  BasePage - Ending of MenuPage constructor
2026-01-09 00:36:09 INFO  BasePage - Starting of HomePage constructor
2026-01-09 00:36:09 INFO  BasePage - Ending of HomePage constructor
2026-01-09 00:36:09 INFO  BasePage - Starting of LoginPage constructor
2026-01-09 00:36:09 INFO  BasePage - Ending of LoginPage constructor
2026-01-09 00:36:09 INFO  BasePage - Starting of clickOnMenuButton method
2026-01-09 00:36:09 INFO  BasePage - Ending of clickOnMenuButton method
2026-01-09 00:36:09 INFO  BasePage - Starting of clickOnIframeButton method
2026-01-09 00:36:10 INFO  BasePage - Ending of clickOnIframeButton method
2026-01-09 00:36:10 INFO  BaseTest - Ending of setup method
2026-01-09 00:36:10 INFO  Listeners - Test Started  : A_testIframe
2026-01-09 00:36:10 INFO  BaseTest - Starting of testIframe method
2026-01-09 00:36:10 INFO  BasePage - Starting of getFrameOneText method
2026-01-09 00:36:10 INFO  BasePage - Ending of getFrameOneText method
2026-01-09 00:36:10 INFO  BasePage - Starting of enterEmail method
2026-01-09 00:36:10 INFO  BasePage - Starting of getFrameTwoText method
2026-01-09 00:36:10 INFO  BasePage - Ending of getFrameTwoText method
2026-01-09 00:36:10 INFO  BasePage - Starting of getWelcomeToJalaAcademyText method
2026-01-09 00:36:10 INFO  BasePage - Ending of getWelcomeToJalaAcademyText method
2026-01-09 00:36:10 INFO  BaseTest - Ending of testIframe method
2026-01-09 00:36:10 INFO  Listeners - Test PassedA_testIframe
2026-01-09 00:36:10 INFO  BasePage - Ending of enterEmail method
2026-01-09 00:36:10 INFO  BasePage - Starting of enterPassword method
2026-01-09 00:36:10 INFO  BasePage - Ending of enterPassword method
2026-01-09 00:36:10 INFO  BasePage - Starting of clickOnRememberMe method
2026-01-09 00:36:11 INFO  BasePage - Ending of clickOnRememberMe method
2026-01-09 00:36:11 INFO  BasePage - Starting of clickOnLoginButton method
2026-01-09 00:36:11 INFO  BaseTest - Starting of setup method
2026-01-09 00:36:11 INFO  BasePage - Ending of clickOnLoginButton method
2026-01-09 00:36:11 INFO  BasePage - Starting of clickOnMoreButton method
2026-01-09 00:36:12 INFO  BasePage - Ending of clickOnMoreButton method
2026-01-09 00:36:12 INFO  BasePage - Starting of ImagesPage constructor
2026-01-09 00:36:12 INFO  BasePage - Ending of ImagesPage constructor
2026-01-09 00:36:12 INFO  BasePage - Starting of HomePage constructor
2026-01-09 00:36:12 INFO  BasePage - Ending of HomePage constructor
2026-01-09 00:36:12 INFO  BasePage - Starting of LoginPage constructor
2026-01-09 00:36:12 INFO  BasePage - Ending of LoginPage constructor
2026-01-09 00:36:13 INFO  BasePage - Starting of enterEmail method
2026-01-09 00:36:13 INFO  BasePage - Ending of enterEmail method
2026-01-09 00:36:13 INFO  BasePage - Starting of enterPassword method
2026-01-09 00:36:13 INFO  BasePage - Ending of enterPassword method
2026-01-09 00:36:13 INFO  BasePage - Starting of clickOnRememberMe method
2026-01-09 00:36:13 INFO  BasePage - Ending of clickOnRememberMe method
2026-01-09 00:36:13 INFO  BasePage - Starting of clickOnLoginButton method
2026-01-09 00:36:13 INFO  BasePage - Ending of clickOnLoginButton method
2026-01-09 00:36:13 INFO  BasePage - Starting of clickOnMoreButton method
2026-01-09 00:36:14 INFO  BasePage - Ending of clickOnMoreButton method
2026-01-09 00:36:15 INFO  BasePage - Starting of clickOnMenuButton method
2026-01-09 00:36:15 INFO  BasePage - Ending of clickOnMenuButton method
2026-01-09 00:36:15 INFO  BaseTest - Ending of setup method
2026-01-09 00:36:15 INFO  Listeners - Test Started  : A_testMenu
2026-01-09 00:36:15 INFO  BaseTest - Starting of testMenu method
2026-01-09 00:36:15 INFO  BasePage - Starting of clickOnSubMenuButton method
2026-01-09 00:36:15 INFO  BasePage - Ending of clickOnSubMenuButton method
2026-01-09 00:36:15 INFO  BaseTest - Ending of testMenu method
2026-01-09 00:36:15 INFO  Listeners - Test PassedA_testMenu
2026-01-09 00:36:16 INFO  BaseTest - Starting of setup method
2026-01-09 00:36:17 INFO  BasePage - Starting of clickOnImageButton method
2026-01-09 00:36:17 INFO  BasePage - Ending of clickOnImageButton method
2026-01-09 00:36:17 INFO  BaseTest - Ending of setup method
2026-01-09 00:36:17 INFO  Listeners - Test Started  : A_testUploadImages
2026-01-09 00:36:17 INFO  BaseTest - Starting of testUploadImages method
2026-01-09 00:36:17 INFO  BasePage - Starting of uploadImage method
2026-01-09 00:36:17 INFO  BasePage - Ending of uploadImage method
2026-01-09 00:36:19 INFO  BasePage - Starting of clickOnUploadButton method
2026-01-09 00:36:19 INFO  BasePage - Ending of clickOnUploadButton method
2026-01-09 00:36:19 INFO  BasePage - Starting of getImageLabel method
2026-01-09 00:36:19 INFO  BasePage - Ending of getImageLabel method
2026-01-09 00:36:19 INFO  BaseTest - Ending of testUploadImages method
2026-01-09 00:36:19 INFO  Listeners - Test PassedA_testUploadImages
2026-01-09 00:36:20 INFO  BasePage - Starting of IframePage constructor
2026-01-09 00:36:20 INFO  BasePage - Ending of IframePage constructor
2026-01-09 00:36:20 INFO  BasePage - Starting of HomePage constructor
2026-01-09 00:36:20 INFO  BasePage - Ending of HomePage constructor
2026-01-09 00:36:20 INFO  BasePage - Starting of LoginPage constructor
2026-01-09 00:36:20 INFO  BasePage - Ending of LoginPage constructor
2026-01-09 00:36:20 INFO  BasePage - Starting of enterEmail method
2026-01-09 00:36:21 INFO  BasePage - Ending of enterEmail method
2026-01-09 00:36:21 INFO  BasePage - Starting of enterPassword method
2026-01-09 00:36:21 INFO  BasePage - Ending of enterPassword method
2026-01-09 00:36:21 INFO  BasePage - Starting of clickOnRememberMe method
2026-01-09 00:36:21 INFO  BasePage - Ending of clickOnRememberMe method
2026-01-09 00:36:21 INFO  BasePage - Starting of clickOnLoginButton method
2026-01-09 00:36:21 INFO  BasePage - Ending of clickOnLoginButton method
2026-01-09 00:36:21 INFO  BasePage - Starting of clickOnMoreButton method
2026-01-09 00:36:21 INFO  BasePage - Ending of clickOnMoreButton method
2026-01-09 00:36:24 INFO  BasePage - Starting of clickOnMenuButton method
2026-01-09 00:36:25 INFO  BasePage - Ending of clickOnMenuButton method
2026-01-09 00:36:25 INFO  BasePage - Starting of clickOnIframeButton method
2026-01-09 00:36:25 INFO  BasePage - Ending of clickOnIframeButton method
2026-01-09 00:36:25 INFO  BaseTest - Ending of setup method
2026-01-09 00:36:25 INFO  Listeners - Test Started  : A_testIframe
2026-01-09 00:36:25 INFO  BaseTest - Starting of testIframe method
2026-01-09 00:36:25 INFO  BasePage - Starting of getFrameOneText method
2026-01-09 00:36:25 INFO  BasePage - Ending of getFrameOneText method
2026-01-09 00:36:25 INFO  BasePage - Starting of getFrameTwoText method
2026-01-09 00:36:25 INFO  BasePage - Ending of getFrameTwoText method
2026-01-09 00:36:25 INFO  BasePage - Starting of getWelcomeToJalaAcademyText method
2026-01-09 00:36:25 INFO  BasePage - Ending of getWelcomeToJalaAcademyText method
2026-01-09 00:36:25 INFO  BaseTest - Ending of testIframe method
2026-01-09 00:36:25 INFO  Listeners - Test PassedA_testIframe
2026-01-09 00:36:26 INFO  BaseTest - Starting of setup method
2026-01-09 00:36:29 INFO  BasePage - Starting of ImagesPage constructor
2026-01-09 00:36:29 INFO  BasePage - Ending of ImagesPage constructor
2026-01-09 00:36:29 INFO  BasePage - Starting of HomePage constructor
2026-01-09 00:36:29 INFO  BasePage - Ending of HomePage constructor
2026-01-09 00:36:29 INFO  BasePage - Starting of LoginPage constructor
2026-01-09 00:36:29 INFO  BasePage - Ending of LoginPage constructor
2026-01-09 00:36:30 INFO  BasePage - Starting of enterEmail method
2026-01-09 00:36:30 INFO  BasePage - Ending of enterEmail method
2026-01-09 00:36:30 INFO  BasePage - Starting of enterPassword method
2026-01-09 00:36:30 INFO  BasePage - Ending of enterPassword method
2026-01-09 00:36:30 INFO  BasePage - Starting of clickOnRememberMe method
2026-01-09 00:36:31 INFO  BasePage - Ending of clickOnRememberMe method
2026-01-09 00:36:31 INFO  BasePage - Starting of clickOnLoginButton method
2026-01-09 00:36:31 INFO  BasePage - Ending of clickOnLoginButton method
2026-01-09 00:36:31 INFO  BasePage - Starting of clickOnMoreButton method
2026-01-09 00:36:31 INFO  BasePage - Ending of clickOnMoreButton method
2026-01-09 00:36:34 INFO  BasePage - Starting of clickOnImageButton method
2026-01-09 00:36:34 INFO  BasePage - Ending of clickOnImageButton method
2026-01-09 00:36:34 INFO  BaseTest - Ending of setup method
2026-01-09 00:36:34 INFO  Listeners - Test Started  : A_testUploadImages
2026-01-09 00:36:34 INFO  BaseTest - Starting of testUploadImages method
2026-01-09 00:36:34 INFO  BasePage - Starting of uploadImage method
2026-01-09 00:36:34 INFO  BasePage - Ending of uploadImage method
2026-01-09 00:36:36 INFO  BasePage - Starting of clickOnUploadButton method
2026-01-09 00:36:36 INFO  BasePage - Ending of clickOnUploadButton method
2026-01-09 00:36:36 INFO  BasePage - Starting of getImageLabel method
2026-01-09 00:36:36 INFO  BasePage - Ending of getImageLabel method
2026-01-09 00:36:36 INFO  BaseTest - Ending of testUploadImages method
2026-01-09 00:36:36 INFO  Listeners - Test PassedA_testUploadImages
2026-01-12 23:52:01 INFO  BaseTest - Starting of setup method
2026-01-12 23:52:01 INFO  BaseTest - Starting of setup method
2026-01-12 23:52:09 INFO  BasePage - Starting of LoginPage constructor
2026-01-12 23:52:09 INFO  BasePage - Ending of LoginPage constructor
2026-01-12 23:52:12 INFO  BaseTest - Ending of setup method
2026-01-12 23:52:12 INFO  Listeners - Test Started  : A_TestInvaildLogin
2026-01-12 23:52:12 INFO  BaseTest - Starting of TestInvaildLogin method
2026-01-12 23:52:12 INFO  BasePage - Starting of enterEmail method
2026-01-12 23:52:12 INFO  BasePage - Starting of sendKeys method
2026-01-12 23:52:13 INFO  BasePage - Ending of sendKeys method
2026-01-12 23:52:13 INFO  BasePage - Ending of enterEmail method
2026-01-12 23:52:13 INFO  BasePage - Starting of enterPassword method
2026-01-12 23:52:13 INFO  BasePage - Starting of sendKeys method
2026-01-12 23:52:13 INFO  BasePage - Ending of sendKeys method
2026-01-12 23:52:13 INFO  BasePage - Ending of enterPassword method
2026-01-12 23:52:13 INFO  BasePage - Starting of clickOnRememberMe method
2026-01-12 23:52:13 INFO  BasePage - Starting of click method
2026-01-12 23:52:13 INFO  BasePage - Ending of click method
2026-01-12 23:52:13 INFO  BasePage - Ending of clickOnRememberMe method
2026-01-12 23:52:13 INFO  BasePage - Starting of clickOnLoginButton method
2026-01-12 23:52:13 INFO  BasePage - Starting of click method
2026-01-12 23:52:13 INFO  BasePage - Ending of click method
2026-01-12 23:52:13 INFO  BasePage - Ending of clickOnLoginButton method
2026-01-12 23:52:13 INFO  BaseTest - Ending of TestInvaildLogin method
2026-01-12 23:52:13 INFO  Listeners - Test PassedA_TestInvaildLogin
2026-01-12 23:52:13 INFO  Listeners - Test Started  : B_TestInvaildLogin2
2026-01-12 23:52:13 INFO  BaseTest - Starting of TestInvaildLogin2 method
2026-01-12 23:52:13 INFO  BasePage - Starting of enterEmail method
2026-01-12 23:52:13 INFO  BasePage - Starting of sendKeys method
2026-01-12 23:52:14 INFO  BasePage - Ending of sendKeys method
2026-01-12 23:52:14 INFO  BasePage - Ending of enterEmail method
2026-01-12 23:52:14 INFO  BasePage - Starting of enterPassword method
2026-01-12 23:52:14 INFO  BasePage - Starting of sendKeys method
2026-01-12 23:52:14 INFO  BasePage - Ending of sendKeys method
2026-01-12 23:52:14 INFO  BasePage - Ending of enterPassword method
2026-01-12 23:52:14 INFO  BasePage - Starting of clickOnRememberMe method
2026-01-12 23:52:14 INFO  BasePage - Starting of click method
2026-01-12 23:52:14 INFO  BasePage - Ending of click method
2026-01-12 23:52:14 INFO  BasePage - Ending of clickOnRememberMe method
2026-01-12 23:52:14 INFO  BasePage - Starting of clickOnLoginButton method
2026-01-12 23:52:14 INFO  BasePage - Starting of click method
2026-01-12 23:52:14 INFO  BasePage - Ending of click method
2026-01-12 23:52:14 INFO  BasePage - Ending of clickOnLoginButton method
2026-01-12 23:52:14 INFO  BaseTest - Ending of TestInvaildLogin2 method
2026-01-12 23:52:14 INFO  Listeners - Test PassedB_TestInvaildLogin2
2026-01-12 23:52:14 INFO  Listeners - Test Started  : C_TestInvaildLogin3
2026-01-12 23:52:14 INFO  BaseTest - Starting of TestInvaildLogin3 method
2026-01-12 23:52:14 INFO  BasePage - Starting of enterEmail method
2026-01-12 23:52:14 INFO  BasePage - Starting of sendKeys method
2026-01-12 23:52:14 INFO  BasePage - Ending of sendKeys method
2026-01-12 23:52:14 INFO  BasePage - Ending of enterEmail method
2026-01-12 23:52:14 INFO  BasePage - Starting of enterPassword method
2026-01-12 23:52:14 INFO  BasePage - Starting of sendKeys method
2026-01-12 23:52:14 INFO  BasePage - Ending of sendKeys method
2026-01-12 23:52:14 INFO  BasePage - Ending of enterPassword method
2026-01-12 23:52:14 INFO  BasePage - Starting of clickOnRememberMe method
2026-01-12 23:52:14 INFO  BasePage - Starting of click method
2026-01-12 23:52:15 INFO  BasePage - Ending of click method
2026-01-12 23:52:15 INFO  BasePage - Ending of clickOnRememberMe method
2026-01-12 23:52:15 INFO  BasePage - Starting of clickOnLoginButton method
2026-01-12 23:52:15 INFO  BasePage - Starting of click method
2026-01-12 23:52:15 INFO  BasePage - Starting of LoginPage constructor
2026-01-12 23:52:15 INFO  BasePage - Ending of LoginPage constructor
2026-01-12 23:52:15 INFO  BasePage - Ending of click method
2026-01-12 23:52:15 INFO  BasePage - Ending of clickOnLoginButton method
2026-01-12 23:52:15 INFO  BaseTest - Ending of TestInvaildLogin3 method
2026-01-12 23:52:15 INFO  Listeners - Test PassedC_TestInvaildLogin3
2026-01-12 23:52:15 INFO  Listeners - Test Started  : D_testVaildLogin4
2026-01-12 23:52:15 INFO  BaseTest - Starting of testVaildLogin4 method
2026-01-12 23:52:15 INFO  BasePage - Starting of enterEmail method
2026-01-12 23:52:15 INFO  BasePage - Starting of sendKeys method
2026-01-12 23:52:15 INFO  BasePage - Ending of sendKeys method
2026-01-12 23:52:15 INFO  BasePage - Ending of enterEmail method
2026-01-12 23:52:15 INFO  BasePage - Starting of enterPassword method
2026-01-12 23:52:15 INFO  BasePage - Starting of sendKeys method
2026-01-12 23:52:15 INFO  BasePage - Ending of sendKeys method
2026-01-12 23:52:15 INFO  BasePage - Ending of enterPassword method
2026-01-12 23:52:15 INFO  BasePage - Starting of clickOnRememberMe method
2026-01-12 23:52:15 INFO  BasePage - Starting of click method
2026-01-12 23:52:15 INFO  BasePage - Ending of click method
2026-01-12 23:52:15 INFO  BasePage - Ending of clickOnRememberMe method
2026-01-12 23:52:15 INFO  BasePage - Starting of clickOnLoginButton method
2026-01-12 23:52:15 INFO  BasePage - Starting of click method
2026-01-12 23:52:16 INFO  BasePage - Ending of click method
2026-01-12 23:52:16 INFO  BasePage - Ending of clickOnLoginButton method
2026-01-12 23:52:16 INFO  BaseTest - Ending of testVaildLogin4 method
2026-01-12 23:52:16 INFO  Listeners - Test PassedD_testVaildLogin4
2026-01-12 23:52:16 INFO  BaseTest - Starting of setup method
2026-01-12 23:52:16 INFO  BaseTest - Ending of setup method
2026-01-12 23:52:16 INFO  Listeners - Test Started  : A_TestInvaildLogin
2026-01-12 23:52:16 INFO  BaseTest - Starting of TestInvaildLogin method
2026-01-12 23:52:16 INFO  BasePage - Starting of enterEmail method
2026-01-12 23:52:16 INFO  BasePage - Starting of sendKeys method
2026-01-12 23:52:17 INFO  BasePage - Ending of sendKeys method
2026-01-12 23:52:17 INFO  BasePage - Ending of enterEmail method
2026-01-12 23:52:17 INFO  BasePage - Starting of enterPassword method
2026-01-12 23:52:17 INFO  BasePage - Starting of sendKeys method
2026-01-12 23:52:18 INFO  BasePage - Ending of sendKeys method
2026-01-12 23:52:18 INFO  BasePage - Ending of enterPassword method
2026-01-12 23:52:18 INFO  BasePage - Starting of clickOnRememberMe method
2026-01-12 23:52:18 INFO  BasePage - Starting of click method
2026-01-12 23:52:18 INFO  BasePage - Starting of EmployeeDetails constructor
2026-01-12 23:52:18 INFO  BasePage - Ending of EmployeeDetails constructor
2026-01-12 23:52:18 INFO  BasePage - Starting of LoginPage constructor
2026-01-12 23:52:18 INFO  BasePage - Ending of LoginPage constructor
2026-01-12 23:52:18 INFO  BasePage - Ending of click method
2026-01-12 23:52:18 INFO  BasePage - Ending of clickOnRememberMe method
2026-01-12 23:52:18 INFO  BasePage - Starting of clickOnLoginButton method
2026-01-12 23:52:18 INFO  BasePage - Starting of click method
2026-01-12 23:52:18 INFO  BasePage - Ending of click method
2026-01-12 23:52:18 INFO  BasePage - Ending of clickOnLoginButton method
2026-01-12 23:52:18 INFO  BaseTest - Ending of TestInvaildLogin method
2026-01-12 23:52:18 INFO  Listeners - Test PassedA_TestInvaildLogin
2026-01-12 23:52:18 INFO  Listeners - Test Started  : B_TestInvaildLogin2
2026-01-12 23:52:18 INFO  BaseTest - Starting of TestInvaildLogin2 method
2026-01-12 23:52:18 INFO  BasePage - Starting of enterEmail method
2026-01-12 23:52:18 INFO  BasePage - Starting of sendKeys method
2026-01-12 23:52:18 INFO  BasePage - Ending of sendKeys method
2026-01-12 23:52:18 INFO  BasePage - Ending of enterEmail method
2026-01-12 23:52:18 INFO  BasePage - Starting of enterPassword method
2026-01-12 23:52:18 INFO  BasePage - Starting of sendKeys method
2026-01-12 23:52:19 INFO  BasePage - Ending of sendKeys method
2026-01-12 23:52:19 INFO  BasePage - Ending of enterPassword method
2026-01-12 23:52:19 INFO  BasePage - Starting of clickOnRememberMe method
2026-01-12 23:52:19 INFO  BasePage - Starting of click method
2026-01-12 23:52:19 INFO  BasePage - Ending of click method
2026-01-12 23:52:19 INFO  BasePage - Ending of clickOnRememberMe method
2026-01-12 23:52:19 INFO  BasePage - Starting of clickOnLoginButton method
2026-01-12 23:52:19 INFO  BasePage - Starting of click method
2026-01-12 23:52:19 INFO  BasePage - Ending of click method
2026-01-12 23:52:19 INFO  BasePage - Ending of clickOnLoginButton method
2026-01-12 23:52:19 INFO  BaseTest - Ending of TestInvaildLogin2 method
2026-01-12 23:52:19 INFO  Listeners - Test PassedB_TestInvaildLogin2
2026-01-12 23:52:19 INFO  Listeners - Test Started  : C_TestInvaildLogin3
2026-01-12 23:52:19 INFO  BaseTest - Starting of TestInvaildLogin3 method
2026-01-12 23:52:19 INFO  BasePage - Starting of enterEmail method
2026-01-12 23:52:19 INFO  BasePage - Starting of sendKeys method
2026-01-12 23:52:19 INFO  BasePage - Ending of sendKeys method
2026-01-12 23:52:19 INFO  BasePage - Ending of enterEmail method
2026-01-12 23:52:19 INFO  BasePage - Starting of enterPassword method
2026-01-12 23:52:19 INFO  BasePage - Starting of sendKeys method
2026-01-12 23:52:19 INFO  BasePage - Ending of sendKeys method
2026-01-12 23:52:19 INFO  BasePage - Ending of enterPassword method
2026-01-12 23:52:19 INFO  BasePage - Starting of clickOnRememberMe method
2026-01-12 23:52:19 INFO  BasePage - Starting of click method
2026-01-12 23:52:19 INFO  BasePage - Ending of click method
2026-01-12 23:52:19 INFO  BasePage - Ending of clickOnRememberMe method
2026-01-12 23:52:19 INFO  BasePage - Starting of clickOnLoginButton method
2026-01-12 23:52:19 INFO  BasePage - Starting of click method
2026-01-12 23:52:19 INFO  BasePage - Ending of click method
2026-01-12 23:52:19 INFO  BasePage - Ending of clickOnLoginButton method
2026-01-12 23:52:19 INFO  BaseTest - Ending of TestInvaildLogin3 method
2026-01-12 23:52:19 INFO  Listeners - Test PassedC_TestInvaildLogin3
2026-01-12 23:52:19 INFO  Listeners - Test Started  : D_testVaildLogin4
2026-01-12 23:52:19 INFO  BaseTest - Starting of testVaildLogin4 method
2026-01-12 23:52:19 INFO  BasePage - Starting of enterEmail method
2026-01-12 23:52:19 INFO  BasePage - Starting of sendKeys method
2026-01-12 23:52:19 INFO  BasePage - Ending of sendKeys method
2026-01-12 23:52:19 INFO  BasePage - Ending of enterEmail method
2026-01-12 23:52:19 INFO  BasePage - Starting of enterPassword method
2026-01-12 23:52:19 INFO  BasePage - Starting of sendKeys method
2026-01-12 23:52:19 INFO  BasePage - Starting of enterEmail method
2026-01-12 23:52:19 INFO  BasePage - Starting of sendKeys method
2026-01-12 23:52:19 INFO  BasePage - Ending of sendKeys method
2026-01-12 23:52:19 INFO  BasePage - Ending of enterPassword method
2026-01-12 23:52:19 INFO  BasePage - Starting of clickOnRememberMe method
2026-01-12 23:52:19 INFO  BasePage - Starting of click method
2026-01-12 23:52:19 INFO  BasePage - Ending of click method
2026-01-12 23:52:19 INFO  BasePage - Ending of clickOnRememberMe method
2026-01-12 23:52:19 INFO  BasePage - Starting of clickOnLoginButton method
2026-01-12 23:52:19 INFO  BasePage - Starting of click method
2026-01-12 23:52:19 INFO  BasePage - Ending of click method
2026-01-12 23:52:19 INFO  BasePage - Ending of clickOnLoginButton method
2026-01-12 23:52:19 INFO  BaseTest - Ending of testVaildLogin4 method
2026-01-12 23:52:19 INFO  Listeners - Test PassedD_testVaildLogin4
2026-01-12 23:52:19 INFO  BasePage - Ending of sendKeys method
2026-01-12 23:52:19 INFO  BasePage - Ending of enterEmail method
2026-01-12 23:52:19 INFO  BasePage - Starting of enterPassword method
2026-01-12 23:52:19 INFO  BasePage - Starting of sendKeys method
2026-01-12 23:52:20 INFO  BasePage - Ending of sendKeys method
2026-01-12 23:52:20 INFO  BasePage - Ending of enterPassword method
2026-01-12 23:52:20 INFO  BasePage - Starting of clickOnRememberMe method
2026-01-12 23:52:20 INFO  BasePage - Starting of click method
2026-01-12 23:52:20 INFO  BasePage - Ending of click method
2026-01-12 23:52:20 INFO  BasePage - Ending of clickOnRememberMe method
2026-01-12 23:52:20 INFO  BasePage - Starting of clickOnLoginButton method
2026-01-12 23:52:20 INFO  BasePage - Starting of click method
2026-01-12 23:52:20 INFO  BasePage - Ending of click method
2026-01-12 23:52:20 INFO  BasePage - Ending of clickOnLoginButton method
2026-01-12 23:52:20 INFO  BaseTest - Ending of setup method
2026-01-12 23:52:20 INFO  Listeners - Test Started  : A_testVaildEmployeeDetails
2026-01-12 23:52:20 INFO  BaseTest - Starting of testVaildEmployeeDetails method
2026-01-12 23:52:20 INFO  BasePage - Starting of getWelcomeToJalaAcademy method
2026-01-12 23:52:20 INFO  BasePage - Ending of getWelcomeToJalaAcademy method
2026-01-12 23:52:20 INFO  BasePage - Starting of getText method
2026-01-12 23:52:20 INFO  BasePage - Ending of getText method
2026-01-12 23:52:20 INFO  BasePage - Starting of clickOnEmployeeButton method
2026-01-12 23:52:21 INFO  BaseTest - Starting of setup method
2026-01-12 23:52:22 INFO  BasePage - Starting of click method
2026-01-12 23:52:22 INFO  BasePage - Ending of click method
2026-01-12 23:52:22 INFO  BasePage - Ending of clickOnEmployeeButton method
2026-01-12 23:52:22 INFO  BasePage - Starting of clickOnCreateButton method
2026-01-12 23:52:24 INFO  BasePage - Starting of click method
2026-01-12 23:52:25 INFO  BasePage - Ending of click method
2026-01-12 23:52:25 INFO  BasePage - Ending of clickOnCreateButton method
2026-01-12 23:52:25 INFO  BasePage - Starting of enterFirstName method
2026-01-12 23:52:25 INFO  BasePage - Starting of sendKeys method
2026-01-12 23:52:26 INFO  BasePage - Ending of sendKeys method
2026-01-12 23:52:26 INFO  BasePage - Ending of enterFirstName method
2026-01-12 23:52:26 INFO  BasePage - Starting of enterFirstName method
2026-01-12 23:52:26 INFO  BasePage - Starting of sendKeys method
2026-01-12 23:52:26 INFO  BasePage - Ending of sendKeys method
2026-01-12 23:52:26 INFO  BasePage - Ending of enterFirstName method
2026-01-12 23:52:26 INFO  BasePage - Starting of enterEmailId method
2026-01-12 23:52:26 INFO  BasePage - Starting of sendKeys method
2026-01-12 23:52:26 INFO  BasePage - Ending of sendKeys method
2026-01-12 23:52:26 INFO  BasePage - Ending of enterEmailId method
2026-01-12 23:52:26 INFO  BasePage - Starting of enterMobileNumber method
2026-01-12 23:52:26 INFO  BasePage - Starting of sendKeys method
2026-01-12 23:52:27 INFO  BasePage - Ending of sendKeys method
2026-01-12 23:52:27 INFO  BasePage - Ending of enterMobileNumber method
2026-01-12 23:52:27 INFO  BasePage - Starting of enterDateOfBirth method
2026-01-12 23:52:27 INFO  BasePage - Starting of sendKeys method
2026-01-12 23:52:27 INFO  BasePage - Ending of sendKeys method
2026-01-12 23:52:27 INFO  BasePage - Ending of enterDateOfBirth method
2026-01-12 23:52:27 INFO  BasePage - Starting of clickOnEmployeeButton method
2026-01-12 23:52:29 INFO  BasePage - Starting of click method
2026-01-12 23:52:29 INFO  BasePage - Ending of click method
2026-01-12 23:52:29 INFO  BasePage - Ending of clickOnEmployeeButton method
2026-01-12 23:52:29 INFO  BasePage - Starting of enterAddress method
2026-01-12 23:52:29 INFO  BasePage - Starting of sendKeys method
2026-01-12 23:52:29 INFO  BasePage - Ending of sendKeys method
2026-01-12 23:52:29 INFO  BasePage - Ending of enterAddress method
2026-01-12 23:52:29 INFO  BasePage - Starting of clickOnSelectCity method
2026-01-12 23:52:29 INFO  BasePage - Starting of click method
2026-01-12 23:52:30 INFO  BasePage - Ending of click method
2026-01-12 23:52:30 INFO  BasePage - Ending of clickOnSelectCity method
2026-01-12 23:52:30 INFO  BasePage - Starting of clickOnIndia method
2026-01-12 23:52:30 INFO  BasePage - Starting of click method
2026-01-12 23:52:30 INFO  BasePage - Ending of click method
2026-01-12 23:52:30 INFO  BasePage - Ending of clickOnIndia method
2026-01-12 23:52:31 INFO  BasePage - Starting of EmployeeDetails constructor
2026-01-12 23:52:31 INFO  BasePage - Ending of EmployeeDetails constructor
2026-01-12 23:52:31 INFO  BasePage - Starting of LoginPage constructor
2026-01-12 23:52:31 INFO  BasePage - Ending of LoginPage constructor
2026-01-12 23:52:32 INFO  BasePage - Starting of enterEmail method
2026-01-12 23:52:32 INFO  BasePage - Starting of sendKeys method
2026-01-12 23:52:33 INFO  BasePage - Ending of sendKeys method
2026-01-12 23:52:33 INFO  BasePage - Ending of enterEmail method
2026-01-12 23:52:33 INFO  BasePage - Starting of enterPassword method
2026-01-12 23:52:33 INFO  BasePage - Starting of sendKeys method
2026-01-12 23:52:33 INFO  BasePage - Starting of clickOnSelectCity method
2026-01-12 23:52:33 INFO  BasePage - Starting of click method
2026-01-12 23:52:33 INFO  BasePage - Ending of sendKeys method
2026-01-12 23:52:33 INFO  BasePage - Ending of enterPassword method
2026-01-12 23:52:33 INFO  BasePage - Starting of clickOnRememberMe method
2026-01-12 23:52:33 INFO  BasePage - Starting of click method
2026-01-12 23:52:33 INFO  BasePage - Ending of click method
2026-01-12 23:52:33 INFO  BasePage - Ending of clickOnRememberMe method
2026-01-12 23:52:33 INFO  BasePage - Starting of clickOnLoginButton method
2026-01-12 23:52:33 INFO  BasePage - Starting of click method
2026-01-12 23:52:33 INFO  BasePage - Ending of click method
2026-01-12 23:52:33 INFO  BasePage - Ending of clickOnSelectCity method
2026-01-12 23:52:33 INFO  BasePage - Starting of clickOnHyderabad method
2026-01-12 23:52:33 INFO  BasePage - Starting of click method
2026-01-12 23:52:34 INFO  BasePage - Ending of click method
2026-01-12 23:52:34 INFO  BasePage - Ending of clickOnLoginButton method
2026-01-12 23:52:34 INFO  BaseTest - Ending of setup method
2026-01-12 23:52:34 INFO  Listeners - Test Started  : A_testVaildEmployeeDetails
2026-01-12 23:52:34 INFO  BaseTest - Starting of testVaildEmployeeDetails method
2026-01-12 23:52:34 INFO  BasePage - Starting of getWelcomeToJalaAcademy method
2026-01-12 23:52:34 INFO  BasePage - Ending of getWelcomeToJalaAcademy method
2026-01-12 23:52:34 INFO  BasePage - Starting of getText method
2026-01-12 23:52:34 INFO  BasePage - Ending of getText method
2026-01-12 23:52:34 INFO  BasePage - Ending of click method
2026-01-12 23:52:34 INFO  BasePage - Ending of clickOnHyderabad method
2026-01-12 23:52:34 INFO  BasePage - Starting of clickOnQaAutomation method
2026-01-12 23:52:34 INFO  BasePage - Starting of click method
2026-01-12 23:52:34 INFO  BasePage - Ending of click method
2026-01-12 23:52:34 INFO  BasePage - Ending of clickOnQaAutomation method
2026-01-12 23:52:34 INFO  BasePage - Starting of clickOnIndia method
2026-01-12 23:52:34 INFO  BasePage - Starting of click method
2026-01-12 23:52:34 INFO  BasePage - Ending of click method
2026-01-12 23:52:34 INFO  BasePage - Ending of clickOnIndia method
2026-01-12 23:52:34 INFO  BaseTest - Ending of testVaildEmployeeDetails method
2026-01-12 23:52:34 INFO  Listeners - Test PassedA_testVaildEmployeeDetails
2026-01-12 23:52:34 INFO  BasePage - Starting of clickOnEmployeeButton method
2026-01-12 23:52:34 INFO  BaseTest - Starting of setup method
2026-01-12 23:52:36 INFO  BasePage - Starting of click method
2026-01-12 23:52:36 INFO  BasePage - Starting of LoginPage constructor
2026-01-12 23:52:36 INFO  BasePage - Ending of LoginPage constructor
2026-01-12 23:52:36 INFO  BasePage - Starting of EmployeeDetails constructor
2026-01-12 23:52:36 INFO  BasePage - Ending of EmployeeDetails constructor
2026-01-12 23:52:36 INFO  BasePage - Starting of SearchEmployee method
2026-01-12 23:52:36 INFO  BasePage - Ending of SearchEmployee method
2026-01-12 23:52:36 INFO  BasePage - Ending of click method
2026-01-12 23:52:36 INFO  BasePage - Ending of clickOnEmployeeButton method
2026-01-12 23:52:36 INFO  BasePage - Starting of clickOnCreateButton method
2026-01-12 23:52:37 INFO  BasePage - Starting of enterEmail method
2026-01-12 23:52:37 INFO  BasePage - Starting of sendKeys method
2026-01-12 23:52:38 INFO  BasePage - Ending of sendKeys method
2026-01-12 23:52:38 INFO  BasePage - Ending of enterEmail method
2026-01-12 23:52:38 INFO  BasePage - Starting of enterPassword method
2026-01-12 23:52:38 INFO  BasePage - Starting of sendKeys method
2026-01-12 23:52:38 INFO  BasePage - Ending of sendKeys method
2026-01-12 23:52:38 INFO  BasePage - Ending of enterPassword method
2026-01-12 23:52:38 INFO  BasePage - Starting of clickOnRememberMe method
2026-01-12 23:52:38 INFO  BasePage - Starting of click method
2026-01-12 23:52:38 INFO  BasePage - Ending of click method
2026-01-12 23:52:38 INFO  BasePage - Ending of clickOnRememberMe method
2026-01-12 23:52:38 INFO  BasePage - Starting of clickOnLoginButton method
2026-01-12 23:52:38 INFO  BasePage - Starting of click method
2026-01-12 23:52:38 INFO  BasePage - Ending of click method
2026-01-12 23:52:38 INFO  BasePage - Ending of clickOnLoginButton method
2026-01-12 23:52:38 INFO  BasePage - Starting of clickOnEmployeeButton method
2026-01-12 23:52:38 INFO  BasePage - Starting of click method
2026-01-12 23:52:39 INFO  BasePage - Ending of click method
2026-01-12 23:52:39 INFO  BasePage - Ending of clickOnCreateButton method
2026-01-12 23:52:39 INFO  BasePage - Starting of enterFirstName method
2026-01-12 23:52:39 INFO  BasePage - Starting of sendKeys method
2026-01-12 23:52:39 INFO  BasePage - Ending of sendKeys method
2026-01-12 23:52:39 INFO  BasePage - Ending of enterFirstName method
2026-01-12 23:52:39 INFO  BasePage - Starting of enterFirstName method
2026-01-12 23:52:39 INFO  BasePage - Starting of sendKeys method
2026-01-12 23:52:39 INFO  BasePage - Ending of sendKeys method
2026-01-12 23:52:39 INFO  BasePage - Ending of enterFirstName method
2026-01-12 23:52:39 INFO  BasePage - Starting of enterEmailId method
2026-01-12 23:52:39 INFO  BasePage - Starting of sendKeys method
2026-01-12 23:52:39 INFO  BasePage - Ending of sendKeys method
2026-01-12 23:52:39 INFO  BasePage - Ending of enterEmailId method
2026-01-12 23:52:39 INFO  BasePage - Starting of enterMobileNumber method
2026-01-12 23:52:39 INFO  BasePage - Starting of sendKeys method
2026-01-12 23:52:39 INFO  BasePage - Ending of sendKeys method
2026-01-12 23:52:39 INFO  BasePage - Ending of enterMobileNumber method
2026-01-12 23:52:39 INFO  BasePage - Starting of enterDateOfBirth method
2026-01-12 23:52:39 INFO  BasePage - Starting of sendKeys method
2026-01-12 23:52:39 INFO  BasePage - Ending of sendKeys method
2026-01-12 23:52:39 INFO  BasePage - Ending of enterDateOfBirth method
2026-01-12 23:52:39 INFO  BasePage - Starting of clickOnEmployeeButton method
2026-01-12 23:52:40 INFO  BasePage - Starting of click method
2026-01-12 23:52:40 INFO  BasePage - Ending of click method
2026-01-12 23:52:40 INFO  BasePage - Ending of clickOnEmployeeButton method
2026-01-12 23:52:40 INFO  BaseTest - Ending of setup method
2026-01-12 23:52:40 INFO  Listeners - Test Started  : A_testSearchEmployee
2026-01-12 23:52:40 INFO  BaseTest - Starting of testSearchEmployee method
2026-01-12 23:52:41 INFO  BasePage - Starting of click method
2026-01-12 23:52:41 INFO  BasePage - Ending of click method
2026-01-12 23:52:41 INFO  BasePage - Ending of clickOnEmployeeButton method
2026-01-12 23:52:41 INFO  BasePage - Starting of enterAddress method
2026-01-12 23:52:41 INFO  BasePage - Starting of sendKeys method
2026-01-12 23:52:41 INFO  BasePage - Ending of sendKeys method
2026-01-12 23:52:41 INFO  BasePage - Ending of enterAddress method
2026-01-12 23:52:41 INFO  BasePage - Starting of clickOnSelectCity method
2026-01-12 23:52:41 INFO  BasePage - Starting of click method
2026-01-12 23:52:42 INFO  BasePage - Ending of click method
2026-01-12 23:52:42 INFO  BasePage - Ending of clickOnSelectCity method
2026-01-12 23:52:42 INFO  BasePage - Starting of clickOnIndia method
2026-01-12 23:52:42 INFO  BasePage - Starting of click method
2026-01-12 23:52:42 INFO  BasePage - Ending of click method
2026-01-12 23:52:42 INFO  BasePage - Ending of clickOnIndia method
2026-01-12 23:52:43 INFO  BasePage - Starting of clickOnSearch method
2026-01-12 23:52:43 INFO  BasePage - Starting of click method
2026-01-12 23:52:45 INFO  BasePage - Ending of click method
2026-01-12 23:52:45 INFO  BasePage - Ending of clickOnSearch method
2026-01-12 23:52:45 INFO  BasePage - Starting of enterEmployeeName method
2026-01-12 23:52:45 INFO  BasePage - Starting of sendKeys method
2026-01-12 23:52:45 INFO  BasePage - Ending of sendKeys method
2026-01-12 23:52:45 INFO  BasePage - Ending of enterEmployeeName method
2026-01-12 23:52:45 INFO  BasePage - Starting of enterPassword method
2026-01-12 23:52:45 INFO  BasePage - Starting of sendKeys method
2026-01-12 23:52:45 INFO  BasePage - Starting of clickOnSelectCity method
2026-01-12 23:52:45 INFO  BasePage - Starting of click method
2026-01-12 23:52:45 INFO  BasePage - Ending of sendKeys method
2026-01-12 23:52:45 INFO  BasePage - Ending of enterPassword method
2026-01-12 23:52:45 INFO  BasePage - Starting of clickOnSearch1 method
2026-01-12 23:52:45 INFO  BasePage - Starting of click method
2026-01-12 23:52:45 INFO  BasePage - Ending of click method
2026-01-12 23:52:45 INFO  BasePage - Ending of clickOnSelectCity method
2026-01-12 23:52:45 INFO  BasePage - Starting of clickOnHyderabad method
2026-01-12 23:52:45 INFO  BasePage - Starting of click method
2026-01-12 23:52:45 INFO  BasePage - Ending of click method
2026-01-12 23:52:45 INFO  BasePage - Ending of setup method
2026-01-12 23:52:45 INFO  BasePage - Ending of click method
2026-01-12 23:52:45 INFO  BasePage - Ending of clickOnHyderabad method
2026-01-12 23:52:45 INFO  BasePage - Starting of clickOnQaAutomation method
2026-01-12 23:52:45 INFO  BasePage - Starting of click method
2026-01-12 23:52:45 INFO  BasePage - Ending of click method
2026-01-12 23:52:45 INFO  BasePage - Ending of clickOnQaAutomation method
2026-01-12 23:52:45 INFO  BasePage - Starting of clickOnIndia method
2026-01-12 23:52:45 INFO  BasePage - Starting of click method
2026-01-12 23:52:46 INFO  BasePage - Ending of click method
2026-01-12 23:52:46 INFO  BasePage - Ending of clickOnIndia method
2026-01-12 23:52:46 INFO  BaseTest - Ending of testVaildEmployeeDetails method
2026-01-12 23:52:46 INFO  Listeners - Test PassedA_testVaildEmployeeDetails
2026-01-12 23:52:48 INFO  BaseTest - Starting of setup method
2026-01-12 23:52:48 INFO  BaseTest - Ending of testSearchEmployee method
2026-01-12 23:52:48 INFO  Listeners - Test PassedA_testSearchEmployee
2026-01-12 23:52:49 INFO  BaseTest - Starting of setup method
2026-01-12 23:52:50 INFO  BasePage - Starting of MenuPage constructor
2026-01-12 23:52:50 INFO  BasePage - Ending of MenuPage constructor
2026-01-12 23:52:50 INFO  BasePage - Starting of HomePage constructor
2026-01-12 23:52:50 INFO  BasePage - Ending of HomePage constructor
2026-01-12 23:52:50 INFO  BasePage - Starting of LoginPage constructor
2026-01-12 23:52:50 INFO  BasePage - Ending of LoginPage constructor
2026-01-12 23:52:51 INFO  BasePage - Starting of enterEmail method
2026-01-12 23:52:51 INFO  BasePage - Starting of sendKeys method
2026-01-12 23:52:51 INFO  BasePage - Ending of sendKeys method
2026-01-12 23:52:51 INFO  BasePage - Ending of enterEmail method
2026-01-12 23:52:51 INFO  BasePage - Starting of enterPassword method
2026-01-12 23:52:51 INFO  BasePage - Starting of sendKeys method
2026-01-12 23:52:52 INFO  BasePage - Ending of sendKeys method
2026-01-12 23:52:52 INFO  BasePage - Ending of enterPassword method
2026-01-12 23:52:52 INFO  BasePage - Starting of clickOnRememberMe method
2026-01-12 23:52:52 INFO  BasePage - Starting of click method
2026-01-12 23:52:52 INFO  BasePage - Ending of click method
2026-01-12 23:52:52 INFO  BasePage - Ending of clickOnRememberMe method
2026-01-12 23:52:52 INFO  BasePage - Starting of clickOnLoginButton method
2026-01-12 23:52:52 INFO  BasePage - Starting of click method
2026-01-12 23:52:52 INFO  BasePage - Ending of click method
2026-01-12 23:52:52 INFO  BasePage - Ending of clickOnLoginButton method
2026-01-12 23:52:52 INFO  BasePage - Starting of clickOnMoreButton method
2026-01-12 23:52:52 INFO  BasePage - Ending of clickOnMoreButton method
2026-01-12 23:52:53 INFO  BasePage - Starting of LoginPage constructor
2026-01-12 23:52:53 INFO  BasePage - Ending of LoginPage constructor
2026-01-12 23:52:53 INFO  BasePage - Starting of EmployeeDetails constructor
2026-01-12 23:52:53 INFO  BasePage - Ending of EmployeeDetails constructor
2026-01-12 23:52:53 INFO  BasePage - Starting of SearchEmployee method
2026-01-12 23:52:53 INFO  BasePage - Ending of SearchEmployee method
2026-01-12 23:52:54 INFO  BasePage - Starting of enterEmail method
2026-01-12 23:52:54 INFO  BasePage - Starting of sendKeys method
2026-01-12 23:52:54 INFO  BasePage - Ending of sendKeys method
2026-01-12 23:52:54 INFO  BasePage - Ending of enterEmail method
2026-01-12 23:52:54 INFO  BasePage - Starting of enterPassword method
2026-01-12 23:52:54 INFO  BasePage - Starting of sendKeys method
2026-01-12 23:52:54 INFO  BasePage - Ending of sendKeys method
2026-01-12 23:52:54 INFO  BasePage - Ending of enterPassword method
2026-01-12 23:52:54 INFO  BasePage - Starting of clickOnRememberMe method
2026-01-12 23:52:54 INFO  BasePage - Starting of click method
2026-01-12 23:52:55 INFO  BasePage - Ending of click method
2026-01-12 23:52:55 INFO  BasePage - Ending of clickOnRememberMe method
2026-01-12 23:52:55 INFO  BasePage - Starting of clickOnLoginButton method
2026-01-12 23:52:55 INFO  BasePage - Starting of click method
2026-01-12 23:52:55 INFO  BasePage - Ending of click method
2026-01-12 23:52:55 INFO  BasePage - Ending of clickOnLoginButton method
2026-01-12 23:52:55 INFO  BasePage - Starting of clickOnEmployeeButton method
2026-01-12 23:52:55 INFO  BasePage - Starting of clickOnMenuButton method
2026-01-12 23:52:55 INFO  BasePage - Starting of click method
2026-01-12 23:52:56 INFO  BasePage - Ending of click method
2026-01-12 23:52:56 INFO  BasePage - Ending of clickOnMenuButton method
2026-01-12 23:52:56 INFO  BaseTest - Ending of setup method
2026-01-12 23:52:56 INFO  Listeners - Test Started  : A_testMenu
2026-01-12 23:52:56 INFO  BaseTest - Starting of testMenu method
2026-01-12 23:52:56 INFO  BasePage - Starting of clickOnSubMenuButton method
2026-01-12 23:52:56 INFO  BasePage - Starting of click method
2026-01-12 23:52:56 INFO  BasePage - Ending of click method
2026-01-12 23:52:56 INFO  BasePage - Ending of clickOnSubMenuButton method
2026-01-12 23:52:56 INFO  BaseTest - Ending of testMenu method
2026-01-12 23:52:56 INFO  Listeners - Test PassedA_testMenu
2026-01-12 23:52:56 INFO  BaseTest - Starting of setup method
2026-01-12 23:52:57 INFO  BasePage - Starting of click method
2026-01-12 23:52:57 INFO  BasePage - Ending of click method
2026-01-12 23:52:57 INFO  BasePage - Ending of clickOnEmployeeButton method
2026-01-12 23:52:57 INFO  BaseTest - Ending of setup method
2026-01-12 23:52:57 INFO  Listeners - Test Started  : A_testSearchEmployee
2026-01-12 23:52:57 INFO  BaseTest - Starting of testSearchEmployee method
2026-01-12 23:52:57 INFO  BasePage - Starting of IframePage constructor
2026-01-12 23:52:57 INFO  BasePage - Ending of IframePage constructor
2026-01-12 23:52:57 INFO  BasePage - Starting of HomePage constructor
2026-01-12 23:52:57 INFO  BasePage - Ending of HomePage constructor
2026-01-12 23:52:57 INFO  BasePage - Starting of LoginPage constructor
2026-01-12 23:52:57 INFO  BasePage - Ending of LoginPage constructor
2026-01-12 23:52:58 INFO  BasePage - Starting of enterEmail method
2026-01-12 23:52:58 INFO  BasePage - Starting of sendKeys method
2026-01-12 23:52:59 INFO  BasePage - Ending of sendKeys method
2026-01-12 23:52:59 INFO  BasePage - Ending of enterEmail method
2026-01-12 23:52:59 INFO  BasePage - Starting of enterPassword method
2026-01-12 23:52:59 INFO  BasePage - Starting of sendKeys method
2026-01-12 23:52:59 INFO  BasePage - Ending of sendKeys method
2026-01-12 23:52:59 INFO  BasePage - Ending of enterPassword method
2026-01-12 23:52:59 INFO  BasePage - Starting of clickOnRememberMe method
2026-01-12 23:52:59 INFO  BasePage - Starting of click method
2026-01-12 23:52:59 INFO  BasePage - Ending of click method
2026-01-12 23:52:59 INFO  BasePage - Ending of clickOnRememberMe method
2026-01-12 23:52:59 INFO  BasePage - Starting of clickOnLoginButton method
2026-01-12 23:52:59 INFO  BasePage - Starting of click method
2026-01-12 23:52:59 INFO  BasePage - Ending of click method
2026-01-12 23:52:59 INFO  BasePage - Ending of clickOnLoginButton method
2026-01-12 23:52:59 INFO  BasePage - Starting of clickOnMoreButton method
2026-01-12 23:53:00 INFO  BasePage - Ending of clickOnMoreButton method
2026-01-12 23:53:00 INFO  BasePage - Starting of clickOnSearch method
2026-01-12 23:53:00 INFO  BasePage - Starting of click method
2026-01-12 23:53:01 INFO  BasePage - Ending of click method
2026-01-12 23:53:01 INFO  BasePage - Ending of clickOnSearch method
2026-01-12 23:53:01 INFO  BasePage - Starting of enterEmployeeName method
2026-01-12 23:53:01 INFO  BasePage - Starting of sendKeys method
2026-01-12 23:53:01 INFO  BasePage - Ending of sendKeys method
2026-01-12 23:53:01 INFO  BasePage - Ending of enterEmployeeName method
2026-01-12 23:53:01 INFO  BasePage - Starting of enterPassword method
2026-01-12 23:53:01 INFO  BasePage - Starting of sendKeys method
2026-01-12 23:53:01 INFO  BasePage - Ending of sendKeys method
2026-01-12 23:53:01 INFO  BasePage - Ending of enterPassword method
2026-01-12 23:53:01 INFO  BasePage - Starting of clickOnSearch1 method
2026-01-12 23:53:01 INFO  BasePage - Starting of click method
2026-01-12 23:53:01 INFO  BasePage - Ending of click method
2026-01-12 23:53:01 INFO  BasePage - Ending of setup method
2026-01-12 23:53:03 INFO  BasePage - Starting of clickOnMenuButton method
2026-01-12 23:53:03 INFO  BasePage - Starting of click method
2026-01-12 23:53:03 INFO  BasePage - Ending of click method
2026-01-12 23:53:03 INFO  BasePage - Ending of clickOnMenuButton method
2026-01-12 23:53:03 INFO  BasePage - Starting of clickOnIframeButton method
2026-01-12 23:53:03 INFO  BasePage - Starting of click method
2026-01-12 23:53:04 INFO  BasePage - Ending of click method
2026-01-12 23:53:04 INFO  BasePage - Ending of clickOnIframeButton method
2026-01-12 23:53:04 INFO  BaseTest - Ending of setup method
2026-01-12 23:53:04 INFO  Listeners - Test Started  : A_testIframe
2026-01-12 23:53:04 INFO  BaseTest - Starting of testIframe method
2026-01-12 23:53:04 INFO  BasePage - Starting of getFrameOneText method
2026-01-12 23:53:04 INFO  BasePage - Ending of getFrameOneText method
2026-01-12 23:53:04 INFO  BasePage - Starting of getText method
2026-01-12 23:53:04 INFO  BasePage - Ending of getText method
2026-01-12 23:53:04 INFO  BasePage - Starting of getFrameTwoText method
2026-01-12 23:53:04 INFO  BasePage - Ending of getFrameTwoText method
2026-01-12 23:53:04 INFO  BasePage - Starting of getText method
2026-01-12 23:53:04 INFO  BasePage - Ending of getText method
2026-01-12 23:53:04 INFO  BasePage - Starting of getWelcomeToJalaAcademyText method
2026-01-12 23:53:04 INFO  BasePage - Ending of getWelcomeToJalaAcademyText method
2026-01-12 23:53:04 INFO  BasePage - Starting of getText method
2026-01-12 23:53:04 INFO  BasePage - Ending of getText method
2026-01-12 23:53:04 INFO  BaseTest - Ending of testIframe method
2026-01-12 23:53:04 INFO  Listeners - Test PassedA_testIframe
2026-01-12 23:53:04 INFO  BaseTest - Ending of testSearchEmployee method
2026-01-12 23:53:04 INFO  Listeners - Test PassedA_testSearchEmployee
2026-01-12 23:53:04 INFO  BaseTest - Starting of setup method
2026-01-12 23:53:05 INFO  BasePage - Starting of ImagesPage constructor
2026-01-12 23:53:05 INFO  BasePage - Ending of ImagesPage constructor
2026-01-12 23:53:05 INFO  BasePage - Starting of HomePage constructor
2026-01-12 23:53:05 INFO  BasePage - Ending of HomePage constructor
2026-01-12 23:53:05 INFO  BasePage - Starting of LoginPage constructor
2026-01-12 23:53:05 INFO  BasePage - Ending of LoginPage constructor
2026-01-12 23:53:06 INFO  BaseTest - Starting of setup method
2026-01-12 23:53:06 INFO  BasePage - Starting of enterEmail method
2026-01-12 23:53:06 INFO  BasePage - Starting of sendKeys method
2026-01-12 23:53:06 INFO  BasePage - Ending of sendKeys method
2026-01-12 23:53:06 INFO  BasePage - Ending of enterEmail method
2026-01-12 23:53:06 INFO  BasePage - Starting of enterPassword method
2026-01-12 23:53:06 INFO  BasePage - Starting of sendKeys method
2026-01-12 23:53:07 INFO  BasePage - Ending of sendKeys method
2026-01-12 23:53:07 INFO  BasePage - Ending of enterPassword method
2026-01-12 23:53:07 INFO  BasePage - Starting of clickOnRememberMe method
2026-01-12 23:53:07 INFO  BasePage - Starting of click method
2026-01-12 23:53:07 INFO  BasePage - Ending of click method
2026-01-12 23:53:07 INFO  BasePage - Ending of clickOnRememberMe method
2026-01-12 23:53:07 INFO  BasePage - Starting of clickOnLoginButton method
2026-01-12 23:53:07 INFO  BasePage - Starting of click method
2026-01-12 23:53:07 INFO  BasePage - Ending of click method
2026-01-12 23:53:07 INFO  BasePage - Ending of clickOnLoginButton method
2026-01-12 23:53:07 INFO  BasePage - Starting of clickOnMoreButton method
2026-01-12 23:53:07 INFO  BasePage - Ending of clickOnMoreButton method
2026-01-12 23:53:10 INFO  BasePage - Starting of clickOnImageButton method
2026-01-12 23:53:10 INFO  BasePage - Starting of click method
2026-01-12 23:53:11 INFO  BasePage - Ending of click method
2026-01-12 23:53:11 INFO  BasePage - Ending of clickOnImageButton method
2026-01-12 23:53:11 INFO  BaseTest - Ending of setup method
2026-01-12 23:53:11 INFO  Listeners - Test Started  : A_testUploadImages
2026-01-12 23:53:11 INFO  BaseTest - Starting of testUploadImages method
2026-01-12 23:53:11 INFO  BasePage - Starting of uploadImage method
2026-01-12 23:53:11 INFO  BasePage - Starting of sendKeys method
2026-01-12 23:53:11 INFO  BasePage - Ending of sendKeys method
2026-01-12 23:53:11 INFO  BasePage - Ending of uploadImage method
2026-01-12 23:53:12 INFO  BasePage - Starting of MenuPage constructor
2026-01-12 23:53:12 INFO  BasePage - Ending of MenuPage constructor
2026-01-12 23:53:12 INFO  BasePage - Starting of HomePage constructor
2026-01-12 23:53:12 INFO  BasePage - Ending of HomePage constructor
2026-01-12 23:53:12 INFO  BasePage - Starting of LoginPage constructor
2026-01-12 23:53:12 INFO  BasePage - Ending of LoginPage constructor
2026-01-12 23:53:13 INFO  BasePage - Starting of clickOnUploadButton method
2026-01-12 23:53:13 INFO  BasePage - Starting of click method
2026-01-12 23:53:13 INFO  BasePage - Starting of enterEmail method
2026-01-12 23:53:13 INFO  BasePage - Starting of sendKeys method
2026-01-12 23:53:13 INFO  BasePage - Ending of click method
2026-01-12 23:53:13 INFO  BasePage - Ending of clickOnUploadButton method
2026-01-12 23:53:13 INFO  BasePage - Starting of getImageLabel method
2026-01-12 23:53:13 INFO  BasePage - Ending of getImageLabel method
2026-01-12 23:53:13 INFO  BasePage - Starting of getText method
2026-01-12 23:53:13 INFO  BasePage - Ending of getText method
2026-01-12 23:53:13 INFO  BaseTest - Ending of testUploadImages method
2026-01-12 23:53:13 INFO  Listeners - Test PassedA_testUploadImages
2026-01-12 23:53:13 INFO  BasePage - Ending of sendKeys method
2026-01-12 23:53:13 INFO  BasePage - Ending of enterEmail method
2026-01-12 23:53:13 INFO  BasePage - Starting of enterPassword method
2026-01-12 23:53:13 INFO  BasePage - Starting of sendKeys method
2026-01-12 23:53:14 INFO  BasePage - Ending of sendKeys method
2026-01-12 23:53:14 INFO  BasePage - Ending of enterPassword method
2026-01-12 23:53:14 INFO  BasePage - Starting of clickOnRememberMe method
2026-01-12 23:53:14 INFO  BasePage - Starting of click method
2026-01-12 23:53:14 INFO  BasePage - Ending of click method
2026-01-12 23:53:14 INFO  BasePage - Ending of clickOnRememberMe method
2026-01-12 23:53:14 INFO  BasePage - Starting of clickOnLoginButton method
2026-01-12 23:53:14 INFO  BasePage - Starting of click method
2026-01-12 23:53:14 INFO  BasePage - Ending of click method
2026-01-12 23:53:14 INFO  BasePage - Ending of clickOnLoginButton method
2026-01-12 23:53:14 INFO  BasePage - Starting of clickOnMoreButton method
2026-01-12 23:53:15 INFO  BasePage - Ending of clickOnMoreButton method
2026-01-12 23:53:18 INFO  BasePage - Starting of clickOnMenuButton method
2026-01-12 23:53:18 INFO  BasePage - Starting of click method
2026-01-12 23:53:18 INFO  BasePage - Ending of click method
2026-01-12 23:53:18 INFO  BasePage - Ending of clickOnMenuButton method
2026-01-12 23:53:18 INFO  BaseTest - Ending of setup method
2026-01-12 23:53:18 INFO  Listeners - Test Started  : A_testMenu
2026-01-12 23:53:18 INFO  BaseTest - Starting of testMenu method
2026-01-12 23:53:18 INFO  BasePage - Starting of clickOnSubMenuButton method
2026-01-12 23:53:18 INFO  BasePage - Starting of click method
2026-01-12 23:53:18 INFO  BasePage - Ending of click method
2026-01-12 23:53:18 INFO  BasePage - Ending of clickOnSubMenuButton method
2026-01-12 23:53:18 INFO  BaseTest - Ending of testMenu method
2026-01-12 23:53:18 INFO  Listeners - Test PassedA_testMenu
2026-01-12 23:53:20 INFO  BaseTest - Starting of setup method
2026-01-12 23:53:25 INFO  BasePage - Starting of IframePage constructor
2026-01-12 23:53:25 INFO  BasePage - Ending of IframePage constructor
2026-01-12 23:53:25 INFO  BasePage - Starting of HomePage constructor
2026-01-12 23:53:25 INFO  BasePage - Ending of HomePage constructor
2026-01-12 23:53:25 INFO  BasePage - Starting of LoginPage constructor
2026-01-12 23:53:25 INFO  BasePage - Ending of LoginPage constructor
2026-01-12 23:53:26 INFO  BasePage - Starting of enterEmail method
2026-01-12 23:53:26 INFO  BasePage - Starting of sendKeys method
2026-01-12 23:53:27 INFO  BasePage - Ending of sendKeys method
2026-01-12 23:53:27 INFO  BasePage - Ending of enterEmail method
2026-01-12 23:53:27 INFO  BasePage - Starting of enterPassword method
2026-01-12 23:53:27 INFO  BasePage - Starting of sendKeys method
2026-01-12 23:53:27 INFO  BasePage - Ending of sendKeys method
2026-01-12 23:53:27 INFO  BasePage - Ending of enterPassword method
2026-01-12 23:53:27 INFO  BasePage - Starting of clickOnRememberMe method
2026-01-12 23:53:27 INFO  BasePage - Starting of click method
2026-01-12 23:53:27 INFO  BasePage - Ending of click method
2026-01-12 23:53:27 INFO  BasePage - Ending of clickOnRememberMe method
2026-01-12 23:53:27 INFO  BasePage - Starting of clickOnLoginButton method
2026-01-12 23:53:27 INFO  BasePage - Starting of click method
2026-01-12 23:53:27 INFO  BasePage - Ending of click method
2026-01-12 23:53:27 INFO  BasePage - Ending of clickOnLoginButton method
2026-01-12 23:53:27 INFO  BasePage - Starting of clickOnMoreButton method
2026-01-12 23:53:28 INFO  BasePage - Ending of clickOnMoreButton method
2026-01-12 23:53:31 INFO  BasePage - Starting of clickOnMenuButton method
2026-01-12 23:53:31 INFO  BasePage - Starting of click method
2026-01-12 23:53:31 INFO  BasePage - Ending of click method
2026-01-12 23:53:31 INFO  BasePage - Ending of clickOnMenuButton method
2026-01-12 23:53:31 INFO  BasePage - Starting of clickOnIframeButton method
2026-01-12 23:53:31 INFO  BasePage - Starting of click method
2026-01-12 23:53:32 INFO  BasePage - Ending of click method
2026-01-12 23:53:32 INFO  BasePage - Ending of clickOnIframeButton method
2026-01-12 23:53:32 INFO  BaseTest - Ending of setup method
2026-01-12 23:53:32 INFO  Listeners - Test Started  : A_testIframe
2026-01-12 23:53:32 INFO  BaseTest - Starting of testIframe method
2026-01-12 23:53:32 INFO  BasePage - Starting of getFrameOneText method
2026-01-12 23:53:32 INFO  BasePage - Ending of getFrameOneText method
2026-01-12 23:53:32 INFO  BasePage - Starting of getText method
2026-01-12 23:53:32 INFO  BasePage - Ending of getText method
2026-01-12 23:53:32 INFO  BasePage - Starting of getFrameTwoText method
2026-01-12 23:53:32 INFO  BasePage - Ending of getFrameTwoText method
2026-01-12 23:53:32 INFO  BasePage - Starting of getText method
2026-01-12 23:53:32 INFO  BasePage - Ending of getText method
2026-01-12 23:53:32 INFO  BasePage - Starting of getWelcomeToJalaAcademyText method
2026-01-12 23:53:32 INFO  BasePage - Ending of getWelcomeToJalaAcademyText method
2026-01-12 23:53:32 INFO  BasePage - Starting of getText method
2026-01-12 23:53:32 INFO  BasePage - Ending of getText method
2026-01-12 23:53:32 INFO  BaseTest - Ending of testIframe method
2026-01-12 23:53:32 INFO  Listeners - Test PassedA_testIframe
2026-01-12 23:53:34 INFO  BaseTest - Starting of setup method
2026-01-12 23:53:39 INFO  BasePage - Starting of ImagesPage constructor
2026-01-12 23:53:39 INFO  BasePage - Ending of ImagesPage constructor
2026-01-12 23:53:39 INFO  BasePage - Starting of HomePage constructor
2026-01-12 23:53:39 INFO  BasePage - Ending of HomePage constructor
2026-01-12 23:53:39 INFO  BasePage - Starting of LoginPage constructor
2026-01-12 23:53:39 INFO  BasePage - Ending of LoginPage constructor
2026-01-12 23:53:40 INFO  BasePage - Starting of enterEmail method
2026-01-12 23:53:40 INFO  BasePage - Starting of sendKeys method
2026-01-12 23:53:40 INFO  BasePage - Ending of sendKeys method
2026-01-12 23:53:40 INFO  BasePage - Ending of enterEmail method
2026-01-12 23:53:40 INFO  BasePage - Starting of enterPassword method
2026-01-12 23:53:40 INFO  BasePage - Starting of sendKeys method
2026-01-12 23:53:40 INFO  BasePage - Ending of sendKeys method
2026-01-12 23:53:40 INFO  BasePage - Ending of enterPassword method
2026-01-12 23:53:40 INFO  BasePage - Starting of clickOnRememberMe method
2026-01-12 23:53:40 INFO  BasePage - Starting of click method
2026-01-12 23:53:41 INFO  BasePage - Ending of click method
2026-01-12 23:53:41 INFO  BasePage - Ending of clickOnRememberMe method
2026-01-12 23:53:41 INFO  BasePage - Starting of clickOnLoginButton method
2026-01-12 23:53:41 INFO  BasePage - Starting of click method
2026-01-12 23:53:41 INFO  BasePage - Ending of click method
2026-01-12 23:53:41 INFO  BasePage - Ending of clickOnLoginButton method
2026-01-12 23:53:41 INFO  BasePage - Starting of clickOnMoreButton method
2026-01-12 23:53:41 INFO  BasePage - Ending of clickOnMoreButton method
2026-01-12 23:53:44 INFO  BasePage - Starting of clickOnImageButton method
2026-01-12 23:53:44 INFO  BasePage - Starting of click method
2026-01-12 23:53:45 INFO  BasePage - Ending of click method
2026-01-12 23:53:45 INFO  BasePage - Ending of clickOnImageButton method
2026-01-12 23:53:45 INFO  BaseTest - Ending of setup method
2026-01-12 23:53:45 INFO  Listeners - Test Started  : A_testUploadImages
2026-01-12 23:53:45 INFO  BaseTest - Starting of testUploadImages method
2026-01-12 23:53:45 INFO  BasePage - Starting of uploadImage method
2026-01-12 23:53:45 INFO  BasePage - Starting of sendKeys method
2026-01-12 23:53:45 INFO  BasePage - Ending of sendKeys method
2026-01-12 23:53:45 INFO  BasePage - Ending of uploadImage method
2026-01-12 23:53:47 INFO  BasePage - Starting of clickOnUploadButton method
2026-01-12 23:53:47 INFO  BasePage - Starting of click method
2026-01-12 23:53:47 INFO  BasePage - Ending of click method
2026-01-12 23:53:47 INFO  BasePage - Ending of clickOnUploadButton method
2026-01-12 23:53:47 INFO  BasePage - Starting of getImageLabel method
2026-01-12 23:53:47 INFO  BasePage - Ending of getImageLabel method
2026-01-12 23:53:47 INFO  BasePage - Starting of getText method
2026-01-12 23:53:47 INFO  BasePage - Ending of getText method
2026-01-12 23:53:47 INFO  BaseTest - Ending of testUploadImages method
2026-01-12 23:53:47 INFO  Listeners - Test PassedA_testUploadImages
2026-01-13 00:05:56 INFO  BaseTest - Starting of setup method
2026-01-13 00:05:56 INFO  BaseTest - Starting of setup method
2026-01-13 00:05:58 INFO  BasePage - Starting of LoginPage constructor
2026-01-13 00:05:58 INFO  BasePage - Ending of LoginPage constructor
2026-01-13 00:06:01 INFO  BaseTest - Ending of setup method
2026-01-13 00:06:01 INFO  Listeners - Test Started  : A_TestInvaildLogin
2026-01-13 00:06:01 INFO  BaseTest - Starting of TestInvaildLogin method
2026-01-13 00:06:01 INFO  BasePage - Starting of enterEmail method
2026-01-13 00:06:01 INFO  BasePage - Starting of sendKeys method
2026-01-13 00:06:02 INFO  BasePage - Ending of sendKeys method
2026-01-13 00:06:02 INFO  BasePage - Ending of enterEmail method
2026-01-13 00:06:02 INFO  BasePage - Starting of enterPassword method
2026-01-13 00:06:02 INFO  BasePage - Starting of sendKeys method
2026-01-13 00:06:02 INFO  BasePage - Ending of sendKeys method
2026-01-13 00:06:02 INFO  BasePage - Ending of enterPassword method
2026-01-13 00:06:02 INFO  BasePage - Starting of clickOnRememberMe method
2026-01-13 00:06:02 INFO  BasePage - Starting of click method
2026-01-13 00:06:02 INFO  BasePage - Ending of click method
2026-01-13 00:06:02 INFO  BasePage - Ending of clickOnRememberMe method
2026-01-13 00:06:02 INFO  BasePage - Starting of clickOnLoginButton method
2026-01-13 00:06:02 INFO  BasePage - Starting of click method
2026-01-13 00:06:02 INFO  BasePage - Ending of click method
2026-01-13 00:06:02 INFO  BasePage - Ending of clickOnLoginButton method
2026-01-13 00:06:02 INFO  BaseTest - Ending of TestInvaildLogin method
2026-01-13 00:06:02 INFO  Listeners - Test PassedA_TestInvaildLogin
2026-01-13 00:06:02 INFO  Listeners - Test Started  : B_TestInvaildLogin2
2026-01-13 00:06:02 INFO  BaseTest - Starting of TestInvaildLogin2 method
2026-01-13 00:06:02 INFO  BasePage - Starting of enterEmail method
2026-01-13 00:06:02 INFO  BasePage - Starting of sendKeys method
2026-01-13 00:06:02 INFO  BasePage - Ending of sendKeys method
2026-01-13 00:06:02 INFO  BasePage - Ending of enterEmail method
2026-01-13 00:06:02 INFO  BasePage - Starting of enterPassword method
2026-01-13 00:06:02 INFO  BasePage - Starting of sendKeys method
2026-01-13 00:06:03 INFO  BasePage - Ending of sendKeys method
2026-01-13 00:06:03 INFO  BasePage - Ending of enterPassword method
2026-01-13 00:06:03 INFO  BasePage - Starting of clickOnRememberMe method
2026-01-13 00:06:03 INFO  BasePage - Starting of click method
2026-01-13 00:06:03 INFO  BasePage - Ending of click method
2026-01-13 00:06:03 INFO  BasePage - Ending of clickOnRememberMe method
2026-01-13 00:06:03 INFO  BasePage - Starting of clickOnLoginButton method
2026-01-13 00:06:03 INFO  BasePage - Starting of click method
2026-01-13 00:06:03 INFO  BasePage - Ending of click method
2026-01-13 00:06:03 INFO  BasePage - Ending of clickOnLoginButton method
2026-01-13 00:06:03 INFO  BaseTest - Ending of TestInvaildLogin2 method
2026-01-13 00:06:03 INFO  Listeners - Test PassedB_TestInvaildLogin2
2026-01-13 00:06:03 INFO  Listeners - Test Started  : C_TestInvaildLogin3
2026-01-13 00:06:03 INFO  BaseTest - Starting of TestInvaildLogin3 method
2026-01-13 00:06:03 INFO  BasePage - Starting of enterEmail method
2026-01-13 00:06:03 INFO  BasePage - Starting of sendKeys method
2026-01-13 00:06:03 INFO  BasePage - Ending of sendKeys method
2026-01-13 00:06:03 INFO  BasePage - Ending of enterEmail method
2026-01-13 00:06:03 INFO  BasePage - Starting of enterPassword method
2026-01-13 00:06:03 INFO  BasePage - Starting of sendKeys method
2026-01-13 00:06:03 INFO  BasePage - Starting of LoginPage constructor
2026-01-13 00:06:03 INFO  BasePage - Ending of LoginPage constructor
2026-01-13 00:06:03 INFO  BasePage - Ending of sendKeys method
2026-01-13 00:06:03 INFO  BasePage - Ending of enterPassword method
2026-01-13 00:06:03 INFO  BasePage - Starting of clickOnRememberMe method
2026-01-13 00:06:03 INFO  BasePage - Starting of click method
2026-01-13 00:06:04 INFO  BasePage - Ending of click method
2026-01-13 00:06:04 INFO  BasePage - Ending of clickOnRememberMe method
2026-01-13 00:06:04 INFO  BasePage - Starting of clickOnLoginButton method
2026-01-13 00:06:04 INFO  BasePage - Starting of click method
2026-01-13 00:06:04 INFO  BasePage - Ending of click method
2026-01-13 00:06:04 INFO  BasePage - Ending of clickOnLoginButton method
2026-01-13 00:06:04 INFO  BaseTest - Ending of TestInvaildLogin3 method
2026-01-13 00:06:04 INFO  Listeners - Test PassedC_TestInvaildLogin3
2026-01-13 00:06:04 INFO  Listeners - Test Started  : D_testVaildLogin4
2026-01-13 00:06:04 INFO  BaseTest - Starting of testVaildLogin4 method
2026-01-13 00:06:04 INFO  BasePage - Starting of enterEmail method
2026-01-13 00:06:04 INFO  BasePage - Starting of sendKeys method
2026-01-13 00:06:04 INFO  BasePage - Ending of sendKeys method
2026-01-13 00:06:04 INFO  BasePage - Ending of enterEmail method
2026-01-13 00:06:04 INFO  BasePage - Starting of enterPassword method
2026-01-13 00:06:04 INFO  BasePage - Starting of sendKeys method
2026-01-13 00:06:04 INFO  BasePage - Ending of sendKeys method
2026-01-13 00:06:04 INFO  BasePage - Ending of enterPassword method
2026-01-13 00:06:04 INFO  BasePage - Starting of clickOnRememberMe method
2026-01-13 00:06:04 INFO  BasePage - Starting of click method
2026-01-13 00:06:04 INFO  BaseTest - Ending of setup method
2026-01-13 00:06:04 INFO  Listeners - Test Started  : A_TestInvaildLogin
2026-01-13 00:06:04 INFO  BaseTest - Starting of TestInvaildLogin method
2026-01-13 00:06:04 INFO  BasePage - Starting of enterEmail method
2026-01-13 00:06:04 INFO  BasePage - Starting of sendKeys method
2026-01-13 00:06:05 INFO  BasePage - Ending of click method
2026-01-13 00:06:05 INFO  BasePage - Ending of clickOnRememberMe method
2026-01-13 00:06:05 INFO  BasePage - Starting of clickOnLoginButton method
2026-01-13 00:06:05 INFO  BasePage - Starting of click method
2026-01-13 00:06:05 INFO  BasePage - Ending of click method
2026-01-13 00:06:05 INFO  BasePage - Ending of clickOnLoginButton method
2026-01-13 00:06:05 INFO  BaseTest - Ending of testVaildLogin4 method
2026-01-13 00:06:05 INFO  Listeners - Test PassedD_testVaildLogin4
2026-01-13 00:06:05 INFO  BasePage - Ending of sendKeys method
2026-01-13 00:06:05 INFO  BasePage - Ending of enterEmail method
2026-01-13 00:06:05 INFO  BasePage - Starting of enterPassword method
2026-01-13 00:06:05 INFO  BasePage - Starting of sendKeys method
2026-01-13 00:06:05 INFO  BasePage - Ending of sendKeys method
2026-01-13 00:06:05 INFO  BasePage - Ending of enterPassword method
2026-01-13 00:06:05 INFO  BasePage - Starting of clickOnRememberMe method
2026-01-13 00:06:05 INFO  BasePage - Starting of click method
2026-01-13 00:06:05 INFO  BasePage - Ending of click method
2026-01-13 00:06:05 INFO  BasePage - Ending of clickOnRememberMe method
2026-01-13 00:06:05 INFO  BasePage - Starting of clickOnLoginButton method
2026-01-13 00:06:05 INFO  BasePage - Starting of click method
2026-01-13 00:06:05 INFO  BasePage - Ending of click method
2026-01-13 00:06:05 INFO  BasePage - Ending of clickOnLoginButton method
2026-01-13 00:06:05 INFO  BaseTest - Ending of TestInvaildLogin method
2026-01-13 00:06:05 INFO  Listeners - Test PassedA_TestInvaildLogin
2026-01-13 00:06:05 INFO  Listeners - Test Started  : B_TestInvaildLogin2
2026-01-13 00:06:05 INFO  BaseTest - Starting of TestInvaildLogin2 method
2026-01-13 00:06:05 INFO  BasePage - Starting of enterEmail method
2026-01-13 00:06:05 INFO  BasePage - Starting of sendKeys method
2026-01-13 00:06:05 INFO  BasePage - Ending of sendKeys method
2026-01-13 00:06:05 INFO  BasePage - Ending of enterEmail method
2026-01-13 00:06:05 INFO  BasePage - Starting of enterPassword method
2026-01-13 00:06:05 INFO  BasePage - Starting of sendKeys method
2026-01-13 00:06:06 INFO  BasePage - Ending of sendKeys method
2026-01-13 00:06:06 INFO  BasePage - Ending of enterPassword method
2026-01-13 00:06:06 INFO  BasePage - Starting of clickOnRememberMe method
2026-01-13 00:06:06 INFO  BasePage - Starting of click method
2026-01-13 00:06:06 INFO  BasePage - Ending of click method
2026-01-13 00:06:06 INFO  BasePage - Ending of clickOnRememberMe method
2026-01-13 00:06:06 INFO  BasePage - Starting of clickOnLoginButton method
2026-01-13 00:06:06 INFO  BasePage - Starting of click method
2026-01-13 00:06:06 INFO  BasePage - Ending of click method
2026-01-13 00:06:06 INFO  BasePage - Ending of clickOnLoginButton method
2026-01-13 00:06:06 INFO  BaseTest - Ending of TestInvaildLogin2 method
2026-01-13 00:06:06 INFO  Listeners - Test PassedB_TestInvaildLogin2
2026-01-13 00:06:06 INFO  Listeners - Test Started  : C_TestInvaildLogin3
2026-01-13 00:06:06 INFO  BaseTest - Starting of TestInvaildLogin3 method
2026-01-13 00:06:06 INFO  BasePage - Starting of enterEmail method
2026-01-13 00:06:06 INFO  BasePage - Starting of sendKeys method
2026-01-13 00:06:06 INFO  BasePage - Ending of sendKeys method
2026-01-13 00:06:06 INFO  BasePage - Ending of enterEmail method
2026-01-13 00:06:06 INFO  BasePage - Starting of enterPassword method
2026-01-13 00:06:06 INFO  BasePage - Starting of sendKeys method
2026-01-13 00:06:06 INFO  BasePage - Ending of sendKeys method
2026-01-13 00:06:06 INFO  BasePage - Ending of enterPassword method
2026-01-13 00:06:06 INFO  BasePage - Starting of clickOnRememberMe method
2026-01-13 00:06:06 INFO  BasePage - Starting of click method
2026-01-13 00:06:06 INFO  BasePage - Ending of click method
2026-01-13 00:06:06 INFO  BasePage - Ending of clickOnRememberMe method
2026-01-13 00:06:06 INFO  BasePage - Starting of clickOnLoginButton method
2026-01-13 00:06:06 INFO  BasePage - Starting of click method
2026-01-13 00:06:06 INFO  BaseTest - Starting of setup method
2026-01-13 00:06:06 INFO  BasePage - Ending of click method
2026-01-13 00:06:06 INFO  BasePage - Ending of clickOnLoginButton method
2026-01-13 00:06:06 INFO  BaseTest - Ending of TestInvaildLogin3 method
2026-01-13 00:06:06 INFO  Listeners - Test PassedC_TestInvaildLogin3
2026-01-13 00:06:06 INFO  Listeners - Test Started  : D_testVaildLogin4
2026-01-13 00:06:06 INFO  BaseTest - Starting of testVaildLogin4 method
2026-01-13 00:06:06 INFO  BasePage - Starting of enterEmail method
2026-01-13 00:06:06 INFO  BasePage - Starting of sendKeys method
2026-01-13 00:06:06 INFO  BasePage - Ending of sendKeys method
2026-01-13 00:06:06 INFO  BasePage - Ending of enterEmail method
2026-01-13 00:06:06 INFO  BasePage - Starting of enterPassword method
2026-01-13 00:06:06 INFO  BasePage - Starting of sendKeys method
2026-01-13 00:06:06 INFO  BasePage - Ending of sendKeys method
2026-01-13 00:06:06 INFO  BasePage - Ending of enterPassword method
2026-01-13 00:06:06 INFO  BasePage - Starting of clickOnRememberMe method
2026-01-13 00:06:06 INFO  BasePage - Starting of click method
2026-01-13 00:06:06 INFO  BasePage - Ending of click method
2026-01-13 00:06:06 INFO  BasePage - Ending of clickOnRememberMe method
2026-01-13 00:06:06 INFO  BasePage - Starting of clickOnLoginButton method
2026-01-13 00:06:06 INFO  BasePage - Starting of click method
2026-01-13 00:06:07 INFO  BasePage - Ending of click method
2026-01-13 00:06:07 INFO  BasePage - Ending of clickOnLoginButton method
2026-01-13 00:06:07 INFO  BaseTest - Ending of testVaildLogin4 method
2026-01-13 00:06:07 INFO  Listeners - Test PassedD_testVaildLogin4
2026-01-13 00:06:08 INFO  BasePage - Starting of EmployeeDetails constructor
2026-01-13 00:06:08 INFO  BasePage - Ending of EmployeeDetails constructor
2026-01-13 00:06:08 INFO  BasePage - Starting of LoginPage constructor
2026-01-13 00:06:08 INFO  BasePage - Ending of LoginPage constructor
2026-01-13 00:06:08 INFO  BasePage - Starting of enterEmail method
2026-01-13 00:06:08 INFO  BasePage - Starting of sendKeys method
2026-01-13 00:06:09 INFO  BasePage - Ending of sendKeys method
2026-01-13 00:06:09 INFO  BasePage - Ending of enterEmail method
2026-01-13 00:06:09 INFO  BasePage - Starting of enterPassword method
2026-01-13 00:06:09 INFO  BasePage - Starting of sendKeys method
2026-01-13 00:06:09 INFO  BaseTest - Starting of setup method
2026-01-13 00:06:09 INFO  BasePage - Ending of sendKeys method
2026-01-13 00:06:09 INFO  BasePage - Ending of enterPassword method
2026-01-13 00:06:09 INFO  BasePage - Starting of clickOnRememberMe method
2026-01-13 00:06:09 INFO  BasePage - Starting of click method
2026-01-13 00:06:09 INFO  BasePage - Ending of click method
2026-01-13 00:06:09 INFO  BasePage - Ending of clickOnRememberMe method
2026-01-13 00:06:09 INFO  BasePage - Starting of clickOnLoginButton method
2026-01-13 00:06:09 INFO  BasePage - Starting of click method
2026-01-13 00:06:09 INFO  BasePage - Ending of click method
2026-01-13 00:06:09 INFO  BasePage - Ending of clickOnLoginButton method
2026-01-13 00:06:09 INFO  BaseTest - Ending of setup method
2026-01-13 00:06:09 INFO  Listeners - Test Started  : A_testVaildEmployeeDetails
2026-01-13 00:06:09 INFO  BaseTest - Starting of testVaildEmployeeDetails method
2026-01-13 00:06:09 INFO  BasePage - Starting of getWelcomeToJalaAcademy method
2026-01-13 00:06:09 INFO  BasePage - Ending of getWelcomeToJalaAcademy method
2026-01-13 00:06:09 INFO  BasePage - Starting of getText method
2026-01-13 00:06:09 INFO  BasePage - Ending of getText method
2026-01-13 00:06:10 INFO  BasePage - Starting of clickOnEmployeeButton method
2026-01-13 00:06:12 INFO  BasePage - Starting of click method
2026-01-13 00:06:12 INFO  BasePage - Ending of click method
2026-01-13 00:06:12 INFO  BasePage - Ending of clickOnEmployeeButton method
2026-01-13 00:06:12 INFO  BasePage - Starting of clickOnCreateButton method
2026-01-13 00:06:14 INFO  BasePage - Starting of click method
2026-01-13 00:06:14 INFO  BasePage - Starting of EmployeeDetails constructor
2026-01-13 00:06:14 INFO  BasePage - Ending of EmployeeDetails constructor
2026-01-13 00:06:14 INFO  BasePage - Starting of LoginPage constructor
2026-01-13 00:06:14 INFO  BasePage - Ending of LoginPage constructor
2026-01-13 00:06:15 INFO  BasePage - Ending of click method
2026-01-13 00:06:15 INFO  BasePage - Ending of clickOnCreateButton method
2026-01-13 00:06:15 INFO  BasePage - Starting of enterFirstName method
2026-01-13 00:06:15 INFO  BasePage - Starting of sendKeys method
2026-01-13 00:06:15 INFO  BasePage - Starting of enterEmail method
2026-01-13 00:06:15 INFO  BasePage - Starting of sendKeys method
2026-01-13 00:06:16 INFO  BasePage - Ending of sendKeys method
2026-01-13 00:06:16 INFO  BasePage - Ending of enterFirstName method
2026-01-13 00:06:16 INFO  BasePage - Starting of enterFirstName method
2026-01-13 00:06:16 INFO  BasePage - Starting of sendKeys method
2026-01-13 00:06:16 INFO  BasePage - Ending of sendKeys method
2026-01-13 00:06:16 INFO  BasePage - Ending of enterEmail method
2026-01-13 00:06:16 INFO  BasePage - Starting of enterPassword method
2026-01-13 00:06:16 INFO  BasePage - Starting of sendKeys method
2026-01-13 00:06:16 INFO  BasePage - Ending of sendKeys method
2026-01-13 00:06:16 INFO  BasePage - Ending of enterPassword method
2026-01-13 00:06:16 INFO  BasePage - Starting of clickOnRememberMe method
2026-01-13 00:06:16 INFO  BasePage - Starting of click method
2026-01-13 00:06:16 INFO  BasePage - Ending of click method
2026-01-13 00:06:16 INFO  BasePage - Ending of clickOnRememberMe method
2026-01-13 00:06:16 INFO  BasePage - Starting of clickOnLoginButton method
2026-01-13 00:06:16 INFO  BasePage - Starting of click method
2026-01-13 00:06:16 INFO  BasePage - Ending of sendKeys method
2026-01-13 00:06:16 INFO  BasePage - Ending of enterFirstName method
2026-01-13 00:06:16 INFO  BasePage - Starting of enterEmailId method
2026-01-13 00:06:16 INFO  BasePage - Starting of sendKeys method
2026-01-13 00:06:16 INFO  BasePage - Ending of click method
2026-01-13 00:06:16 INFO  BasePage - Ending of clickOnLoginButton method
2026-01-13 00:06:16 INFO  BaseTest - Ending of setup method
2026-01-13 00:06:16 INFO  Listeners - Test Started  : A_testVaildEmployeeDetails
2026-01-13 00:06:16 INFO  BaseTest - Starting of testVaildEmployeeDetails method
2026-01-13 00:06:16 INFO  BasePage - Starting of getWelcomeToJalaAcademy method
2026-01-13 00:06:16 INFO  BasePage - Ending of getWelcomeToJalaAcademy method
2026-01-13 00:06:16 INFO  BasePage - Starting of getText method
2026-01-13 00:06:16 INFO  BasePage - Ending of getText method
2026-01-13 00:06:16 INFO  BasePage - Ending of sendKeys method
2026-01-13 00:06:16 INFO  BasePage - Ending of enterEmailId method
2026-01-13 00:06:16 INFO  BasePage - Starting of enterMobileNumber method
2026-01-13 00:06:16 INFO  BasePage - Starting of sendKeys method
2026-01-13 00:06:16 INFO  BasePage - Ending of sendKeys method
2026-01-13 00:06:16 INFO  BasePage - Ending of enterMobileNumber method
2026-01-13 00:06:16 INFO  BasePage - Starting of enterDateOfBirth method
2026-01-13 00:06:16 INFO  BasePage - Starting of sendKeys method
2026-01-13 00:06:16 INFO  BasePage - Starting of clickOnEmployeeButton method
2026-01-13 00:06:17 INFO  BasePage - Ending of sendKeys method
2026-01-13 00:06:17 INFO  BasePage - Ending of enterDateOfBirth method
2026-01-13 00:06:17 INFO  BasePage - Starting of clickOnEmployeeButton method
2026-01-13 00:06:18 INFO  BasePage - Starting of click method
2026-01-13 00:06:19 INFO  BasePage - Ending of click method
2026-01-13 00:06:19 INFO  BasePage - Ending of clickOnEmployeeButton method
2026-01-13 00:06:19 INFO  BasePage - Starting of clickOnCreateButton method
2026-01-13 00:06:19 INFO  BasePage - Starting of click method
2026-01-13 00:06:19 INFO  BasePage - Ending of click method
2026-01-13 00:06:19 INFO  BasePage - Ending of clickOnEmployeeButton method
2026-01-13 00:06:19 INFO  BasePage - Starting of enterAddress method
2026-01-13 00:06:19 INFO  BasePage - Starting of sendKeys method
2026-01-13 00:06:19 INFO  BasePage - Ending of sendKeys method
2026-01-13 00:06:19 INFO  BasePage - Ending of enterAddress method
2026-01-13 00:06:19 INFO  BasePage - Starting of clickOnSelectCity method
2026-01-13 00:06:19 INFO  BasePage - Starting of click method
2026-01-13 00:06:19 INFO  BasePage - Ending of click method
2026-01-13 00:06:19 INFO  BasePage - Ending of clickOnSelectCity method
2026-01-13 00:06:19 INFO  BasePage - Starting of clickOnIndia method
2026-01-13 00:06:19 INFO  BasePage - Starting of click method
2026-01-13 00:06:19 INFO  BasePage - Ending of click method
2026-01-13 00:06:19 INFO  BasePage - Ending of clickOnIndia method
2026-01-13 00:06:21 INFO  BasePage - Starting of click method
2026-01-13 00:06:21 INFO  BasePage - Ending of click method
2026-01-13 00:06:21 INFO  BasePage - Ending of clickOnCreateButton method
2026-01-13 00:06:21 INFO  BasePage - Starting of enterFirstName method
2026-01-13 00:06:21 INFO  BasePage - Starting of sendKeys method
2026-01-13 00:06:21 INFO  BasePage - Ending of sendKeys method
2026-01-13 00:06:21 INFO  BasePage - Ending of enterFirstName method
2026-01-13 00:06:21 INFO  BasePage - Starting of enterFirstName method
2026-01-13 00:06:21 INFO  BasePage - Starting of sendKeys method
2026-01-13 00:06:21 INFO  BasePage - Ending of sendKeys method
2026-01-13 00:06:21 INFO  BasePage - Ending of enterFirstName method
2026-01-13 00:06:21 INFO  BasePage - Starting of enterEmailId method
2026-01-13 00:06:21 INFO  BasePage - Starting of sendKeys method
2026-01-13 00:06:21 INFO  BasePage - Ending of sendKeys method
2026-01-13 00:06:21 INFO  BasePage - Ending of enterEmailId method
2026-01-13 00:06:21 INFO  BasePage - Starting of enterMobileNumber method
2026-01-13 00:06:21 INFO  BasePage - Starting of sendKeys method
2026-01-13 00:06:21 INFO  BasePage - Ending of sendKeys method
2026-01-13 00:06:21 INFO  BasePage - Ending of enterMobileNumber method
2026-01-13 00:06:21 INFO  BasePage - Starting of enterDateOfBirth method
2026-01-13 00:06:21 INFO  BasePage - Starting of sendKeys method
2026-01-13 00:06:21 INFO  BasePage - Ending of sendKeys method
2026-01-13 00:06:21 INFO  BasePage - Ending of enterDateOfBirth method
2026-01-13 00:06:21 INFO  BasePage - Starting of clickOnEmployeeButton method
2026-01-13 00:06:22 INFO  BasePage - Starting of clickOnSelectCity method
2026-01-13 00:06:22 INFO  BasePage - Starting of click method
2026-01-13 00:06:23 INFO  BasePage - Ending of click method
2026-01-13 00:06:23 INFO  BasePage - Ending of clickOnSelectCity method
2026-01-13 00:06:23 INFO  BasePage - Starting of clickOnHyderabad method
2026-01-13 00:06:23 INFO  BasePage - Starting of click method
2026-01-13 00:06:23 INFO  BasePage - Ending of click method
2026-01-13 00:06:23 INFO  BasePage - Ending of clickOnHyderabad method
2026-01-13 00:06:23 INFO  BasePage - Starting of clickOnQaAutomation method
2026-01-13 00:06:23 INFO  BasePage - Starting of click method
2026-01-13 00:06:23 INFO  BasePage - Ending of click method
2026-01-13 00:06:23 INFO  BasePage - Ending of clickOnQaAutomation method
2026-01-13 00:06:23 INFO  BasePage - Starting of clickOnIndia method
2026-01-13 00:06:23 INFO  BasePage - Starting of click method
2026-01-13 00:06:23 INFO  BasePage - Ending of click method
2026-01-13 00:06:23 INFO  BasePage - Ending of clickOnIndia method
2026-01-13 00:06:23 INFO  BaseTest - Ending of testVaildEmployeeDetails method
2026-01-13 00:06:23 INFO  Listeners - Test PassedA_testVaildEmployeeDetails
2026-01-13 00:06:23 INFO  BaseTest - Starting of setup method
2026-01-13 00:06:23 INFO  BasePage - Starting of click method
2026-01-13 00:06:24 INFO  BasePage - Starting of LoginPage constructor
2026-01-13 00:06:24 INFO  BasePage - Ending of LoginPage constructor
2026-01-13 00:06:24 INFO  BasePage - Starting of EmployeeDetails constructor
2026-01-13 00:06:24 INFO  BasePage - Ending of EmployeeDetails constructor
2026-01-13 00:06:24 INFO  BasePage - Starting of SearchEmployee method
2026-01-13 00:06:24 INFO  BasePage - Ending of SearchEmployee method
2026-01-13 00:06:25 INFO  BasePage - Starting of enterEmail method
2026-01-13 00:06:25 INFO  BasePage - Starting of sendKeys method
2026-01-13 00:06:25 INFO  BaseTest - Starting of setup method
2026-01-13 00:06:25 INFO  Listeners - Test Started  : A_testSearchEmployee
2026-01-13 00:06:25 INFO  BaseTest - Starting of setup method
2026-01-13 00:06:27 INFO  BasePage - Starting of MenuPage constructor
2026-01-13 00:06:27 INFO  BasePage - Ending of MenuPage constructor
2026-01-13 00:06:27 INFO  BasePage - Starting of HomePage constructor
2026-01-13 00:06:27 INFO  BasePage - Ending of HomePage constructor
2026-01-13 00:06:27 INFO  BasePage - Starting of LoginPage constructor
2026-01-13 00:06:27 INFO  BasePage - Ending of LoginPage constructor
2026-01-13 00:06:28 INFO  BasePage - Starting of enterEmail method
2026-01-13 00:06:28 INFO  BasePage - Starting of sendKeys method
2026-01-13 00:06:28 INFO  BasePage - Ending of sendKeys method
2026-01-13 00:06:28 INFO  BasePage - Ending of enterEmail method
2026-01-13 00:06:28 INFO  BasePage - Starting of enterPassword method
2026-01-13 00:06:28 INFO  BasePage - Starting of sendKeys method
2026-01-13 00:06:28 INFO  BasePage - Ending of sendKeys method
2026-01-13 00:06:28 INFO  BasePage - Ending of enterPassword method
2026-01-13 00:06:28 INFO  BasePage - Starting of clickOnRememberMe method
2026-01-13 00:06:28 INFO  BasePage - Starting of click method
2026-01-13 00:06:28 INFO  BasePage - Ending of click method
2026-01-13 00:06:28 INFO  BasePage - Ending of clickOnRememberMe method
2026-01-13 00:06:28 INFO  BasePage - Starting of clickOnLoginButton method
2026-01-13 00:06:28 INFO  BasePage - Starting of click method
2026-01-13 00:06:28 INFO  Listeners - Test Started  : A_testMenu
2026-01-13 00:06:28 INFO  BaseTest - Starting of setup method
2026-01-13 00:06:29 INFO  BasePage - Starting of IframePage constructor
2026-01-13 00:06:29 INFO  BasePage - Ending of IframePage constructor
2026-01-13 00:06:29 INFO  BasePage - Starting of HomePage constructor
2026-01-13 00:06:29 INFO  BasePage - Ending of HomePage constructor
2026-01-13 00:06:29 INFO  BasePage - Starting of LoginPage constructor
2026-01-13 00:06:29 INFO  BasePage - Ending of LoginPage constructor
2026-01-13 00:06:30 INFO  BasePage - Starting of enterEmail method
2026-01-13 00:06:30 INFO  BasePage - Starting of sendKeys method
2026-01-13 00:06:31 INFO  BasePage - Ending of sendKeys method
2026-01-13 00:06:31 INFO  BasePage - Ending of enterEmail method
2026-01-13 00:06:31 INFO  BasePage - Starting of enterPassword method
2026-01-13 00:06:31 INFO  BasePage - Starting of sendKeys method
2026-01-13 00:06:31 INFO  BasePage - Ending of sendKeys method
2026-01-13 00:06:31 INFO  BasePage - Ending of enterPassword method
2026-01-13 00:06:31 INFO  BasePage - Starting of clickOnRememberMe method
2026-01-13 00:06:31 INFO  BasePage - Starting of click method
2026-01-13 00:06:31 INFO  BasePage - Ending of click method
2026-01-13 00:06:31 INFO  BasePage - Ending of clickOnRememberMe method
2026-01-13 00:06:31 INFO  BasePage - Starting of clickOnLoginButton method
2026-01-13 00:06:31 INFO  BasePage - Starting of click method
2026-01-13 00:06:31 INFO  BasePage - Ending of click method
2026-01-13 00:06:31 INFO  BasePage - Ending of clickOnLoginButton method
2026-01-13 00:06:31 INFO  BasePage - Starting of clickOnMoreButton method
2026-01-13 00:06:32 INFO  BasePage - Ending of clickOnMoreButton method
2026-01-13 00:06:33 INFO  BasePage - Starting of LoginPage constructor
2026-01-13 00:06:33 INFO  BasePage - Ending of LoginPage constructor
2026-01-13 00:06:33 INFO  BasePage - Starting of EmployeeDetails constructor
2026-01-13 00:06:33 INFO  BasePage - Ending of EmployeeDetails constructor
2026-01-13 00:06:33 INFO  BasePage - Starting of SearchEmployee method
2026-01-13 00:06:33 INFO  BasePage - Ending of SearchEmployee method
2026-01-13 00:06:35 INFO  BasePage - Starting of clickOnMenuButton method
2026-01-13 00:06:35 INFO  BasePage - Starting of click method
2026-01-19 01:25:10 INFO  BaseTest - Starting of setup method
2026-01-19 01:25:15 INFO  BasePage - Starting of LoginPage constructor
2026-01-19 01:25:15 INFO  BasePage - Ending of LoginPage constructor
2026-01-19 01:25:18 INFO  BaseTest - Ending of setup method
2026-01-19 01:25:19 INFO  Listeners - Test Started  : A_TestInvaildLogin
2026-01-19 01:25:19 INFO  BaseTest - Starting of TestInvaildLogin method
2026-01-19 01:25:19 INFO  BasePage - Starting of enterEmail method
2026-01-19 01:25:19 INFO  BasePage - Starting of sendKeys method
2026-01-19 01:25:19 INFO  BasePage - Ending of sendKeys method
2026-01-19 01:25:19 INFO  BasePage - Ending of enterEmail method
2026-01-19 01:25:19 INFO  BasePage - Starting of enterPassword method
2026-01-19 01:25:19 INFO  BasePage - Starting of sendKeys method
2026-01-19 01:25:20 INFO  BasePage - Ending of sendKeys method
2026-01-19 01:25:20 INFO  BasePage - Ending of enterPassword method
2026-01-19 01:25:20 INFO  BasePage - Starting of clickOnRememberMe method
2026-01-19 01:25:20 INFO  BasePage - Starting of click method
2026-01-19 01:25:20 INFO  BasePage - Ending of click method
2026-01-19 01:25:20 INFO  BasePage - Ending of clickOnRememberMe method
2026-01-19 01:25:20 INFO  BasePage - Starting of clickOnLoginButton method
2026-01-19 01:25:20 INFO  BasePage - Starting of click method
2026-01-19 01:25:20 INFO  BasePage - Ending of click method
2026-01-19 01:25:20 INFO  BasePage - Ending of clickOnLoginButton method
2026-01-19 01:25:20 INFO  BaseTest - Ending of TestInvaildLogin method
2026-01-19 01:25:20 INFO  Listeners - Test PassedA_TestInvaildLogin
2026-01-19 01:25:20 INFO  Listeners - Test Started  : B_TestInvaildLogin2
2026-01-19 01:25:20 INFO  BaseTest - Starting of TestInvaildLogin2 method
2026-01-19 01:25:20 INFO  BasePage - Starting of enterEmail method
2026-01-19 01:25:20 INFO  BasePage - Starting of sendKeys method
2026-01-19 01:25:20 INFO  BasePage - Ending of sendKeys method
2026-01-19 01:25:20 INFO  BasePage - Ending of enterEmail method
2026-01-19 01:25:20 INFO  BasePage - Starting of enterPassword method
2026-01-19 01:25:20 INFO  BasePage - Starting of sendKeys method
2026-01-19 01:25:20 INFO  BasePage - Ending of sendKeys method
2026-01-19 01:25:20 INFO  BasePage - Ending of enterPassword method
2026-01-19 01:25:20 INFO  BasePage - Starting of clickOnRememberMe method
2026-01-19 01:25:20 INFO  BasePage - Starting of click method
2026-01-19 01:25:21 INFO  BasePage - Ending of click method
2026-01-19 01:25:21 INFO  BasePage - Ending of clickOnRememberMe method
2026-01-19 01:25:21 INFO  BasePage - Starting of clickOnLoginButton method
2026-01-19 01:25:21 INFO  BasePage - Starting of click method
2026-01-19 01:25:21 INFO  BasePage - Ending of click method
2026-01-19 01:25:21 INFO  BasePage - Ending of clickOnLoginButton method
2026-01-19 01:25:21 INFO  BaseTest - Ending of TestInvaildLogin2 method
2026-01-19 01:25:21 INFO  Listeners - Test PassedB_TestInvaildLogin2
2026-01-19 01:25:21 INFO  Listeners - Test Started  : C_TestInvaildLogin3
2026-01-19 01:25:21 INFO  BaseTest - Starting of TestInvaildLogin3 method
2026-01-19 01:25:21 INFO  BasePage - Starting of enterEmail method
2026-01-19 01:25:21 INFO  BasePage - Starting of sendKeys method
2026-01-19 01:25:21 INFO  BasePage - Ending of sendKeys method
2026-01-19 01:25:21 INFO  BasePage - Ending of enterEmail method
2026-01-19 01:25:21 INFO  BasePage - Starting of enterPassword method
2026-01-19 01:25:21 INFO  BasePage - Starting of sendKeys method
2026-01-19 01:25:21 INFO  BasePage - Ending of sendKeys method
2026-01-19 01:25:21 INFO  BasePage - Ending of enterPassword method
2026-01-19 01:25:21 INFO  BasePage - Starting of clickOnRememberMe method
2026-01-19 01:25:21 INFO  BasePage - Starting of click method
2026-01-19 01:25:21 INFO  BasePage - Ending of click method
2026-01-19 01:25:21 INFO  BasePage - Ending of clickOnRememberMe method
2026-01-19 01:25:21 INFO  BasePage - Starting of clickOnLoginButton method
2026-01-19 01:25:21 INFO  BasePage - Starting of click method
2026-01-19 01:25:21 INFO  BasePage - Ending of click method
2026-01-19 01:25:21 INFO  BasePage - Ending of clickOnLoginButton method
2026-01-19 01:25:21 INFO  BaseTest - Ending of TestInvaildLogin3 method
2026-01-19 01:25:21 INFO  Listeners - Test PassedC_TestInvaildLogin3
2026-01-19 01:25:21 INFO  Listeners - Test Started  : D_testVaildLogin4
2026-01-19 01:25:21 INFO  BaseTest - Starting of testVaildLogin4 method
2026-01-19 01:25:21 INFO  BasePage - Starting of enterEmail method
2026-01-19 01:25:21 INFO  BasePage - Starting of sendKeys method
2026-01-19 01:25:22 INFO  BasePage - Ending of sendKeys method
2026-01-19 01:25:22 INFO  BasePage - Ending of enterEmail method
2026-01-19 01:25:22 INFO  BasePage - Starting of enterPassword method
2026-01-19 01:25:22 INFO  BasePage - Starting of sendKeys method
2026-01-19 01:25:22 INFO  BasePage - Ending of sendKeys method
2026-01-19 01:25:22 INFO  BasePage - Ending of enterPassword method
2026-01-19 01:25:22 INFO  BasePage - Starting of clickOnRememberMe method
2026-01-19 01:25:22 INFO  BasePage - Starting of click method
2026-01-19 01:25:22 INFO  BasePage - Ending of click method
2026-01-19 01:25:22 INFO  BasePage - Ending of clickOnRememberMe method
2026-01-19 01:25:22 INFO  BasePage - Starting of clickOnLoginButton method
2026-01-19 01:25:22 INFO  BasePage - Starting of click method
2026-01-19 01:25:22 INFO  BasePage - Ending of click method
2026-01-19 01:25:22 INFO  BasePage - Ending of clickOnLoginButton method
2026-01-19 01:25:22 INFO  BaseTest - Ending of testVaildLogin4 method
2026-01-19 01:25:22 INFO  Listeners - Test PassedD_testVaildLogin4
2026-01-19 01:25:23 INFO  BaseTest - Starting of setup method
2026-01-19 01:25:24 INFO  BasePage - Starting of EmployeeDetails constructor
2026-01-19 01:25:24 INFO  BasePage - Ending of EmployeeDetails constructor
2026-01-19 01:25:24 INFO  BasePage - Starting of LoginPage constructor
2026-01-19 01:25:24 INFO  BasePage - Ending of LoginPage constructor
2026-01-19 01:25:25 INFO  BasePage - Starting of enterEmail method
2026-01-19 01:25:25 INFO  BasePage - Starting of sendKeys method
2026-01-19 01:25:25 INFO  BasePage - Ending of sendKeys method
2026-01-19 01:25:25 INFO  BasePage - Ending of enterEmail method
2026-01-19 01:25:25 INFO  BasePage - Starting of enterPassword method
2026-01-19 01:25:25 INFO  BasePage - Starting of sendKeys method
2026-01-19 01:25:25 INFO  BasePage - Ending of sendKeys method
2026-01-19 01:25:25 INFO  BasePage - Ending of enterPassword method
2026-01-19 01:25:25 INFO  BasePage - Starting of clickOnRememberMe method
2026-01-19 01:25:25 INFO  BasePage - Starting of click method
2026-01-19 01:25:25 INFO  BasePage - Ending of click method
2026-01-19 01:25:25 INFO  BasePage - Ending of clickOnRememberMe method
2026-01-19 01:25:25 INFO  BasePage - Starting of clickOnLoginButton method
2026-01-19 01:25:25 INFO  BasePage - Starting of click method
2026-01-19 01:25:25 INFO  BasePage - Ending of click method
2026-01-19 01:25:25 INFO  BasePage - Ending of clickOnLoginButton method
2026-01-19 01:25:25 INFO  BaseTest - Ending of setup method
2026-01-19 01:25:25 INFO  Listeners - Test Started  : A_testVaildEmployeeDetails
2026-01-19 01:25:25 INFO  BaseTest - Starting of testVaildEmployeeDetails method
2026-01-19 01:25:25 INFO  BasePage - Starting of getWelcomeToJalaAcademy method
2026-01-19 01:25:25 INFO  BasePage - Ending of getWelcomeToJalaAcademy method
2026-01-19 01:25:25 INFO  BasePage - Starting of getText method
2026-01-19 01:25:25 INFO  BasePage - Ending of getText method
2026-01-19 01:25:26 INFO  BasePage - Starting of clickOnEmployeeButton method
2026-01-19 01:25:28 INFO  BasePage - Starting of click method
2026-01-19 01:25:28 INFO  BasePage - Ending of click method
2026-01-19 01:25:28 INFO  BasePage - Ending of clickOnEmployeeButton method
2026-01-19 01:25:28 INFO  BasePage - Starting of clickOnCreateButton method
2026-01-19 01:25:30 INFO  BasePage - Starting of click method
2026-01-19 01:25:31 INFO  BasePage - Ending of click method
2026-01-19 01:25:31 INFO  BasePage - Ending of clickOnCreateButton method
2026-01-19 01:25:31 INFO  BasePage - Starting of enterFirstName method
2026-01-19 01:25:31 INFO  BasePage - Starting of sendKeys method
2026-01-19 01:25:31 INFO  BasePage - Ending of sendKeys method
2026-01-19 01:25:31 INFO  BasePage - Ending of enterFirstName method
2026-01-19 01:25:31 INFO  BasePage - Starting of enterFirstName method
2026-01-19 01:25:31 INFO  BasePage - Starting of sendKeys method
2026-01-19 01:25:31 INFO  BasePage - Ending of sendKeys method
2026-01-19 01:25:31 INFO  BasePage - Ending of enterFirstName method
2026-01-19 01:25:31 INFO  BasePage - Starting of enterEmailId method
2026-01-19 01:25:31 INFO  BasePage - Starting of sendKeys method
2026-01-19 01:25:31 INFO  BasePage - Ending of sendKeys method
2026-01-19 01:25:31 INFO  BasePage - Ending of enterEmailId method
2026-01-19 01:25:31 INFO  BasePage - Starting of enterMobileNumber method
2026-01-19 01:25:31 INFO  BasePage - Starting of sendKeys method
2026-01-19 01:25:32 INFO  BasePage - Ending of sendKeys method
2026-01-19 01:25:32 INFO  BasePage - Ending of enterMobileNumber method
2026-01-19 01:25:32 INFO  BasePage - Starting of enterDateOfBirth method
2026-01-19 01:25:32 INFO  BasePage - Starting of sendKeys method
2026-01-19 01:25:32 INFO  BasePage - Ending of sendKeys method
2026-01-19 01:25:32 INFO  BasePage - Ending of enterDateOfBirth method
2026-01-19 01:25:32 INFO  BasePage - Starting of clickOnEmployeeButton method
2026-01-19 01:25:34 INFO  BasePage - Starting of click method
2026-01-19 01:25:34 INFO  BasePage - Ending of click method
2026-01-19 01:25:34 INFO  BasePage - Ending of clickOnEmployeeButton method
2026-01-19 01:25:34 INFO  BasePage - Starting of enterAddress method
2026-01-19 01:25:34 INFO  BasePage - Starting of sendKeys method
2026-01-19 01:25:35 INFO  BasePage - Ending of sendKeys method
2026-01-19 01:25:35 INFO  BasePage - Ending of enterAddress method
2026-01-19 01:25:35 INFO  BasePage - Starting of clickOnSelectCity method
2026-01-19 01:25:35 INFO  BasePage - Starting of click method
2026-01-19 01:25:35 INFO  BasePage - Ending of click method
2026-01-19 01:25:35 INFO  BasePage - Ending of clickOnSelectCity method
2026-01-19 01:25:35 INFO  BasePage - Starting of clickOnIndia method
2026-01-19 01:25:35 INFO  BasePage - Starting of click method
2026-01-19 01:25:35 INFO  BasePage - Ending of click method
2026-01-19 01:25:35 INFO  BasePage - Ending of clickOnIndia method
2026-01-19 01:25:38 INFO  BasePage - Starting of clickOnSelectCity method
2026-01-19 01:25:38 INFO  BasePage - Starting of click method
2026-01-19 01:25:38 INFO  BasePage - Ending of click method
2026-01-19 01:25:38 INFO  BasePage - Ending of clickOnSelectCity method
2026-01-19 01:25:38 INFO  BasePage - Starting of clickOnHyderabad method
2026-01-19 01:25:38 INFO  BasePage - Starting of click method
2026-01-19 01:25:38 INFO  BasePage - Ending of click method
2026-01-19 01:25:38 INFO  BasePage - Ending of clickOnHyderabad method
2026-01-19 01:25:38 INFO  BasePage - Starting of clickOnQaAutomation method
2026-01-19 01:25:38 INFO  BasePage - Starting of click method
2026-01-19 01:25:39 INFO  BasePage - Ending of click method
2026-01-19 01:25:39 INFO  BasePage - Ending of clickOnQaAutomation method
2026-01-19 01:25:39 INFO  BasePage - Starting of clickOnIndia method
2026-01-19 01:25:39 INFO  BasePage - Starting of click method
2026-01-19 01:25:39 INFO  BasePage - Ending of click method
2026-01-19 01:25:39 INFO  BasePage - Ending of clickOnIndia method
2026-01-19 01:25:39 INFO  BaseTest - Ending of testVaildEmployeeDetails method
2026-01-19 01:25:39 INFO  Listeners - Test PassedA_testVaildEmployeeDetails
2026-01-19 01:25:39 INFO  BaseTest - Starting of setup method
2026-01-19 01:25:40 INFO  BasePage - Starting of LoginPage constructor
2026-01-19 01:25:40 INFO  BasePage - Ending of LoginPage constructor
2026-01-19 01:25:40 INFO  BasePage - Starting of EmployeeDetails constructor
2026-01-19 01:25:40 INFO  BasePage - Ending of EmployeeDetails constructor
2026-01-19 01:25:40 INFO  BasePage - Starting of SearchEmployee method
2026-01-19 01:25:40 INFO  BasePage - Ending of SearchEmployee method
2026-01-19 01:25:41 INFO  BasePage - Starting of enterEmail method
2026-01-19 01:25:41 INFO  BasePage - Starting of sendKeys method
2026-01-19 01:25:41 INFO  BasePage - Ending of sendKeys method
2026-01-19 01:25:41 INFO  BasePage - Ending of enterEmail method
2026-01-19 01:25:41 INFO  BasePage - Starting of enterPassword method
2026-01-19 01:25:41 INFO  BasePage - Starting of sendKeys method
2026-01-19 01:25:41 INFO  BasePage - Ending of sendKeys method
2026-01-19 01:25:41 INFO  BasePage - Ending of enterPassword method
2026-01-19 01:25:41 INFO  BasePage - Starting of clickOnRememberMe method
2026-01-19 01:25:41 INFO  BasePage - Starting of click method
2026-01-19 01:25:42 INFO  BasePage - Ending of click method
2026-01-19 01:25:42 INFO  BasePage - Ending of clickOnRememberMe method
2026-01-19 01:25:42 INFO  BasePage - Starting of clickOnLoginButton method
2026-01-19 01:25:42 INFO  BasePage - Starting of click method
2026-01-19 01:25:42 INFO  BasePage - Ending of click method
2026-01-19 01:25:42 INFO  BasePage - Ending of clickOnLoginButton method
2026-01-19 01:25:42 INFO  BasePage - Starting of clickOnEmployeeButton method
2026-01-19 01:25:44 INFO  BasePage - Starting of click method
2026-01-19 01:25:44 INFO  BasePage - Ending of click method
2026-01-19 01:25:44 INFO  BasePage - Ending of clickOnEmployeeButton method
2026-01-19 01:25:44 INFO  BaseTest - Ending of setup method
2026-01-19 01:25:44 INFO  Listeners - Test Started  : A_testSearchEmployee
2026-01-19 01:25:44 INFO  BaseTest - Starting of testSearchEmployee method
2026-01-19 01:25:47 INFO  BasePage - Starting of clickOnSearch method
2026-01-19 01:25:47 INFO  BasePage - Starting of click method
2026-01-19 01:25:48 INFO  BasePage - Ending of click method
2026-01-19 01:25:48 INFO  BasePage - Ending of clickOnSearch method
2026-01-19 01:25:48 INFO  BasePage - Starting of enterEmployeeName method
2026-01-19 01:25:48 INFO  BasePage - Starting of sendKeys method
2026-01-19 01:25:48 INFO  BasePage - Ending of sendKeys method
2026-01-19 01:25:48 INFO  BasePage - Ending of enterEmployeeName method
2026-01-19 01:25:48 INFO  BasePage - Starting of enterPassword method
2026-01-19 01:25:48 INFO  BasePage - Starting of sendKeys method
2026-01-19 01:25:49 INFO  BasePage - Ending of sendKeys method
2026-01-19 01:25:49 INFO  BasePage - Ending of enterPassword method
2026-01-19 01:25:49 INFO  BasePage - Starting of clickOnSearch1 method
2026-01-19 01:25:49 INFO  BasePage - Starting of click method
2026-01-19 01:25:49 INFO  BasePage - Ending of click method
2026-01-19 01:25:49 INFO  BasePage - Ending of setup method
2026-01-19 01:25:52 INFO  BaseTest - Ending of testSearchEmployee method
2026-01-19 01:25:52 INFO  Listeners - Test PassedA_testSearchEmployee
2026-01-19 01:25:52 INFO  BaseTest - Starting of setup method
2026-01-19 01:25:53 INFO  BasePage - Starting of MenuPage constructor
2026-01-19 01:25:53 INFO  BasePage - Ending of MenuPage constructor
2026-01-19 01:25:53 INFO  BasePage - Starting of HomePage constructor
2026-01-19 01:25:53 INFO  BasePage - Ending of HomePage constructor
2026-01-19 01:25:53 INFO  BasePage - Starting of LoginPage constructor
2026-01-19 01:25:53 INFO  BasePage - Ending of LoginPage constructor
2026-01-19 01:25:54 INFO  BasePage - Starting of enterEmail method
2026-01-19 01:25:54 INFO  BasePage - Starting of sendKeys method
2026-01-19 01:25:54 INFO  BasePage - Ending of sendKeys method
2026-01-19 01:25:54 INFO  BasePage - Ending of enterEmail method
2026-01-19 01:25:54 INFO  BasePage - Starting of enterPassword method
2026-01-19 01:25:54 INFO  BasePage - Starting of sendKeys method
2026-01-19 01:25:55 INFO  BasePage - Ending of sendKeys method
2026-01-19 01:25:55 INFO  BasePage - Ending of enterPassword method
2026-01-19 01:25:55 INFO  BasePage - Starting of clickOnRememberMe method
2026-01-19 01:25:55 INFO  BasePage - Starting of click method
2026-01-19 01:25:55 INFO  BasePage - Ending of click method
2026-01-19 01:25:55 INFO  BasePage - Ending of clickOnRememberMe method
2026-01-19 01:25:55 INFO  BasePage - Starting of clickOnLoginButton method
2026-01-19 01:25:55 INFO  BasePage - Starting of click method
2026-01-19 01:25:55 INFO  BasePage - Ending of click method
2026-01-19 01:25:55 INFO  BasePage - Ending of clickOnLoginButton method
2026-01-19 01:25:55 INFO  BasePage - Starting of clickOnMoreButton method
2026-01-19 01:25:56 INFO  BasePage - Ending of clickOnMoreButton method
2026-01-19 01:25:59 INFO  BasePage - Starting of clickOnMenuButton method
2026-01-19 01:25:59 INFO  BasePage - Starting of click method
2026-01-19 01:25:59 INFO  BasePage - Ending of click method
2026-01-19 01:25:59 INFO  BasePage - Ending of clickOnMenuButton method
2026-01-19 01:25:59 INFO  BaseTest - Ending of setup method
2026-01-19 01:25:59 INFO  Listeners - Test Started  : A_testMenu
2026-01-19 01:25:59 INFO  BaseTest - Starting of testMenu method
2026-01-19 01:25:59 INFO  BasePage - Starting of clickOnSubMenuButton method
2026-01-19 01:25:59 INFO  BasePage - Starting of click method
2026-01-19 01:25:59 INFO  BasePage - Ending of click method
2026-01-19 01:25:59 INFO  BasePage - Ending of clickOnSubMenuButton method
2026-01-19 01:25:59 INFO  BaseTest - Ending of testMenu method
2026-01-19 01:25:59 INFO  Listeners - Test PassedA_testMenu
2026-01-19 01:26:00 INFO  BaseTest - Starting of setup method
2026-01-19 01:26:01 INFO  BasePage - Starting of IframePage constructor
2026-01-19 01:26:01 INFO  BasePage - Ending of IframePage constructor
2026-01-19 01:26:01 INFO  BasePage - Starting of HomePage constructor
2026-01-19 01:26:01 INFO  BasePage - Ending of HomePage constructor
2026-01-19 01:26:01 INFO  BasePage - Starting of LoginPage constructor
2026-01-19 01:26:01 INFO  BasePage - Ending of LoginPage constructor
2026-01-19 01:26:02 INFO  BasePage - Starting of enterEmail method
2026-01-19 01:26:02 INFO  BasePage - Starting of sendKeys method
2026-01-19 01:26:02 INFO  BasePage - Ending of sendKeys method
2026-01-19 01:26:02 INFO  BasePage - Ending of enterEmail method
2026-01-19 01:26:02 INFO  BasePage - Starting of enterPassword method
2026-01-19 01:26:02 INFO  BasePage - Starting of sendKeys method
2026-01-19 01:26:02 INFO  BasePage - Ending of sendKeys method
2026-01-19 01:26:02 INFO  BasePage - Ending of enterPassword method
2026-01-19 01:26:02 INFO  BasePage - Starting of clickOnRememberMe method
2026-01-19 01:26:02 INFO  BasePage - Starting of click method
2026-01-19 01:26:02 INFO  BasePage - Ending of click method
2026-01-19 01:26:02 INFO  BasePage - Ending of clickOnRememberMe method
2026-01-19 01:26:02 INFO  BasePage - Starting of clickOnLoginButton method
2026-01-19 01:26:02 INFO  BasePage - Starting of click method
2026-01-19 01:26:02 INFO  BasePage - Ending of click method
2026-01-19 01:26:02 INFO  BasePage - Ending of clickOnLoginButton method
2026-01-19 01:26:02 INFO  BasePage - Starting of clickOnMoreButton method
2026-01-19 01:26:03 INFO  BasePage - Ending of clickOnMoreButton method
2026-01-19 01:26:06 INFO  BasePage - Starting of clickOnMenuButton method
2026-01-19 01:26:06 INFO  BasePage - Starting of click method
2026-01-19 01:26:07 INFO  BasePage - Ending of click method
2026-01-19 01:26:07 INFO  BasePage - Ending of clickOnMenuButton method
2026-01-19 01:26:07 INFO  BasePage - Starting of clickOnIframeButton method
2026-01-19 01:26:07 INFO  BasePage - Starting of click method
2026-01-19 01:26:07 INFO  BasePage - Ending of click method
2026-01-19 01:26:07 INFO  BasePage - Ending of clickOnIframeButton method
2026-01-19 01:26:07 INFO  BaseTest - Ending of setup method
2026-01-19 01:26:07 INFO  Listeners - Test Started  : A_testIframe
2026-01-19 01:26:07 INFO  BaseTest - Starting of testIframe method
2026-01-19 01:26:07 INFO  BasePage - Starting of getFrameOneText method
2026-01-19 01:26:07 INFO  BasePage - Ending of getFrameOneText method
2026-01-19 01:26:07 INFO  BasePage - Starting of getText method
2026-01-19 01:26:07 INFO  BasePage - Ending of getText method
2026-01-19 01:26:07 INFO  BasePage - Starting of getFrameTwoText method
2026-01-19 01:26:07 INFO  BasePage - Ending of getFrameTwoText method
2026-01-19 01:26:07 INFO  BasePage - Starting of getText method
2026-01-19 01:26:07 INFO  BasePage - Ending of getText method
2026-01-19 01:26:07 INFO  BasePage - Starting of getWelcomeToJalaAcademyText method
2026-01-19 01:26:07 INFO  BasePage - Ending of getWelcomeToJalaAcademyText method
2026-01-19 01:26:07 INFO  BasePage - Starting of getText method
2026-01-19 01:26:07 INFO  BasePage - Ending of getText method
2026-01-19 01:26:07 INFO  BaseTest - Ending of testIframe method
2026-01-19 01:26:07 INFO  Listeners - Test PassedA_testIframe
2026-01-19 01:26:08 INFO  BaseTest - Starting of setup method
2026-01-19 01:26:08 INFO  BasePage - Starting of ImagesPage constructor
2026-01-19 01:26:08 INFO  BasePage - Ending of ImagesPage constructor
2026-01-19 01:26:08 INFO  BasePage - Starting of HomePage constructor
2026-01-19 01:26:08 INFO  BasePage - Ending of HomePage constructor
2026-01-19 01:26:08 INFO  BasePage - Starting of LoginPage constructor
2026-01-19 01:26:08 INFO  BasePage - Ending of LoginPage constructor
2026-01-19 01:26:10 INFO  BasePage - Starting of enterEmail method
2026-01-19 01:26:10 INFO  BasePage - Starting of sendKeys method
2026-01-19 01:26:10 INFO  BasePage - Ending of sendKeys method
2026-01-19 01:26:10 INFO  BasePage - Ending of enterEmail method
2026-01-19 01:26:10 INFO  BasePage - Starting of enterPassword method
2026-01-19 01:26:10 INFO  BasePage - Starting of sendKeys method
2026-01-19 01:26:10 INFO  BasePage - Ending of sendKeys method
2026-01-19 01:26:10 INFO  BasePage - Ending of enterPassword method
2026-01-19 01:26:10 INFO  BasePage - Starting of clickOnRememberMe method
2026-01-19 01:26:10 INFO  BasePage - Starting of click method
2026-01-19 01:26:10 INFO  BasePage - Ending of click method
2026-01-19 01:26:10 INFO  BasePage - Ending of clickOnRememberMe method
2026-01-19 01:26:10 INFO  BasePage - Starting of clickOnLoginButton method
2026-01-19 01:26:10 INFO  BasePage - Starting of click method
2026-01-19 01:26:10 INFO  BasePage - Ending of click method
2026-01-19 01:26:10 INFO  BasePage - Ending of clickOnLoginButton method
2026-01-19 01:26:10 INFO  BasePage - Starting of clickOnMoreButton method
2026-01-19 01:26:11 INFO  BasePage - Ending of clickOnMoreButton method
2026-01-19 01:26:14 INFO  BasePage - Starting of clickOnImageButton method
2026-01-19 01:26:14 INFO  BasePage - Starting of click method
2026-01-19 01:26:14 INFO  BasePage - Ending of click method
2026-01-19 01:26:14 INFO  BasePage - Ending of clickOnImageButton method
2026-01-19 01:26:14 INFO  BaseTest - Ending of setup method
2026-01-19 01:26:14 INFO  Listeners - Test Started  : A_testUploadImages
2026-01-19 01:26:14 INFO  BaseTest - Starting of testUploadImages method
2026-01-19 01:26:14 INFO  BasePage - Starting of uploadImage method
2026-01-19 01:26:14 INFO  BasePage - Starting of sendKeys method
2026-01-19 01:26:15 INFO  BasePage - Ending of sendKeys method
2026-01-19 01:26:15 INFO  BasePage - Ending of uploadImage method
2026-01-19 01:26:17 INFO  BasePage - Starting of clickOnUploadButton method
2026-01-19 01:26:17 INFO  BasePage - Starting of click method
2026-01-19 01:26:17 INFO  BasePage - Ending of click method
2026-01-19 01:26:17 INFO  BasePage - Ending of clickOnUploadButton method
2026-01-19 01:26:17 INFO  BasePage - Starting of getImageLabel method
2026-01-19 01:26:17 INFO  BasePage - Ending of getImageLabel method
2026-01-19 01:26:17 INFO  BasePage - Starting of getText method
2026-01-19 01:26:17 INFO  BasePage - Ending of getText method
2026-01-19 01:26:17 INFO  BaseTest - Ending of testUploadImages method
2026-01-19 01:26:17 INFO  Listeners - Test PassedA_testUploadImages
2026-01-19 01:39:54 INFO  BaseTest - Starting of setup method
2026-01-19 01:39:58 INFO  BasePage - Starting of LoginPage constructor
2026-01-19 01:39:58 INFO  BasePage - Ending of LoginPage constructor
2026-01-19 01:39:59 INFO  BaseTest - Ending of setup method
2026-01-19 01:39:59 INFO  Listeners - Test Started  : A_TestInvaildLogin
2026-01-19 01:39:59 INFO  BaseTest - Starting of TestInvaildLogin method
2026-01-19 01:39:59 INFO  BasePage - Starting of enterEmail method
2026-01-19 01:39:59 INFO  BasePage - Starting of sendKeys method
2026-01-19 01:39:59 INFO  BasePage - Ending of sendKeys method
2026-01-19 01:39:59 INFO  BasePage - Ending of enterEmail method
2026-01-19 01:39:59 INFO  BasePage - Starting of enterPassword method
2026-01-19 01:39:59 INFO  BasePage - Starting of sendKeys method
2026-01-19 01:39:59 INFO  BasePage - Ending of sendKeys method
2026-01-19 01:39:59 INFO  BasePage - Ending of enterPassword method
2026-01-19 01:39:59 INFO  BasePage - Starting of clickOnRememberMe method
2026-01-19 01:39:59 INFO  BasePage - Starting of click method
2026-01-19 01:40:00 INFO  BasePage - Ending of click method
2026-01-19 01:40:00 INFO  BasePage - Ending of clickOnRememberMe method
2026-01-19 01:40:00 INFO  BasePage - Starting of clickOnLoginButton method
2026-01-19 01:40:00 INFO  BasePage - Starting of click method
2026-01-19 01:40:00 INFO  BasePage - Ending of click method
2026-01-19 01:40:00 INFO  BasePage - Ending of clickOnLoginButton method
2026-01-19 01:40:00 INFO  BaseTest - Ending of TestInvaildLogin method
2026-01-19 01:40:00 INFO  Listeners - Test PassedA_TestInvaildLogin
2026-01-19 01:40:00 INFO  Listeners - Test Started  : B_TestInvaildLogin2
2026-01-19 01:40:00 INFO  BaseTest - Starting of TestInvaildLogin2 method
2026-01-19 01:40:00 INFO  BasePage - Starting of enterEmail method
2026-01-19 01:40:00 INFO  BasePage - Starting of sendKeys method
2026-01-19 01:40:00 INFO  BasePage - Ending of sendKeys method
2026-01-19 01:40:00 INFO  BasePage - Ending of enterEmail method
2026-01-19 01:40:00 INFO  BasePage - Starting of enterPassword method
2026-01-19 01:40:00 INFO  BasePage - Starting of sendKeys method
2026-01-19 01:40:00 INFO  BasePage - Ending of sendKeys method
2026-01-19 01:40:00 INFO  BasePage - Ending of enterPassword method
2026-01-19 01:40:00 INFO  BasePage - Starting of clickOnRememberMe method
2026-01-19 01:40:00 INFO  BasePage - Starting of click method
2026-01-19 01:40:01 INFO  BasePage - Ending of click method
2026-01-19 01:40:01 INFO  BasePage - Ending of clickOnRememberMe method
2026-01-19 01:40:01 INFO  BasePage - Starting of clickOnLoginButton method
2026-01-19 01:40:01 INFO  BasePage - Starting of click method
2026-01-19 01:40:01 INFO  BasePage - Ending of click method
2026-01-19 01:40:01 INFO  BasePage - Ending of clickOnLoginButton method
2026-01-19 01:40:01 INFO  BaseTest - Ending of TestInvaildLogin2 method
2026-01-19 01:40:01 INFO  Listeners - Test PassedB_TestInvaildLogin2
2026-01-19 01:40:01 INFO  Listeners - Test Started  : C_TestInvaildLogin3
2026-01-19 01:40:01 INFO  BaseTest - Starting of TestInvaildLogin3 method
2026-01-19 01:40:01 INFO  BasePage - Starting of enterEmail method
2026-01-19 01:40:01 INFO  BasePage - Starting of sendKeys method
2026-01-19 01:40:01 INFO  BasePage - Ending of sendKeys method
2026-01-19 01:40:01 INFO  BasePage - Ending of enterEmail method
2026-01-19 01:40:01 INFO  BasePage - Starting of enterPassword method
2026-01-19 01:40:01 INFO  BasePage - Starting of sendKeys method
2026-01-19 01:40:01 INFO  BasePage - Ending of sendKeys method
2026-01-19 01:40:01 INFO  BasePage - Ending of enterPassword method
2026-01-19 01:40:01 INFO  BasePage - Starting of clickOnRememberMe method
2026-01-19 01:40:01 INFO  BasePage - Starting of click method
2026-01-19 01:40:01 INFO  BasePage - Ending of click method
2026-01-19 01:40:01 INFO  BasePage - Ending of clickOnRememberMe method
2026-01-19 01:40:01 INFO  BasePage - Starting of clickOnLoginButton method
2026-01-19 01:40:01 INFO  BasePage - Starting of click method
2026-01-19 01:40:02 INFO  BasePage - Ending of click method
2026-01-19 01:40:02 INFO  BasePage - Ending of clickOnLoginButton method
2026-01-19 01:40:02 INFO  BaseTest - Ending of TestInvaildLogin3 method
2026-01-19 01:40:02 INFO  Listeners - Test PassedC_TestInvaildLogin3
2026-01-19 01:40:02 INFO  Listeners - Test Started  : D_testVaildLogin4
2026-01-19 01:40:02 INFO  BaseTest - Starting of testVaildLogin4 method
2026-01-19 01:40:02 INFO  BasePage - Starting of enterEmail method
2026-01-19 01:40:02 INFO  BasePage - Starting of sendKeys method
2026-01-19 01:40:02 INFO  BasePage - Ending of sendKeys method
2026-01-19 01:40:02 INFO  BasePage - Ending of enterEmail method
2026-01-19 01:40:02 INFO  BasePage - Starting of enterPassword method
2026-01-19 01:40:02 INFO  BasePage - Starting of sendKeys method
2026-01-19 01:40:02 INFO  BasePage - Ending of sendKeys method
2026-01-19 01:40:02 INFO  BasePage - Ending of enterPassword method
2026-01-19 01:40:02 INFO  BasePage - Starting of clickOnRememberMe method
2026-01-19 01:40:02 INFO  BasePage - Starting of click method
2026-01-19 01:40:02 INFO  BasePage - Ending of click method
2026-01-19 01:40:02 INFO  BasePage - Ending of clickOnRememberMe method
2026-01-19 01:40:02 INFO  BasePage - Starting of clickOnLoginButton method
2026-01-19 01:40:02 INFO  BasePage - Starting of click method
2026-01-19 01:40:02 INFO  BasePage - Ending of click method
2026-01-19 01:40:02 INFO  BasePage - Ending of clickOnLoginButton method
2026-01-19 01:40:02 INFO  BaseTest - Ending of testVaildLogin4 method
2026-01-19 01:40:02 INFO  Listeners - Test PassedD_testVaildLogin4
2026-01-19 01:40:04 INFO  BaseTest - Starting of setup method
2026-01-19 01:40:06 INFO  BasePage - Starting of EmployeeDetails constructor
2026-01-19 01:40:06 INFO  BasePage - Ending of EmployeeDetails constructor
2026-01-19 01:40:06 INFO  BasePage - Starting of LoginPage constructor
2026-01-19 01:40:06 INFO  BasePage - Ending of LoginPage constructor
2026-01-19 01:40:06 INFO  BasePage - Starting of enterEmail method
2026-01-19 01:40:06 INFO  BasePage - Starting of sendKeys method
2026-01-19 01:40:07 INFO  BasePage - Ending of sendKeys method
2026-01-19 01:40:07 INFO  BasePage - Ending of enterEmail method
2026-01-19 01:40:07 INFO  BasePage - Starting of enterPassword method
2026-01-19 01:40:07 INFO  BasePage - Starting of sendKeys method
2026-01-19 01:40:07 INFO  BasePage - Ending of sendKeys method
2026-01-19 01:40:07 INFO  BasePage - Ending of enterPassword method
2026-01-19 01:40:07 INFO  BasePage - Starting of clickOnRememberMe method
2026-01-19 01:40:07 INFO  BasePage - Starting of click method
2026-01-19 01:40:07 INFO  BasePage - Ending of click method
2026-01-19 01:40:07 INFO  BasePage - Ending of clickOnRememberMe method
2026-01-19 01:40:07 INFO  BasePage - Starting of clickOnLoginButton method
2026-01-19 01:40:07 INFO  BasePage - Starting of click method
2026-01-19 01:40:07 INFO  BasePage - Ending of click method
2026-01-19 01:40:07 INFO  BasePage - Ending of clickOnLoginButton method
2026-01-19 01:40:07 INFO  BaseTest - Ending of setup method
2026-01-19 01:40:07 INFO  Listeners - Test Started  : A_testVaildEmployeeDetails
2026-01-19 01:40:07 INFO  BaseTest - Starting of testVaildEmployeeDetails method
2026-01-19 01:40:07 INFO  BasePage - Starting of getWelcomeToJalaAcademy method
2026-01-19 01:40:07 INFO  BasePage - Ending of getWelcomeToJalaAcademy method
2026-01-19 01:40:07 INFO  BasePage - Starting of getText method
2026-01-19 01:40:07 INFO  BasePage - Ending of getText method
2026-01-19 01:40:08 INFO  BasePage - Starting of clickOnEmployeeButton method
2026-01-19 01:40:10 INFO  BasePage - Starting of click method
2026-01-19 01:40:10 INFO  BasePage - Ending of click method
2026-01-19 01:40:10 INFO  BasePage - Ending of clickOnEmployeeButton method
2026-01-19 01:40:10 INFO  BasePage - Starting of clickOnCreateButton method
2026-01-19 01:40:12 INFO  BasePage - Starting of click method
2026-01-19 01:40:12 INFO  BasePage - Ending of click method
2026-01-19 01:40:12 INFO  BasePage - Ending of clickOnCreateButton method
2026-01-19 01:40:12 INFO  BasePage - Starting of enterFirstName method
2026-01-19 01:40:12 INFO  BasePage - Starting of sendKeys method
2026-01-19 01:40:13 INFO  BasePage - Ending of sendKeys method
2026-01-19 01:40:13 INFO  BasePage - Ending of enterFirstName method
2026-01-19 01:40:13 INFO  BasePage - Starting of enterFirstName method
2026-01-19 01:40:13 INFO  BasePage - Starting of sendKeys method
2026-01-19 01:40:13 INFO  BasePage - Ending of sendKeys method
2026-01-19 01:40:13 INFO  BasePage - Ending of enterFirstName method
2026-01-19 01:40:13 INFO  BasePage - Starting of enterEmailId method
2026-01-19 01:40:13 INFO  BasePage - Starting of sendKeys method
2026-01-19 01:40:14 INFO  BasePage - Ending of sendKeys method
2026-01-19 01:40:14 INFO  BasePage - Ending of enterEmailId method
2026-01-19 01:40:14 INFO  BasePage - Starting of enterMobileNumber method
2026-01-19 01:40:14 INFO  BasePage - Starting of sendKeys method
2026-01-19 01:40:14 INFO  BasePage - Ending of sendKeys method
2026-01-19 01:40:14 INFO  BasePage - Ending of enterMobileNumber method
2026-01-19 01:40:14 INFO  BasePage - Starting of enterDateOfBirth method
2026-01-19 01:40:14 INFO  BasePage - Starting of sendKeys method
2026-01-19 01:40:14 INFO  BasePage - Ending of sendKeys method
2026-01-19 01:40:14 INFO  BasePage - Ending of enterDateOfBirth method
2026-01-19 01:40:14 INFO  BasePage - Starting of clickOnEmployeeButton method
2026-01-19 01:40:16 INFO  BasePage - Starting of click method
2026-01-19 01:40:16 INFO  BasePage - Ending of click method
2026-01-19 01:40:16 INFO  BasePage - Ending of clickOnEmployeeButton method
2026-01-19 01:40:16 INFO  BasePage - Starting of enterAddress method
2026-01-19 01:40:16 INFO  BasePage - Starting of sendKeys method
2026-01-19 01:40:17 INFO  BasePage - Ending of sendKeys method
2026-01-19 01:40:17 INFO  BasePage - Ending of enterAddress method
2026-01-19 01:40:17 INFO  BasePage - Starting of clickOnSelectCity method
2026-01-19 01:40:17 INFO  BasePage - Starting of click method
2026-01-19 01:40:17 INFO  BasePage - Ending of click method
2026-01-19 01:40:17 INFO  BasePage - Ending of clickOnSelectCity method
2026-01-19 01:40:17 INFO  BasePage - Starting of clickOnIndia method
2026-01-19 01:40:17 INFO  BasePage - Starting of click method
2026-01-19 01:40:17 INFO  BasePage - Ending of click method
2026-01-19 01:40:17 INFO  BasePage - Ending of clickOnIndia method
2026-01-19 01:40:20 INFO  BasePage - Starting of clickOnSelectCity method
2026-01-19 01:40:20 INFO  BasePage - Starting of click method
2026-01-19 01:40:20 INFO  BasePage - Ending of click method
2026-01-19 01:40:20 INFO  BasePage - Ending of clickOnSelectCity method
2026-01-19 01:40:20 INFO  BasePage - Starting of clickOnHyderabad method
2026-01-19 01:40:20 INFO  BasePage - Starting of click method
2026-01-19 01:40:20 INFO  BasePage - Ending of click method
2026-01-19 01:40:20 INFO  BasePage - Ending of clickOnHyderabad method
2026-01-19 01:40:20 INFO  BasePage - Starting of clickOnQaAutomation method
2026-01-19 01:40:20 INFO  BasePage - Starting of click method
2026-01-19 01:40:20 INFO  BasePage - Ending of click method
2026-01-19 01:40:20 INFO  BasePage - Ending of clickOnQaAutomation method
2026-01-19 01:40:20 INFO  BasePage - Starting of clickOnIndia method
2026-01-19 01:40:20 INFO  BasePage - Starting of click method
2026-01-19 01:40:20 INFO  BasePage - Ending of click method
2026-01-19 01:40:20 INFO  BasePage - Ending of clickOnIndia method
2026-01-19 01:40:20 INFO  BaseTest - Ending of testVaildEmployeeDetails method
2026-01-19 01:40:20 INFO  Listeners - Test PassedA_testVaildEmployeeDetails
2026-01-19 01:40:21 INFO  BaseTest - Starting of setup method
2026-01-19 01:40:22 INFO  BasePage - Starting of LoginPage constructor
2026-01-19 01:40:22 INFO  BasePage - Ending of LoginPage constructor
2026-01-19 01:40:22 INFO  BasePage - Starting of EmployeeDetails constructor
2026-01-19 01:40:22 INFO  BasePage - Ending of EmployeeDetails constructor
2026-01-19 01:40:22 INFO  BasePage - Starting of SearchEmployee method
2026-01-19 01:40:22 INFO  BasePage - Ending of SearchEmployee method
2026-01-19 01:40:23 INFO  BasePage - Starting of enterEmail method
2026-01-19 01:40:23 INFO  BasePage - Starting of sendKeys method
2026-01-19 01:40:23 INFO  BasePage - Ending of sendKeys method
2026-01-19 01:40:23 INFO  BasePage - Ending of enterEmail method
2026-01-19 01:40:23 INFO  BasePage - Starting of enterPassword method
2026-01-19 01:40:23 INFO  BasePage - Starting of sendKeys method
2026-01-19 01:40:23 INFO  BasePage - Ending of sendKeys method
2026-01-19 01:40:23 INFO  BasePage - Ending of enterPassword method
2026-01-19 01:40:23 INFO  BasePage - Starting of clickOnRememberMe method
2026-01-19 01:40:23 INFO  BasePage - Starting of click method
2026-01-19 01:40:23 INFO  BasePage - Ending of click method
2026-01-19 01:40:23 INFO  BasePage - Ending of clickOnRememberMe method
2026-01-19 01:40:23 INFO  BasePage - Starting of clickOnLoginButton method
2026-01-19 01:40:23 INFO  BasePage - Starting of click method
2026-01-19 01:40:24 INFO  BasePage - Ending of click method
2026-01-19 01:40:24 INFO  BasePage - Ending of clickOnLoginButton method
2026-01-19 01:40:24 INFO  BasePage - Starting of clickOnEmployeeButton method
2026-01-19 01:40:26 INFO  BasePage - Starting of click method
2026-01-19 01:40:26 INFO  BasePage - Ending of click method
2026-01-19 01:40:26 INFO  BasePage - Ending of clickOnEmployeeButton method
2026-01-19 01:40:26 INFO  BaseTest - Ending of setup method
2026-01-19 01:40:26 INFO  Listeners - Test Started  : A_testSearchEmployee
2026-01-19 01:40:26 INFO  BaseTest - Starting of testSearchEmployee method
2026-01-19 01:40:29 INFO  BasePage - Starting of clickOnSearch method
2026-01-19 01:40:29 INFO  BasePage - Starting of click method
2026-01-19 01:40:30 INFO  BasePage - Ending of click method
2026-01-19 01:40:30 INFO  BasePage - Ending of clickOnSearch method
2026-01-19 01:40:30 INFO  BasePage - Starting of enterEmployeeName method
2026-01-19 01:40:30 INFO  BasePage - Starting of sendKeys method
2026-01-19 01:40:30 INFO  BasePage - Ending of sendKeys method
2026-01-19 01:40:30 INFO  BasePage - Ending of enterEmployeeName method
2026-01-19 01:40:30 INFO  BasePage - Starting of enterPassword method
2026-01-19 01:40:30 INFO  BasePage - Starting of sendKeys method
2026-01-19 01:40:31 INFO  BasePage - Ending of sendKeys method
2026-01-19 01:40:31 INFO  BasePage - Ending of enterPassword method
2026-01-19 01:40:31 INFO  BasePage - Starting of clickOnSearch1 method
2026-01-19 01:40:31 INFO  BasePage - Starting of click method
2026-01-19 01:40:31 INFO  BasePage - Ending of click method
2026-01-19 01:40:31 INFO  BasePage - Ending of setup method
2026-01-19 01:40:34 INFO  BaseTest - Ending of testSearchEmployee method
2026-01-19 01:40:34 INFO  Listeners - Test PassedA_testSearchEmployee
2026-01-19 01:40:36 INFO  BaseTest - Starting of setup method
2026-01-19 01:40:37 INFO  BasePage - Starting of MenuPage constructor
2026-01-19 01:40:37 INFO  BasePage - Ending of MenuPage constructor
2026-01-19 01:40:37 INFO  BasePage - Starting of HomePage constructor
2026-01-19 01:40:37 INFO  BasePage - Ending of HomePage constructor
2026-01-19 01:40:37 INFO  BasePage - Starting of LoginPage constructor
2026-01-19 01:40:37 INFO  BasePage - Ending of LoginPage constructor
2026-01-19 01:40:38 INFO  BasePage - Starting of enterEmail method
2026-01-19 01:40:38 INFO  BasePage - Starting of sendKeys method
2026-01-19 01:40:38 INFO  BasePage - Ending of sendKeys method
2026-01-19 01:40:38 INFO  BasePage - Ending of enterEmail method
2026-01-19 01:40:38 INFO  BasePage - Starting of enterPassword method
2026-01-19 01:40:38 INFO  BasePage - Starting of sendKeys method
2026-01-19 01:40:38 INFO  BasePage - Ending of sendKeys method
2026-01-19 01:40:38 INFO  BasePage - Ending of enterPassword method
2026-01-19 01:40:38 INFO  BasePage - Starting of clickOnRememberMe method
2026-01-19 01:40:38 INFO  BasePage - Starting of click method
2026-01-19 01:40:38 INFO  BasePage - Ending of click method
2026-01-19 01:40:38 INFO  BasePage - Ending of clickOnRememberMe method
2026-01-19 01:40:38 INFO  BasePage - Starting of clickOnLoginButton method
2026-01-19 01:40:38 INFO  BasePage - Starting of click method
2026-01-19 01:40:39 INFO  BasePage - Ending of click method
2026-01-19 01:40:39 INFO  BasePage - Ending of clickOnLoginButton method
2026-01-19 01:40:39 INFO  BasePage - Starting of clickOnMoreButton method
2026-01-19 01:40:39 INFO  BasePage - Ending of clickOnMoreButton method
2026-01-19 01:40:42 INFO  BasePage - Starting of clickOnMenuButton method
2026-01-19 01:40:42 INFO  BasePage - Starting of click method
2026-01-19 01:40:43 INFO  BasePage - Ending of click method
2026-01-19 01:40:43 INFO  BasePage - Ending of clickOnMenuButton method
2026-01-19 01:40:43 INFO  BaseTest - Ending of setup method
2026-01-19 01:40:43 INFO  Listeners - Test Started  : A_testMenu
2026-01-19 01:40:43 INFO  BaseTest - Starting of testMenu method
2026-01-19 01:40:43 INFO  BasePage - Starting of clickOnSubMenuButton method
2026-01-19 01:40:43 INFO  BasePage - Starting of click method
2026-01-19 01:40:43 INFO  BasePage - Ending of click method
2026-01-19 01:40:43 INFO  BasePage - Ending of clickOnSubMenuButton method
2026-01-19 01:40:43 INFO  BaseTest - Ending of testMenu method
2026-01-19 01:40:43 INFO  Listeners - Test PassedA_testMenu
2026-01-19 01:40:43 INFO  BaseTest - Starting of setup method
2026-01-19 01:40:44 INFO  BasePage - Starting of IframePage constructor
2026-01-19 01:40:44 INFO  BasePage - Ending of IframePage constructor
2026-01-19 01:40:44 INFO  BasePage - Starting of HomePage constructor
2026-01-19 01:40:44 INFO  BasePage - Ending of HomePage constructor
2026-01-19 01:40:44 INFO  BasePage - Starting of LoginPage constructor
2026-01-19 01:40:44 INFO  BasePage - Ending of LoginPage constructor
2026-01-19 01:40:45 INFO  BasePage - Starting of enterEmail method
2026-01-19 01:40:45 INFO  BasePage - Starting of sendKeys method
2026-01-19 01:40:46 INFO  BasePage - Ending of sendKeys method
2026-01-19 01:40:46 INFO  BasePage - Ending of enterEmail method
2026-01-19 01:40:46 INFO  BasePage - Starting of enterPassword method
2026-01-19 01:40:46 INFO  BasePage - Starting of sendKeys method
2026-01-19 01:40:46 INFO  BasePage - Ending of sendKeys method
2026-01-19 01:40:46 INFO  BasePage - Ending of enterPassword method
2026-01-19 01:40:46 INFO  BasePage - Starting of clickOnRememberMe method
2026-01-19 01:40:46 INFO  BasePage - Starting of click method
2026-01-19 01:40:46 INFO  BasePage - Ending of click method
2026-01-19 01:40:46 INFO  BasePage - Ending of clickOnRememberMe method
2026-01-19 01:40:46 INFO  BasePage - Starting of clickOnLoginButton method
2026-01-19 01:40:46 INFO  BasePage - Starting of click method
2026-01-19 01:40:46 INFO  BasePage - Ending of click method
2026-01-19 01:40:46 INFO  BasePage - Ending of clickOnLoginButton method
2026-01-19 01:40:46 INFO  BasePage - Starting of clickOnMoreButton method
2026-01-19 01:40:47 INFO  BasePage - Ending of clickOnMoreButton method
2026-01-19 01:40:50 INFO  BasePage - Starting of clickOnMenuButton method
2026-01-19 01:40:50 INFO  BasePage - Starting of click method
2026-01-19 01:40:50 INFO  BasePage - Ending of click method
2026-01-19 01:40:50 INFO  BasePage - Ending of clickOnMenuButton method
2026-01-19 01:40:50 INFO  BasePage - Starting of clickOnIframeButton method
2026-01-19 01:40:50 INFO  BasePage - Starting of click method
2026-01-19 01:40:50 INFO  BasePage - Ending of click method
2026-01-19 01:40:50 INFO  BasePage - Ending of clickOnIframeButton method
2026-01-19 01:40:50 INFO  BaseTest - Ending of setup method
2026-01-19 01:40:50 INFO  Listeners - Test Started  : A_testIframe
2026-01-19 01:40:50 INFO  BaseTest - Starting of testIframe method
2026-01-19 01:40:50 INFO  BasePage - Starting of getFrameOneText method
2026-01-19 01:40:50 INFO  BasePage - Ending of getFrameOneText method
2026-01-19 01:40:50 INFO  BasePage - Starting of getText method
2026-01-19 01:40:50 INFO  BasePage - Ending of getText method
2026-01-19 01:40:50 INFO  BasePage - Starting of getFrameTwoText method
2026-01-19 01:40:50 INFO  BasePage - Ending of getFrameTwoText method
2026-01-19 01:40:50 INFO  BasePage - Starting of getText method
2026-01-19 01:40:50 INFO  BasePage - Ending of getText method
2026-01-19 01:40:50 INFO  BasePage - Starting of getWelcomeToJalaAcademyText method
2026-01-19 01:40:51 INFO  BasePage - Ending of getWelcomeToJalaAcademyText method
2026-01-19 01:40:51 INFO  BasePage - Starting of getText method
2026-01-19 01:40:51 INFO  BasePage - Ending of getText method
2026-01-19 01:40:51 INFO  BaseTest - Ending of testIframe method
2026-01-19 01:40:51 INFO  Listeners - Test PassedA_testIframe
2026-01-19 01:40:51 INFO  BaseTest - Starting of setup method
2026-01-19 01:40:52 INFO  BasePage - Starting of ImagesPage constructor
2026-01-19 01:40:52 INFO  BasePage - Ending of ImagesPage constructor
2026-01-19 01:40:52 INFO  BasePage - Starting of HomePage constructor
2026-01-19 01:40:52 INFO  BasePage - Ending of HomePage constructor
2026-01-19 01:40:52 INFO  BasePage - Starting of LoginPage constructor
2026-01-19 01:40:52 INFO  BasePage - Ending of LoginPage constructor
2026-01-19 01:40:53 INFO  BasePage - Starting of enterEmail method
2026-01-19 01:40:53 INFO  BasePage - Starting of sendKeys method
2026-01-19 01:40:54 INFO  BasePage - Ending of sendKeys method
2026-01-19 01:40:54 INFO  BasePage - Ending of enterEmail method
2026-01-19 01:40:54 INFO  BasePage - Starting of enterPassword method
2026-01-19 01:40:54 INFO  BasePage - Starting of sendKeys method
2026-01-19 01:40:54 INFO  BasePage - Ending of sendKeys method
2026-01-19 01:40:54 INFO  BasePage - Ending of enterPassword method
2026-01-19 01:40:54 INFO  BasePage - Starting of clickOnRememberMe method
2026-01-19 01:40:54 INFO  BasePage - Starting of click method
2026-01-19 01:40:54 INFO  BasePage - Ending of click method
2026-01-19 01:40:54 INFO  BasePage - Ending of clickOnRememberMe method
2026-01-19 01:40:54 INFO  BasePage - Starting of clickOnLoginButton method
2026-01-19 01:40:54 INFO  BasePage - Starting of click method
2026-01-19 01:40:54 INFO  BasePage - Ending of click method
2026-01-19 01:40:54 INFO  BasePage - Ending of clickOnLoginButton method
2026-01-19 01:40:54 INFO  BasePage - Starting of clickOnMoreButton method
2026-01-19 01:40:55 INFO  BasePage - Ending of clickOnMoreButton method
2026-01-19 01:40:58 INFO  BasePage - Starting of clickOnImageButton method
2026-01-19 01:40:58 INFO  BasePage - Starting of click method
2026-01-19 01:40:58 INFO  BasePage - Ending of click method
2026-01-19 01:40:58 INFO  BasePage - Ending of clickOnImageButton method
2026-01-19 01:40:58 INFO  BaseTest - Ending of setup method
2026-01-19 01:40:58 INFO  Listeners - Test Started  : A_testUploadImages
2026-01-19 01:40:58 INFO  BaseTest - Starting of testUploadImages method
2026-01-19 01:40:58 INFO  BasePage - Starting of uploadImage method
2026-01-19 01:40:58 INFO  BasePage - Starting of sendKeys method
2026-01-19 01:40:59 INFO  BasePage - Ending of sendKeys method
2026-01-19 01:40:59 INFO  BasePage - Ending of uploadImage method
2026-01-19 01:41:01 INFO  BasePage - Starting of clickOnUploadButton method
2026-01-19 01:41:01 INFO  BasePage - Starting of click method
2026-01-19 01:41:01 INFO  BasePage - Ending of click method
2026-01-19 01:41:01 INFO  BasePage - Ending of clickOnUploadButton method
2026-01-19 01:41:01 INFO  BasePage - Starting of getImageLabel method
2026-01-19 01:41:01 INFO  BasePage - Ending of getImageLabel method
2026-01-19 01:41:01 INFO  BasePage - Starting of getText method
2026-01-19 01:41:01 INFO  BasePage - Ending of getText method
2026-01-19 01:41:01 INFO  BaseTest - Ending of testUploadImages method
2026-01-19 01:41:01 INFO  Listeners - Test PassedA_testUploadImages
2026-01-27 14:06:09 INFO  BaseTest - Starting of setup method
2026-01-27 14:06:18 INFO  BasePage - Starting of LoginPage constructor
2026-01-27 14:06:18 INFO  BasePage - Ending of LoginPage constructor
2026-01-27 14:06:21 INFO  BaseTest - Ending of setup method
2026-01-27 14:06:21 INFO  Listeners - Test Started  : A_TestInvaildLogin
2026-01-27 14:06:21 INFO  BaseTest - Starting of TestInvaildLogin method
2026-01-27 14:06:21 INFO  BasePage - Starting of enterEmail method
2026-01-27 14:06:21 INFO  BasePage - Starting of sendKeys method
2026-01-27 14:06:22 INFO  BasePage - Ending of sendKeys method
2026-01-27 14:06:22 INFO  BasePage - Ending of enterEmail method
2026-01-27 14:06:22 INFO  BasePage - Starting of enterPassword method
2026-01-27 14:06:22 INFO  BasePage - Starting of sendKeys method
2026-01-27 14:06:22 INFO  BasePage - Ending of sendKeys method
2026-01-27 14:06:22 INFO  BasePage - Ending of enterPassword method
2026-01-27 14:06:22 INFO  BasePage - Starting of clickOnRememberMe method
2026-01-27 14:06:22 INFO  BasePage - Starting of click method
2026-01-27 14:06:22 INFO  BasePage - Ending of click method
2026-01-27 14:06:22 INFO  BasePage - Ending of clickOnRememberMe method
2026-01-27 14:06:22 INFO  BasePage - Starting of clickOnLoginButton method
2026-01-27 14:06:22 INFO  BasePage - Starting of click method
2026-01-27 14:06:23 INFO  BasePage - Ending of click method
2026-01-27 14:06:23 INFO  BasePage - Ending of clickOnLoginButton method
2026-01-27 14:06:23 INFO  BaseTest - Ending of TestInvaildLogin method
2026-01-27 14:06:23 INFO  Listeners - Test PassedA_TestInvaildLogin
2026-01-27 14:06:23 INFO  Listeners - Test Started  : B_TestInvaildLogin2
2026-01-27 14:06:23 INFO  BaseTest - Starting of TestInvaildLogin2 method
2026-01-27 14:06:23 INFO  BasePage - Starting of enterEmail method
2026-01-27 14:06:23 INFO  BasePage - Starting of sendKeys method
2026-01-27 14:06:23 INFO  BasePage - Ending of sendKeys method
2026-01-27 14:06:23 INFO  BasePage - Ending of enterEmail method
2026-01-27 14:06:23 INFO  BasePage - Starting of enterPassword method
2026-01-27 14:06:23 INFO  BasePage - Starting of sendKeys method
2026-01-27 14:06:23 INFO  BasePage - Ending of sendKeys method
2026-01-27 14:06:23 INFO  BasePage - Ending of enterPassword method
2026-01-27 14:06:23 INFO  BasePage - Starting of clickOnRememberMe method
2026-01-27 14:06:23 INFO  BasePage - Starting of click method
2026-01-27 14:06:23 INFO  BasePage - Ending of click method
2026-01-27 14:06:23 INFO  BasePage - Ending of clickOnRememberMe method
2026-01-27 14:06:23 INFO  BasePage - Starting of clickOnLoginButton method
2026-01-27 14:06:23 INFO  BasePage - Starting of click method
2026-01-27 14:06:23 INFO  BasePage - Ending of click method
2026-01-27 14:06:23 INFO  BasePage - Ending of clickOnLoginButton method
2026-01-27 14:06:23 INFO  BaseTest - Ending of TestInvaildLogin2 method
2026-01-27 14:06:23 INFO  Listeners - Test PassedB_TestInvaildLogin2
2026-01-27 14:06:24 INFO  Listeners - Test Started  : C_TestInvaildLogin3
2026-01-27 14:06:24 INFO  BaseTest - Starting of TestInvaildLogin3 method
2026-01-27 14:06:24 INFO  BasePage - Starting of enterEmail method
2026-01-27 14:06:24 INFO  BasePage - Starting of sendKeys method
2026-01-27 14:06:24 INFO  BasePage - Ending of sendKeys method
2026-01-27 14:06:24 INFO  BasePage - Ending of enterEmail method
2026-01-27 14:06:24 INFO  BasePage - Starting of enterPassword method
2026-01-27 14:06:24 INFO  BasePage - Starting of sendKeys method
2026-01-27 14:06:24 INFO  BasePage - Ending of sendKeys method
2026-01-27 14:06:24 INFO  BasePage - Ending of enterPassword method
2026-01-27 14:06:24 INFO  BasePage - Starting of clickOnRememberMe method
2026-01-27 14:06:24 INFO  BasePage - Starting of click method
2026-01-27 14:06:24 INFO  BasePage - Ending of click method
2026-01-27 14:06:24 INFO  BasePage - Ending of clickOnRememberMe method
2026-01-27 14:06:24 INFO  BasePage - Starting of clickOnLoginButton method
2026-01-27 14:06:24 INFO  BasePage - Starting of click method
2026-01-27 14:06:24 INFO  BasePage - Ending of click method
2026-01-27 14:06:24 INFO  BasePage - Ending of clickOnLoginButton method
2026-01-27 14:06:24 INFO  BaseTest - Ending of TestInvaildLogin3 method
2026-01-27 14:06:24 INFO  Listeners - Test PassedC_TestInvaildLogin3
2026-01-27 14:06:25 INFO  Listeners - Test Started  : D_testVaildLogin4
2026-01-27 14:06:25 INFO  BaseTest - Starting of testVaildLogin4 method
2026-01-27 14:06:25 INFO  BasePage - Starting of enterEmail method
2026-01-27 14:06:25 INFO  BasePage - Starting of sendKeys method
2026-01-27 14:06:25 INFO  BasePage - Ending of sendKeys method
2026-01-27 14:06:25 INFO  BasePage - Ending of enterEmail method
2026-01-27 14:06:25 INFO  BasePage - Starting of enterPassword method
2026-01-27 14:06:25 INFO  BasePage - Starting of sendKeys method
2026-01-27 14:06:25 INFO  BasePage - Ending of sendKeys method
2026-01-27 14:06:25 INFO  BasePage - Ending of enterPassword method
2026-01-27 14:06:25 INFO  BasePage - Starting of clickOnRememberMe method
2026-01-27 14:06:25 INFO  BasePage - Starting of click method
2026-01-27 14:06:25 INFO  BasePage - Ending of click method
2026-01-27 14:06:25 INFO  BasePage - Ending of clickOnRememberMe method
2026-01-27 14:06:25 INFO  BasePage - Starting of clickOnLoginButton method
2026-01-27 14:06:25 INFO  BasePage - Starting of click method
2026-01-27 14:06:25 INFO  BasePage - Ending of click method
2026-01-27 14:06:25 INFO  BasePage - Ending of clickOnLoginButton method
2026-01-27 14:06:25 INFO  BaseTest - Ending of testVaildLogin4 method
2026-01-27 14:06:25 INFO  Listeners - Test PassedD_testVaildLogin4
2026-01-27 14:06:26 INFO  BaseTest - Starting of setup method
2026-01-27 14:06:27 INFO  BasePage - Starting of EmployeeDetails constructor
2026-01-27 14:06:27 INFO  BasePage - Ending of EmployeeDetails constructor
2026-01-27 14:06:27 INFO  BasePage - Starting of LoginPage constructor
2026-01-27 14:06:27 INFO  BasePage - Ending of LoginPage constructor
2026-01-27 14:06:28 INFO  BasePage - Starting of enterEmail method
2026-01-27 14:06:28 INFO  BasePage - Starting of sendKeys method
2026-01-27 14:06:28 INFO  BasePage - Ending of sendKeys method
2026-01-27 14:06:28 INFO  BasePage - Ending of enterEmail method
2026-01-27 14:06:28 INFO  BasePage - Starting of enterPassword method
2026-01-27 14:06:28 INFO  BasePage - Starting of sendKeys method
2026-01-27 14:06:28 INFO  BasePage - Ending of sendKeys method
2026-01-27 14:06:28 INFO  BasePage - Ending of enterPassword method
2026-01-27 14:06:28 INFO  BasePage - Starting of clickOnRememberMe method
2026-01-27 14:06:28 INFO  BasePage - Starting of click method
2026-01-27 14:06:29 INFO  BasePage - Ending of click method
2026-01-27 14:06:29 INFO  BasePage - Ending of clickOnRememberMe method
2026-01-27 14:06:29 INFO  BasePage - Starting of clickOnLoginButton method
2026-01-27 14:06:29 INFO  BasePage - Starting of click method
2026-01-27 14:06:29 INFO  BasePage - Ending of click method
2026-01-27 14:06:29 INFO  BasePage - Ending of clickOnLoginButton method
2026-01-27 14:06:29 INFO  BaseTest - Ending of setup method
2026-01-27 14:06:29 INFO  Listeners - Test Started  : A_testVaildEmployeeDetails
2026-01-27 14:06:29 INFO  BaseTest - Starting of testVaildEmployeeDetails method
2026-01-27 14:06:29 INFO  BasePage - Starting of getWelcomeToJalaAcademy method
2026-01-27 14:06:29 INFO  BasePage - Ending of getWelcomeToJalaAcademy method
2026-01-27 14:06:29 INFO  BasePage - Starting of getText method
2026-01-27 14:06:29 INFO  BasePage - Ending of getText method
2026-01-27 14:06:29 INFO  BasePage - Starting of clickOnEmployeeButton method
2026-01-27 14:06:31 INFO  BasePage - Starting of click method
2026-01-27 14:06:32 INFO  BasePage - Ending of click method
2026-01-27 14:06:32 INFO  BasePage - Ending of clickOnEmployeeButton method
2026-01-27 14:06:32 INFO  BasePage - Starting of clickOnCreateButton method
2026-01-27 14:06:34 INFO  BasePage - Starting of click method
2026-01-27 14:06:34 INFO  BasePage - Ending of click method
2026-01-27 14:06:34 INFO  BasePage - Ending of clickOnCreateButton method
2026-01-27 14:06:34 INFO  BasePage - Starting of enterFirstName method
2026-01-27 14:06:34 INFO  BasePage - Starting of sendKeys method
2026-01-27 14:06:34 INFO  BasePage - Ending of sendKeys method
2026-01-27 14:06:34 INFO  BasePage - Ending of enterFirstName method
2026-01-27 14:06:34 INFO  BasePage - Starting of enterFirstName method
2026-01-27 14:06:34 INFO  BasePage - Starting of sendKeys method
2026-01-27 14:06:34 INFO  BasePage - Ending of sendKeys method
2026-01-27 14:06:34 INFO  BasePage - Ending of enterFirstName method
2026-01-27 14:06:34 INFO  BasePage - Starting of enterEmailId method
2026-01-27 14:06:34 INFO  BasePage - Starting of sendKeys method
2026-01-27 14:06:35 INFO  BasePage - Ending of sendKeys method
2026-01-27 14:06:35 INFO  BasePage - Ending of enterEmailId method
2026-01-27 14:06:35 INFO  BasePage - Starting of enterMobileNumber method
2026-01-27 14:06:35 INFO  BasePage - Starting of sendKeys method
2026-01-27 14:06:35 INFO  BasePage - Ending of sendKeys method
2026-01-27 14:06:35 INFO  BasePage - Ending of enterMobileNumber method
2026-01-27 14:06:35 INFO  BasePage - Starting of enterDateOfBirth method
2026-01-27 14:06:35 INFO  BasePage - Starting of sendKeys method
2026-01-27 14:06:35 INFO  BasePage - Ending of sendKeys method
2026-01-27 14:06:35 INFO  BasePage - Ending of enterDateOfBirth method
2026-01-27 14:06:35 INFO  BasePage - Starting of clickOnEmployeeButton method
2026-01-27 14:06:37 INFO  BasePage - Starting of click method
2026-01-27 14:06:38 INFO  BasePage - Ending of click method
2026-01-27 14:06:38 INFO  BasePage - Ending of clickOnEmployeeButton method
2026-01-27 14:06:38 INFO  BasePage - Starting of enterAddress method
2026-01-27 14:06:38 INFO  BasePage - Starting of sendKeys method
2026-01-27 14:06:38 INFO  BasePage - Ending of sendKeys method
2026-01-27 14:06:38 INFO  BasePage - Ending of enterAddress method
2026-01-27 14:06:38 INFO  BasePage - Starting of clickOnSelectCity method
2026-01-27 14:06:38 INFO  BasePage - Starting of click method
2026-01-27 14:06:39 INFO  BasePage - Ending of click method
2026-01-27 14:06:39 INFO  BasePage - Ending of clickOnSelectCity method
2026-01-27 14:06:39 INFO  BasePage - Starting of clickOnIndia method
2026-01-27 14:06:39 INFO  BasePage - Starting of click method
2026-01-27 14:06:39 INFO  BasePage - Ending of click method
2026-01-27 14:06:39 INFO  BasePage - Ending of clickOnIndia method
2026-01-27 14:06:42 INFO  BasePage - Starting of clickOnSelectCity method
2026-01-27 14:06:42 INFO  BasePage - Starting of click method
2026-01-27 14:06:42 INFO  BasePage - Ending of click method
2026-01-27 14:06:42 INFO  BasePage - Ending of clickOnSelectCity method
2026-01-27 14:06:42 INFO  BasePage - Starting of clickOnHyderabad method
2026-01-27 14:06:42 INFO  BasePage - Starting of click method
2026-01-27 14:06:42 INFO  BasePage - Ending of click method
2026-01-27 14:06:42 INFO  BasePage - Ending of clickOnHyderabad method
2026-01-27 14:06:42 INFO  BasePage - Starting of clickOnQaAutomation method
2026-01-27 14:06:42 INFO  BasePage - Starting of click method
2026-01-27 14:06:43 INFO  BasePage - Ending of click method
2026-01-27 14:06:43 INFO  BasePage - Ending of clickOnQaAutomation method
2026-01-27 14:06:43 INFO  BasePage - Starting of clickOnIndia method
2026-01-27 14:06:43 INFO  BasePage - Starting of click method
2026-01-27 14:06:43 INFO  BasePage - Ending of click method
2026-01-27 14:06:43 INFO  BasePage - Ending of clickOnIndia method
2026-01-27 14:06:43 INFO  BaseTest - Ending of testVaildEmployeeDetails method
2026-01-27 14:06:43 INFO  Listeners - Test PassedA_testVaildEmployeeDetails
2026-01-27 14:06:43 INFO  BaseTest - Starting of setup method
2026-01-27 14:06:44 INFO  BasePage - Starting of LoginPage constructor
2026-01-27 14:06:44 INFO  BasePage - Ending of LoginPage constructor
2026-01-27 14:06:44 INFO  BasePage - Starting of EmployeeDetails constructor
2026-01-27 14:06:44 INFO  BasePage - Ending of EmployeeDetails constructor
2026-01-27 14:06:44 INFO  BasePage - Starting of SearchEmployee method
2026-01-27 14:06:44 INFO  BasePage - Ending of SearchEmployee method
2026-01-27 14:06:45 INFO  BasePage - Starting of enterEmail method
2026-01-27 14:06:45 INFO  BasePage - Starting of sendKeys method
2026-01-27 14:06:46 INFO  BasePage - Ending of sendKeys method
2026-01-27 14:06:46 INFO  BasePage - Ending of enterEmail method
2026-01-27 14:06:46 INFO  BasePage - Starting of enterPassword method
2026-01-27 14:06:46 INFO  BasePage - Starting of sendKeys method
2026-01-27 14:06:46 INFO  BasePage - Ending of sendKeys method
2026-01-27 14:06:46 INFO  BasePage - Ending of enterPassword method
2026-01-27 14:06:46 INFO  BasePage - Starting of clickOnRememberMe method
2026-01-27 14:06:46 INFO  BasePage - Starting of click method
2026-01-27 14:06:46 INFO  BasePage - Ending of click method
2026-01-27 14:06:46 INFO  BasePage - Ending of clickOnRememberMe method
2026-01-27 14:06:46 INFO  BasePage - Starting of clickOnLoginButton method
2026-01-27 14:06:46 INFO  BasePage - Starting of click method
2026-01-27 14:06:46 INFO  BasePage - Ending of click method
2026-01-27 14:06:46 INFO  BasePage - Ending of clickOnLoginButton method
2026-01-27 14:06:46 INFO  BasePage - Starting of clickOnEmployeeButton method
2026-01-27 14:06:48 INFO  BasePage - Starting of click method
2026-01-27 14:06:49 INFO  BasePage - Ending of click method
2026-01-27 14:06:49 INFO  BasePage - Ending of clickOnEmployeeButton method
2026-01-27 14:06:49 INFO  BaseTest - Ending of setup method
2026-01-27 14:06:49 INFO  Listeners - Test Started  : A_testSearchEmployee
2026-01-27 14:06:49 INFO  BaseTest - Starting of testSearchEmployee method
2026-01-27 14:06:52 INFO  BasePage - Starting of clickOnSearch method
2026-01-27 14:06:52 INFO  BasePage - Starting of click method
2026-01-27 14:06:53 INFO  BasePage - Ending of click method
2026-01-27 14:06:53 INFO  BasePage - Ending of clickOnSearch method
2026-01-27 14:06:53 INFO  BasePage - Starting of enterEmployeeName method
2026-01-27 14:06:53 INFO  BasePage - Starting of sendKeys method
2026-01-27 14:06:53 INFO  BasePage - Ending of sendKeys method
2026-01-27 14:06:53 INFO  BasePage - Ending of enterEmployeeName method
2026-01-27 14:06:53 INFO  BasePage - Starting of enterPassword method
2026-01-27 14:06:53 INFO  BasePage - Starting of sendKeys method
2026-01-27 14:06:53 INFO  BasePage - Ending of sendKeys method
2026-01-27 14:06:53 INFO  BasePage - Ending of enterPassword method
2026-01-27 14:06:53 INFO  BasePage - Starting of clickOnSearch1 method
2026-01-27 14:06:53 INFO  BasePage - Starting of click method
2026-01-27 14:06:53 INFO  BasePage - Ending of click method
2026-01-27 14:06:53 INFO  BasePage - Ending of setup method
2026-01-27 14:06:56 INFO  BaseTest - Ending of testSearchEmployee method
2026-01-27 14:06:56 INFO  Listeners - Test PassedA_testSearchEmployee
2026-01-27 14:06:57 INFO  BaseTest - Starting of setup method
2026-01-27 14:06:58 INFO  BasePage - Starting of MenuPage constructor
2026-01-27 14:06:58 INFO  BasePage - Ending of MenuPage constructor
2026-01-27 14:06:58 INFO  BasePage - Starting of HomePage constructor
2026-01-27 14:06:58 INFO  BasePage - Ending of HomePage constructor
2026-01-27 14:06:58 INFO  BasePage - Starting of LoginPage constructor
2026-01-27 14:06:58 INFO  BasePage - Ending of LoginPage constructor
2026-01-27 14:06:59 INFO  BasePage - Starting of enterEmail method
2026-01-27 14:06:59 INFO  BasePage - Starting of sendKeys method
2026-01-27 14:06:59 INFO  BasePage - Ending of sendKeys method
2026-01-27 14:06:59 INFO  BasePage - Ending of enterEmail method
2026-01-27 14:06:59 INFO  BasePage - Starting of enterPassword method
2026-01-27 14:06:59 INFO  BasePage - Starting of sendKeys method
2026-01-27 14:07:00 INFO  BasePage - Ending of sendKeys method
2026-01-27 14:07:00 INFO  BasePage - Ending of enterPassword method
2026-01-27 14:07:00 INFO  BasePage - Starting of clickOnRememberMe method
2026-01-27 14:07:00 INFO  BasePage - Starting of click method
2026-01-27 14:07:00 INFO  BasePage - Ending of click method
2026-01-27 14:07:00 INFO  BasePage - Ending of clickOnRememberMe method
2026-01-27 14:07:00 INFO  BasePage - Starting of clickOnLoginButton method
2026-01-27 14:07:00 INFO  BasePage - Starting of click method
2026-01-27 14:07:00 INFO  BasePage - Ending of click method
2026-01-27 14:07:00 INFO  BasePage - Ending of clickOnLoginButton method
2026-01-27 14:07:00 INFO  BasePage - Starting of clickOnMoreButton method
2026-01-27 14:07:01 INFO  BasePage - Ending of clickOnMoreButton method
2026-01-27 14:07:04 INFO  BasePage - Starting of clickOnMenuButton method
2026-01-27 14:07:04 INFO  BasePage - Starting of click method
2026-01-27 14:07:04 INFO  BasePage - Ending of click method
2026-01-27 14:07:04 INFO  BasePage - Ending of clickOnMenuButton method
2026-01-27 14:07:04 INFO  BaseTest - Ending of setup method
2026-01-27 14:07:04 INFO  Listeners - Test Started  : A_testMenu
2026-01-27 14:07:04 INFO  BaseTest - Starting of testMenu method
2026-01-27 14:07:04 INFO  BasePage - Starting of clickOnSubMenuButton method
2026-01-27 14:07:04 INFO  BasePage - Starting of click method
2026-01-27 14:07:04 INFO  BasePage - Ending of click method
2026-01-27 14:07:04 INFO  BasePage - Ending of clickOnSubMenuButton method
2026-01-27 14:07:04 INFO  BaseTest - Ending of testMenu method
2026-01-27 14:07:04 INFO  Listeners - Test PassedA_testMenu
2026-01-27 14:07:04 INFO  BaseTest - Starting of setup method
2026-01-27 14:07:05 INFO  BasePage - Starting of IframePage constructor
2026-01-27 14:07:06 INFO  BasePage - Ending of IframePage constructor
2026-01-27 14:07:06 INFO  BasePage - Starting of HomePage constructor
2026-01-27 14:07:06 INFO  BasePage - Ending of HomePage constructor
2026-01-27 14:07:06 INFO  BasePage - Starting of LoginPage constructor
2026-01-27 14:07:06 INFO  BasePage - Ending of LoginPage constructor
2026-01-27 14:07:07 INFO  BasePage - Starting of enterEmail method
2026-01-27 14:07:07 INFO  BasePage - Starting of sendKeys method
2026-01-27 14:07:07 INFO  BasePage - Ending of sendKeys method
2026-01-27 14:07:07 INFO  BasePage - Ending of enterEmail method
2026-01-27 14:07:07 INFO  BasePage - Starting of enterPassword method
2026-01-27 14:07:07 INFO  BasePage - Starting of sendKeys method
2026-01-27 14:07:07 INFO  BasePage - Ending of sendKeys method
2026-01-27 14:07:07 INFO  BasePage - Ending of enterPassword method
2026-01-27 14:07:07 INFO  BasePage - Starting of clickOnRememberMe method
2026-01-27 14:07:07 INFO  BasePage - Starting of click method
2026-01-27 14:07:07 INFO  BasePage - Ending of click method
2026-01-27 14:07:07 INFO  BasePage - Ending of clickOnRememberMe method
2026-01-27 14:07:07 INFO  BasePage - Starting of clickOnLoginButton method
2026-01-27 14:07:07 INFO  BasePage - Starting of click method
2026-01-27 14:07:08 INFO  BasePage - Ending of click method
2026-01-27 14:07:08 INFO  BasePage - Ending of clickOnLoginButton method
2026-01-27 14:07:08 INFO  BasePage - Starting of clickOnMoreButton method
2026-01-27 14:07:08 INFO  BasePage - Ending of clickOnMoreButton method
2026-01-27 14:07:11 INFO  BasePage - Starting of clickOnMenuButton method
2026-01-27 14:07:11 INFO  BasePage - Starting of click method
2026-01-27 14:07:12 INFO  BasePage - Ending of click method
2026-01-27 14:07:12 INFO  BasePage - Ending of clickOnMenuButton method
2026-01-27 14:07:12 INFO  BasePage - Starting of clickOnIframeButton method
2026-01-27 14:07:12 INFO  BasePage - Starting of click method
2026-01-27 14:07:12 INFO  BasePage - Ending of click method
2026-01-27 14:07:12 INFO  BasePage - Ending of clickOnIframeButton method
2026-01-27 14:07:12 INFO  BaseTest - Ending of setup method
2026-01-27 14:07:12 INFO  Listeners - Test Started  : A_testIframe
2026-01-27 14:07:12 INFO  BaseTest - Starting of testIframe method
2026-01-27 14:07:12 INFO  BasePage - Starting of getFrameOneText method
2026-01-27 14:07:12 INFO  BasePage - Ending of getFrameOneText method
2026-01-27 14:07:12 INFO  BasePage - Starting of getText method
2026-01-27 14:07:12 INFO  BasePage - Ending of getText method
2026-01-27 14:07:12 INFO  BasePage - Starting of getFrameTwoText method
2026-01-27 14:07:12 INFO  BasePage - Ending of getFrameTwoText method
2026-01-27 14:07:12 INFO  BasePage - Starting of getText method
2026-01-27 14:07:12 INFO  BasePage - Ending of getText method
2026-01-27 14:07:12 INFO  BasePage - Starting of getWelcomeToJalaAcademyText method
2026-01-27 14:07:12 INFO  BasePage - Ending of getWelcomeToJalaAcademyText method
2026-01-27 14:07:12 INFO  BasePage - Starting of getText method
2026-01-27 14:07:12 INFO  BasePage - Ending of getText method
2026-01-27 14:07:12 INFO  BaseTest - Ending of testIframe method
2026-01-27 14:07:12 INFO  Listeners - Test PassedA_testIframe
2026-01-27 14:07:13 INFO  BaseTest - Starting of setup method
2026-01-27 14:07:14 INFO  BasePage - Starting of ImagesPage constructor
2026-01-27 14:07:14 INFO  BasePage - Ending of ImagesPage constructor
2026-01-27 14:07:14 INFO  BasePage - Starting of HomePage constructor
2026-01-27 14:07:14 INFO  BasePage - Ending of HomePage constructor
2026-01-27 14:07:14 INFO  BasePage - Starting of LoginPage constructor
2026-01-27 14:07:14 INFO  BasePage - Ending of LoginPage constructor
2026-01-27 14:07:15 INFO  BasePage - Starting of enterEmail method
2026-01-27 14:07:15 INFO  BasePage - Starting of sendKeys method
2026-01-27 14:07:15 INFO  BasePage - Ending of sendKeys method
2026-01-27 14:07:15 INFO  BasePage - Ending of enterEmail method
2026-01-27 14:07:15 INFO  BasePage - Starting of enterPassword method
2026-01-27 14:07:15 INFO  BasePage - Starting of sendKeys method
2026-01-27 14:07:16 INFO  BasePage - Ending of sendKeys method
2026-01-27 14:07:16 INFO  BasePage - Ending of enterPassword method
2026-01-27 14:07:16 INFO  BasePage - Starting of clickOnRememberMe method
2026-01-27 14:07:16 INFO  BasePage - Starting of click method
2026-01-27 14:07:16 INFO  BasePage - Ending of click method
2026-01-27 14:07:16 INFO  BasePage - Ending of clickOnRememberMe method
2026-01-27 14:07:16 INFO  BasePage - Starting of clickOnLoginButton method
2026-01-27 14:07:16 INFO  BasePage - Starting of click method
2026-01-27 14:07:16 INFO  BasePage - Ending of click method
2026-01-27 14:07:16 INFO  BasePage - Ending of clickOnLoginButton method
2026-01-27 14:07:16 INFO  BasePage - Starting of clickOnMoreButton method
2026-01-27 14:07:16 INFO  BasePage - Ending of clickOnMoreButton method
2026-01-27 14:07:19 INFO  BasePage - Starting of clickOnImageButton method
2026-01-27 14:07:19 INFO  BasePage - Starting of click method
2026-01-27 14:07:20 INFO  BasePage - Ending of click method
2026-01-27 14:07:20 INFO  BasePage - Ending of clickOnImageButton method
2026-01-27 14:07:20 INFO  BaseTest - Ending of setup method
2026-01-27 14:07:20 INFO  Listeners - Test Started  : A_testUploadImages
2026-01-27 14:07:20 INFO  BaseTest - Starting of testUploadImages method
2026-01-27 14:07:20 INFO  BasePage - Starting of uploadImage method
2026-01-27 14:07:20 INFO  BasePage - Starting of sendKeys method
2026-01-27 14:07:20 INFO  BasePage - Ending of sendKeys method
2026-01-27 14:07:20 INFO  BasePage - Ending of uploadImage method
2026-01-27 14:07:22 INFO  BasePage - Starting of clickOnUploadButton method
2026-01-27 14:07:22 INFO  BasePage - Starting of click method
2026-01-27 14:07:23 INFO  BasePage - Ending of click method
2026-01-27 14:07:23 INFO  BasePage - Ending of clickOnUploadButton method
2026-01-27 14:07:23 INFO  BasePage - Starting of getImageLabel method
2026-01-27 14:07:23 INFO  BasePage - Ending of getImageLabel method
2026-01-27 14:07:23 INFO  BasePage - Starting of getText method
2026-01-27 14:07:23 INFO  BasePage - Ending of getText method
2026-01-27 14:07:23 INFO  BaseTest - Ending of testUploadImages method
2026-01-27 14:07:23 INFO  Listeners - Test PassedA_testUploadImages
2026-01-27 14:23:28 INFO  BaseTest - Starting of setup method
2026-01-27 14:23:28 INFO  BaseTest - Starting of setup method
2026-01-27 14:23:31 INFO  BasePage - Starting of LoginPage constructor
2026-01-27 14:23:31 INFO  BasePage - Ending of LoginPage constructor
2026-01-27 14:23:34 INFO  BaseTest - Ending of setup method
2026-01-27 14:23:34 INFO  Listeners - Test Started  : A_TestInvaildLogin
2026-01-27 14:23:34 INFO  BaseTest - Starting of TestInvaildLogin method
2026-01-27 14:23:34 INFO  BasePage - Starting of enterEmail method
2026-01-27 14:23:34 INFO  BasePage - Starting of sendKeys method
2026-01-27 14:23:34 INFO  BasePage - Ending of sendKeys method
2026-01-27 14:23:34 INFO  BasePage - Ending of enterEmail method
2026-01-27 14:23:34 INFO  BasePage - Starting of enterPassword method
2026-01-27 14:23:34 INFO  BasePage - Starting of sendKeys method
2026-01-27 14:23:35 INFO  BasePage - Ending of sendKeys method
2026-01-27 14:23:35 INFO  BasePage - Ending of enterPassword method
2026-01-27 14:23:35 INFO  BasePage - Starting of clickOnRememberMe method
2026-01-27 14:23:35 INFO  BasePage - Starting of click method
2026-01-27 14:23:35 INFO  BasePage - Ending of click method
2026-01-27 14:23:35 INFO  BasePage - Ending of clickOnRememberMe method
2026-01-27 14:23:35 INFO  BasePage - Starting of clickOnLoginButton method
2026-01-27 14:23:35 INFO  BasePage - Starting of click method
2026-01-27 14:23:35 INFO  BasePage - Ending of click method
2026-01-27 14:23:35 INFO  BasePage - Ending of clickOnLoginButton method
2026-01-27 14:23:35 INFO  BaseTest - Ending of TestInvaildLogin method
2026-01-27 14:23:35 INFO  Listeners - Test PassedA_TestInvaildLogin
2026-01-27 14:23:35 INFO  Listeners - Test Started  : B_TestInvaildLogin2
2026-01-27 14:23:35 INFO  BaseTest - Starting of TestInvaildLogin2 method
2026-01-27 14:23:35 INFO  BasePage - Starting of enterEmail method
2026-01-27 14:23:35 INFO  BasePage - Starting of sendKeys method
2026-01-27 14:23:35 INFO  BasePage - Ending of sendKeys method
2026-01-27 14:23:35 INFO  BasePage - Ending of enterEmail method
2026-01-27 14:23:35 INFO  BasePage - Starting of enterPassword method
2026-01-27 14:23:35 INFO  BasePage - Starting of sendKeys method
2026-01-27 14:23:36 INFO  BasePage - Ending of sendKeys method
2026-01-27 14:23:36 INFO  BasePage - Ending of enterPassword method
2026-01-27 14:23:36 INFO  BasePage - Starting of clickOnRememberMe method
2026-01-27 14:23:36 INFO  BasePage - Starting of click method
2026-01-27 14:23:36 INFO  BasePage - Ending of click method
2026-01-27 14:23:36 INFO  BasePage - Ending of clickOnRememberMe method
2026-01-27 14:23:36 INFO  BasePage - Starting of clickOnLoginButton method
2026-01-27 14:23:36 INFO  BasePage - Starting of click method
2026-01-27 14:23:36 INFO  BasePage - Ending of click method
2026-01-27 14:23:36 INFO  BasePage - Ending of clickOnLoginButton method
2026-01-27 14:23:36 INFO  BaseTest - Ending of TestInvaildLogin2 method
2026-01-27 14:23:36 INFO  Listeners - Test PassedB_TestInvaildLogin2
2026-01-27 14:23:36 INFO  Listeners - Test Started  : C_TestInvaildLogin3
2026-01-27 14:23:36 INFO  BaseTest - Starting of TestInvaildLogin3 method
2026-01-27 14:23:36 INFO  BasePage - Starting of enterEmail method
2026-01-27 14:23:36 INFO  BasePage - Starting of sendKeys method
2026-01-27 14:23:36 INFO  BasePage - Ending of sendKeys method
2026-01-27 14:23:36 INFO  BasePage - Ending of enterEmail method
2026-01-27 14:23:36 INFO  BasePage - Starting of enterPassword method
2026-01-27 14:23:36 INFO  BasePage - Starting of sendKeys method
2026-01-27 14:23:36 INFO  BasePage - Ending of sendKeys method
2026-01-27 14:23:36 INFO  BasePage - Ending of enterPassword method
2026-01-27 14:23:36 INFO  BasePage - Starting of clickOnRememberMe method
2026-01-27 14:23:36 INFO  BasePage - Starting of click method
2026-01-27 14:23:36 INFO  BasePage - Ending of click method
2026-01-27 14:23:36 INFO  BasePage - Ending of clickOnRememberMe method
2026-01-27 14:23:36 INFO  BasePage - Starting of clickOnLoginButton method
2026-01-27 14:23:36 INFO  BasePage - Starting of click method
2026-01-27 14:23:37 INFO  BasePage - Ending of click method
2026-01-27 14:23:37 INFO  BasePage - Ending of clickOnLoginButton method
2026-01-27 14:23:37 INFO  BaseTest - Ending of TestInvaildLogin3 method
2026-01-27 14:23:37 INFO  Listeners - Test PassedC_TestInvaildLogin3
2026-01-27 14:23:37 INFO  Listeners - Test Started  : D_testVaildLogin4
2026-01-27 14:23:37 INFO  BaseTest - Starting of testVaildLogin4 method
2026-01-27 14:23:37 INFO  BasePage - Starting of enterEmail method
2026-01-27 14:23:37 INFO  BasePage - Starting of sendKeys method
2026-01-27 14:23:37 INFO  BasePage - Ending of sendKeys method
2026-01-27 14:23:37 INFO  BasePage - Ending of enterEmail method
2026-01-27 14:23:37 INFO  BasePage - Starting of enterPassword method
2026-01-27 14:23:37 INFO  BasePage - Starting of sendKeys method
2026-01-27 14:23:37 INFO  BasePage - Ending of sendKeys method
2026-01-27 14:23:37 INFO  BasePage - Ending of enterPassword method
2026-01-27 14:23:37 INFO  BasePage - Starting of clickOnRememberMe method
2026-01-27 14:23:37 INFO  BasePage - Starting of click method
2026-01-27 14:23:37 INFO  BasePage - Ending of click method
2026-01-27 14:23:37 INFO  BasePage - Ending of clickOnRememberMe method
2026-01-27 14:23:37 INFO  BasePage - Starting of clickOnLoginButton method
2026-01-27 14:23:37 INFO  BasePage - Starting of click method
2026-01-27 14:23:37 INFO  BasePage - Ending of click method
2026-01-27 14:23:37 INFO  BasePage - Ending of clickOnLoginButton method
2026-01-27 14:23:37 INFO  BaseTest - Ending of testVaildLogin4 method
2026-01-27 14:23:37 INFO  Listeners - Test PassedD_testVaildLogin4
2026-01-27 14:23:37 INFO  BaseTest - Starting of setup method
2026-01-27 14:23:39 INFO  BasePage - Starting of EmployeeDetails constructor
2026-01-27 14:23:39 INFO  BasePage - Ending of EmployeeDetails constructor
2026-01-27 14:23:39 INFO  BasePage - Starting of LoginPage constructor
2026-01-27 14:23:39 INFO  BasePage - Ending of LoginPage constructor
2026-01-27 14:23:39 INFO  BasePage - Starting of LoginPage constructor
2026-01-27 14:23:39 INFO  BasePage - Ending of LoginPage constructor
2026-01-27 14:23:39 INFO  BasePage - Starting of enterEmail method
2026-01-27 14:23:39 INFO  BasePage - Starting of sendKeys method
2026-01-27 14:23:40 INFO  BaseTest - Ending of setup method
2026-01-27 14:23:40 INFO  Listeners - Test Started  : A_TestInvaildLogin
2026-01-27 14:23:40 INFO  BaseTest - Starting of TestInvaildLogin method
2026-01-27 14:23:40 INFO  BasePage - Starting of enterEmail method
2026-01-27 14:23:40 INFO  BasePage - Starting of sendKeys method
2026-01-27 14:23:40 INFO  BasePage - Ending of sendKeys method
2026-01-27 14:23:40 INFO  BasePage - Ending of enterEmail method
2026-01-27 14:23:40 INFO  BasePage - Starting of enterPassword method
2026-01-27 14:23:40 INFO  BasePage - Starting of sendKeys method
2026-01-27 14:23:41 INFO  BasePage - Ending of sendKeys method
2026-01-27 14:23:41 INFO  BasePage - Ending of enterEmail method
2026-01-27 14:23:41 INFO  BasePage - Starting of enterPassword method
2026-01-27 14:23:41 INFO  BasePage - Starting of sendKeys method
2026-01-27 14:23:41 INFO  BasePage - Ending of sendKeys method
2026-01-27 14:23:41 INFO  BasePage - Ending of enterPassword method
2026-01-27 14:23:41 INFO  BasePage - Starting of clickOnRememberMe method
2026-01-27 14:23:41 INFO  BasePage - Starting of click method
2026-01-27 14:23:41 INFO  BasePage - Ending of sendKeys method
2026-01-27 14:23:41 INFO  BasePage - Ending of enterPassword method
2026-01-27 14:23:41 INFO  BasePage - Starting of clickOnRememberMe method
2026-01-27 14:23:41 INFO  BasePage - Starting of click method
2026-01-27 14:23:41 INFO  BasePage - Ending of click method
2026-01-27 14:23:41 INFO  BasePage - Ending of clickOnRememberMe method
2026-01-27 14:23:41 INFO  BasePage - Starting of clickOnLoginButton method
2026-01-27 14:23:41 INFO  BasePage - Starting of click method
2026-01-27 14:23:41 INFO  BasePage - Ending of click method
2026-01-27 14:23:41 INFO  BasePage - Ending of clickOnRememberMe method
2026-01-27 14:23:41 INFO  BasePage - Starting of clickOnLoginButton method
2026-01-27 14:23:41 INFO  BasePage - Starting of click method
2026-01-27 14:23:41 INFO  BasePage - Ending of click method
2026-01-27 14:23:41 INFO  BasePage - Ending of clickOnLoginButton method
2026-01-27 14:23:41 INFO  BaseTest - Ending of setup method
2026-01-27 14:23:41 INFO  Listeners - Test Started  : A_testVaildEmployeeDetails
2026-01-27 14:23:41 INFO  BaseTest - Starting of testVaildEmployeeDetails method
2026-01-27 14:23:41 INFO  BasePage - Starting of getWelcomeToJalaAcademy method
2026-01-27 14:23:41 INFO  BasePage - Ending of getWelcomeToJalaAcademy method
2026-01-27 14:23:41 INFO  BasePage - Starting of getText method
2026-01-27 14:23:41 INFO  BasePage - Ending of getText method
2026-01-27 14:23:41 INFO  BasePage - Ending of click method
2026-01-27 14:23:41 INFO  BasePage - Ending of clickOnLoginButton method
2026-01-27 14:23:41 INFO  BaseTest - Ending of TestInvaildLogin method
2026-01-27 14:23:41 INFO  Listeners - Test PassedA_TestInvaildLogin
2026-01-27 14:23:41 INFO  Listeners - Test Started  : B_TestInvaildLogin2
2026-01-27 14:23:41 INFO  BaseTest - Starting of TestInvaildLogin2 method
2026-01-27 14:23:41 INFO  BasePage - Starting of enterEmail method
2026-01-27 14:23:41 INFO  BasePage - Starting of sendKeys method
2026-01-27 14:23:41 INFO  BasePage - Ending of sendKeys method
2026-01-27 14:23:41 INFO  BasePage - Ending of enterEmail method
2026-01-27 14:23:41 INFO  BasePage - Starting of enterPassword method
2026-01-27 14:23:41 INFO  BasePage - Starting of sendKeys method
2026-01-27 14:23:41 INFO  BasePage - Ending of sendKeys method
2026-01-27 14:23:41 INFO  BasePage - Ending of enterPassword method
2026-01-27 14:23:41 INFO  BasePage - Starting of clickOnRememberMe method
2026-01-27 14:23:41 INFO  BasePage - Starting of click method
2026-01-27 14:23:42 INFO  BasePage - Starting of clickOnEmployeeButton method
2026-01-27 14:23:42 INFO  BasePage - Ending of click method
2026-01-27 14:23:42 INFO  BasePage - Ending of clickOnRememberMe method
2026-01-27 14:23:42 INFO  BasePage - Starting of clickOnLoginButton method
2026-01-27 14:23:42 INFO  BasePage - Starting of click method
2026-01-27 14:23:42 INFO  BasePage - Ending of click method
2026-01-27 14:23:42 INFO  BasePage - Ending of clickOnLoginButton method
2026-01-27 14:23:42 INFO  BaseTest - Ending of TestInvaildLogin2 method
2026-01-27 14:23:42 INFO  Listeners - Test PassedB_TestInvaildLogin2
2026-01-27 14:23:42 INFO  Listeners - Test Started  : C_TestInvaildLogin3
2026-01-27 14:23:42 INFO  BaseTest - Starting of TestInvaildLogin3 method
2026-01-27 14:23:42 INFO  BasePage - Starting of enterEmail method
2026-01-27 14:23:42 INFO  BasePage - Starting of sendKeys method
2026-01-27 14:23:42 INFO  BasePage - Ending of sendKeys method
2026-01-27 14:23:42 INFO  BasePage - Ending of enterEmail method
2026-01-27 14:23:42 INFO  BasePage - Starting of enterPassword method
2026-01-27 14:23:42 INFO  BasePage - Starting of sendKeys method
2026-01-27 14:23:42 INFO  BasePage - Ending of sendKeys method
2026-01-27 14:23:42 INFO  BasePage - Ending of enterPassword method
2026-01-27 14:23:42 INFO  BasePage - Starting of clickOnRememberMe method
2026-01-27 14:23:42 INFO  BasePage - Starting of click method
2026-01-27 14:23:42 INFO  BasePage - Ending of click method
2026-01-27 14:23:42 INFO  BasePage - Ending of clickOnRememberMe method
2026-01-27 14:23:42 INFO  BasePage - Starting of clickOnLoginButton method
2026-01-27 14:23:42 INFO  BasePage - Starting of click method
2026-01-27 14:23:42 INFO  BasePage - Ending of click method
2026-01-27 14:23:42 INFO  BasePage - Ending of clickOnLoginButton method
2026-01-27 14:23:42 INFO  BaseTest - Ending of TestInvaildLogin3 method
2026-01-27 14:23:42 INFO  Listeners - Test PassedC_TestInvaildLogin3
2026-01-27 14:23:42 INFO  Listeners - Test Started  : D_testVaildLogin4
2026-01-27 14:23:42 INFO  BaseTest - Starting of testVaildLogin4 method
2026-01-27 14:23:42 INFO  BasePage - Starting of enterEmail method
2026-01-27 14:23:42 INFO  BasePage - Starting of sendKeys method
2026-01-27 14:23:42 INFO  BasePage - Ending of sendKeys method
2026-01-27 14:23:42 INFO  BasePage - Ending of enterEmail method
2026-01-27 14:23:42 INFO  BasePage - Starting of enterPassword method
2026-01-27 14:23:42 INFO  BasePage - Starting of sendKeys method
2026-01-27 14:23:42 INFO  BasePage - Ending of sendKeys method
2026-01-27 14:23:42 INFO  BasePage - Ending of enterPassword method
2026-01-27 14:23:42 INFO  BasePage - Starting of clickOnRememberMe method
2026-01-27 14:23:42 INFO  BasePage - Starting of click method
2026-01-27 14:23:43 INFO  BasePage - Ending of click method
2026-01-27 14:23:43 INFO  BasePage - Ending of clickOnRememberMe method
2026-01-27 14:23:43 INFO  BasePage - Starting of clickOnLoginButton method
2026-01-27 14:23:43 INFO  BasePage - Starting of click method
2026-01-27 14:23:43 INFO  BasePage - Ending of click method
2026-01-27 14:23:43 INFO  BasePage - Ending of clickOnLoginButton method
2026-01-27 14:23:43 INFO  BaseTest - Ending of testVaildLogin4 method
2026-01-27 14:23:43 INFO  Listeners - Test PassedD_testVaildLogin4
2026-01-27 14:23:44 INFO  BasePage - Starting of click method
2026-01-27 14:23:44 INFO  BasePage - Ending of click method
2026-01-27 14:23:44 INFO  BasePage - Ending of clickOnEmployeeButton method
2026-01-27 14:23:44 INFO  BasePage - Starting of clickOnCreateButton method
2026-01-27 14:23:45 INFO  BaseTest - Starting of setup method
2026-01-27 14:23:46 INFO  BasePage - Starting of click method
2026-01-27 14:23:46 INFO  BasePage - Ending of click method
2026-01-27 14:23:46 INFO  BasePage - Ending of clickOnCreateButton method
2026-01-27 14:23:46 INFO  BasePage - Starting of enterFirstName method
2026-01-27 14:23:46 INFO  BasePage - Starting of sendKeys method
2026-01-27 14:23:46 INFO  BasePage - Ending of sendKeys method
2026-01-27 14:23:46 INFO  BasePage - Ending of enterFirstName method
2026-01-27 14:23:46 INFO  BasePage - Starting of enterFirstName method
2026-01-27 14:23:46 INFO  BasePage - Starting of sendKeys method
2026-01-27 14:23:47 INFO  BasePage - Ending of sendKeys method
2026-01-27 14:23:47 INFO  BasePage - Ending of enterFirstName method
2026-01-27 14:23:47 INFO  BasePage - Starting of enterEmailId method
2026-01-27 14:23:47 INFO  BasePage - Starting of sendKeys method
2026-01-27 14:23:47 INFO  BasePage - Ending of sendKeys method
2026-01-27 14:23:47 INFO  BasePage - Ending of enterEmailId method
2026-01-27 14:23:47 INFO  BasePage - Starting of enterMobileNumber method
2026-01-27 14:23:47 INFO  BasePage - Starting of sendKeys method
2026-01-27 14:23:47 INFO  BasePage - Ending of sendKeys method
2026-01-27 14:23:47 INFO  BasePage - Ending of enterMobileNumber method
2026-01-27 14:23:47 INFO  BasePage - Starting of enterDateOfBirth method
2026-01-27 14:23:47 INFO  BasePage - Starting of sendKeys method
2026-01-27 14:23:48 INFO  BasePage - Ending of sendKeys method
2026-01-27 14:23:48 INFO  BasePage - Ending of enterDateOfBirth method
2026-01-27 14:23:48 INFO  BasePage - Starting of clickOnEmployeeButton method
2026-01-27 14:23:50 INFO  BasePage - Starting of click method
2026-01-27 14:23:50 INFO  BasePage - Ending of click method
2026-01-27 14:23:50 INFO  BasePage - Ending of clickOnEmployeeButton method
2026-01-27 14:23:50 INFO  BasePage - Starting of enterAddress method
2026-01-27 14:23:50 INFO  BasePage - Starting of sendKeys method
2026-01-27 14:23:50 INFO  BasePage - Ending of sendKeys method
2026-01-27 14:23:50 INFO  BasePage - Ending of enterAddress method
2026-01-27 14:23:50 INFO  BasePage - Starting of clickOnSelectCity method
2026-01-27 14:23:50 INFO  BasePage - Starting of click method
2026-01-27 14:23:50 INFO  BasePage - Ending of click method
2026-01-27 14:23:50 INFO  BasePage - Ending of clickOnSelectCity method
2026-01-27 14:23:50 INFO  BasePage - Starting of clickOnIndia method
2026-01-27 14:23:50 INFO  BasePage - Starting of click method
2026-01-27 14:23:50 INFO  BasePage - Ending of click method
2026-01-27 14:23:50 INFO  BasePage - Ending of clickOnIndia method
2026-01-27 14:23:51 INFO  BasePage - Starting of EmployeeDetails constructor
2026-01-27 14:23:51 INFO  BasePage - Ending of EmployeeDetails constructor
2026-01-27 14:23:51 INFO  BasePage - Starting of LoginPage constructor
2026-01-27 14:23:51 INFO  BasePage - Ending of LoginPage constructor
2026-01-27 14:23:52 INFO  BasePage - Starting of enterEmail method
2026-01-27 14:23:52 INFO  BasePage - Starting of sendKeys method
2026-01-27 14:23:53 INFO  BasePage - Ending of sendKeys method
2026-01-27 14:23:53 INFO  BasePage - Ending of enterEmail method
2026-01-27 14:23:53 INFO  BasePage - Starting of enterPassword method
2026-01-27 14:23:53 INFO  BasePage - Starting of sendKeys method
2026-01-27 14:23:53 INFO  BasePage - Ending of sendKeys method
2026-01-27 14:23:53 INFO  BasePage - Ending of enterPassword method
2026-01-27 14:23:53 INFO  BasePage - Starting of clickOnRememberMe method
2026-01-27 14:23:53 INFO  BasePage - Starting of click method
2026-01-27 14:23:53 INFO  BasePage - Ending of click method
2026-01-27 14:23:53 INFO  BasePage - Ending of clickOnRememberMe method
2026-01-27 14:23:53 INFO  BasePage - Starting of clickOnLoginButton method
2026-01-27 14:23:53 INFO  BasePage - Starting of click method
2026-01-27 14:23:53 INFO  BasePage - Ending of click method
2026-01-27 14:23:53 INFO  BasePage - Ending of clickOnLoginButton method
2026-01-27 14:23:53 INFO  BaseTest - Ending of setup method
2026-01-27 14:23:53 INFO  Listeners - Test Started  : A_testVaildEmployeeDetails
2026-01-27 14:23:53 INFO  BaseTest - Starting of testVaildEmployeeDetails method
2026-01-27 14:23:53 INFO  BasePage - Starting of getWelcomeToJalaAcademy method
2026-01-27 14:23:53 INFO  BasePage - Ending of getWelcomeToJalaAcademy method
2026-01-27 14:23:53 INFO  BasePage - Starting of getText method
2026-01-27 14:23:53 INFO  BasePage - Ending of getText method
2026-01-27 14:23:53 INFO  BasePage - Starting of clickOnSelectCity method
2026-01-27 14:23:53 INFO  BasePage - Starting of click method
2026-01-27 14:23:53 INFO  BasePage - Starting of clickOnEmployeeButton method
2026-01-27 14:23:54 INFO  BasePage - Ending of click method
2026-01-27 14:23:54 INFO  BasePage - Ending of clickOnSelectCity method
2026-01-27 14:23:54 INFO  BasePage - Starting of clickOnHyderabad method
2026-01-27 14:23:54 INFO  BasePage - Starting of click method
2026-01-27 14:23:54 INFO  BasePage - Ending of click method
2026-01-27 14:23:54 INFO  BasePage - Ending of clickOnHyderabad method
2026-01-27 14:23:54 INFO  BasePage - Starting of clickOnQaAutomation method
2026-01-27 14:23:54 INFO  BasePage - Starting of click method
2026-01-27 14:23:54 INFO  BasePage - Ending of click method
2026-01-27 14:23:54 INFO  BasePage - Ending of clickOnQaAutomation method
2026-01-27 14:23:54 INFO  BasePage - Starting of clickOnIndia method
2026-01-27 14:23:54 INFO  BasePage - Starting of click method
2026-01-27 14:23:54 INFO  BasePage - Ending of click method
2026-01-27 14:23:54 INFO  BasePage - Ending of clickOnIndia method
2026-01-27 14:23:54 INFO  BaseTest - Ending of testVaildEmployeeDetails method
2026-01-27 14:23:54 INFO  Listeners - Test PassedA_testVaildEmployeeDetails
2026-01-27 14:23:55 INFO  BasePage - Starting of click method
2026-01-27 14:23:56 INFO  BasePage - Ending of click method
2026-01-27 14:23:56 INFO  BasePage - Ending of clickOnEmployeeButton method
2026-01-27 14:23:56 INFO  BasePage - Starting of clickOnCreateButton method
2026-01-27 14:23:56 INFO  BaseTest - Starting of setup method
2026-01-27 14:23:57 INFO  BasePage - Starting of LoginPage constructor
2026-01-27 14:23:57 INFO  BasePage - Ending of LoginPage constructor
2026-01-27 14:23:57 INFO  BasePage - Starting of EmployeeDetails constructor
2026-01-27 14:23:57 INFO  BasePage - Ending of EmployeeDetails constructor
2026-01-27 14:23:57 INFO  BasePage - Starting of SearchEmployee method
2026-01-27 14:23:57 INFO  BasePage - Ending of SearchEmployee method
2026-01-27 14:23:58 INFO  BasePage - Starting of click method
2026-01-27 14:23:58 INFO  BasePage - Starting of enterEmail method
2026-01-27 14:23:58 INFO  BasePage - Starting of sendKeys method
2026-01-27 14:23:58 INFO  BasePage - Ending of click method
2026-01-27 14:23:58 INFO  BasePage - Ending of clickOnCreateButton method
2026-01-27 14:23:58 INFO  BasePage - Starting of enterFirstName method
2026-01-27 14:23:58 INFO  BasePage - Starting of sendKeys method
2026-01-27 14:23:58 INFO  BasePage - Ending of sendKeys method
2026-01-27 14:23:58 INFO  BasePage - Ending of enterFirstName method
2026-01-27 14:23:58 INFO  BasePage - Starting of enterFirstName method
2026-01-27 14:23:58 INFO  BasePage - Starting of sendKeys method
2026-01-27 14:23:58 INFO  BasePage - Ending of sendKeys method
2026-01-27 14:23:58 INFO  BasePage - Ending of enterFirstName method
2026-01-27 14:23:58 INFO  BasePage - Starting of enterEmailId method
2026-01-27 14:23:58 INFO  BasePage - Starting of sendKeys method
2026-01-27 14:23:58 INFO  BasePage - Ending of sendKeys method
2026-01-27 14:23:58 INFO  BasePage - Ending of enterEmailId method
2026-01-27 14:23:58 INFO  BasePage - Starting of enterMobileNumber method
2026-01-27 14:23:58 INFO  BasePage - Starting of sendKeys method
2026-01-27 14:23:58 INFO  BasePage - Ending of sendKeys method
2026-01-27 14:23:58 INFO  BasePage - Ending of enterMobileNumber method
2026-01-27 14:23:58 INFO  BasePage - Starting of enterDateOfBirth method
2026-01-27 14:23:58 INFO  BasePage - Starting of sendKeys method
2026-01-27 14:23:59 INFO  BasePage - Ending of sendKeys method
2026-01-27 14:23:59 INFO  BasePage - Ending of enterDateOfBirth method
2026-01-27 14:23:59 INFO  BasePage - Starting of clickOnEmployeeButton method
2026-01-27 14:23:59 INFO  BasePage - Ending of sendKeys method
2026-01-27 14:23:59 INFO  BasePage - Ending of enterEmail method
2026-01-27 14:23:59 INFO  BasePage - Starting of enterPassword method
2026-01-27 14:23:59 INFO  BasePage - Starting of sendKeys method
2026-01-27 14:23:59 INFO  BasePage - Ending of sendKeys method
2026-01-27 14:23:59 INFO  BasePage - Ending of enterPassword method
2026-01-27 14:23:59 INFO  BasePage - Starting of clickOnRememberMe method
2026-01-27 14:23:59 INFO  BasePage - Starting of click method
2026-01-27 14:23:59 INFO  BasePage - Ending of click method
2026-01-27 14:23:59 INFO  BasePage - Ending of clickOnRememberMe method
2026-01-27 14:23:59 INFO  BasePage - Starting of clickOnLoginButton method
2026-01-27 14:23:59 INFO  BasePage - Starting of click method
2026-01-27 14:23:59 INFO  BasePage - Ending of click method
2026-01-27 14:23:59 INFO  BasePage - Ending of clickOnLoginButton method
2026-01-27 14:23:59 INFO  BasePage - Starting of clickOnEmployeeButton method
2026-01-27 14:24:01 INFO  BasePage - Starting of click method
2026-01-27 14:24:01 INFO  BasePage - Ending of click method
2026-01-27 14:24:01 INFO  BasePage - Ending of clickOnEmployeeButton method
2026-01-27 14:24:01 INFO  BasePage - Starting of enterAddress method
2026-01-27 14:24:01 INFO  BasePage - Starting of sendKeys method
2026-01-27 14:24:01 INFO  BasePage - Ending of sendKeys method
2026-01-27 14:24:01 INFO  BasePage - Ending of enterAddress method
2026-01-27 14:24:01 INFO  BasePage - Starting of clickOnSelectCity method
2026-01-27 14:24:01 INFO  BasePage - Starting of click method
2026-01-27 14:24:01 INFO  BasePage - Starting of click method
2026-01-27 14:24:01 INFO  BasePage - Ending of click method
2026-01-27 14:24:01 INFO  BasePage - Ending of clickOnEmployeeButton method
2026-01-27 14:24:01 INFO  BaseTest - Ending of setup method
2026-01-27 14:24:02 INFO  Listeners - Test Started  : A_testSearchEmployee
2026-01-27 14:24:02 INFO  BaseTest - Starting of testSearchEmployee method
2026-01-27 14:24:02 INFO  BasePage - Ending of click method
2026-01-27 14:24:02 INFO  BasePage - Ending of clickOnSelectCity method
2026-01-27 14:24:02 INFO  BasePage - Starting of clickOnIndia method
2026-01-27 14:24:02 INFO  BasePage - Starting of click method
2026-01-27 14:24:02 INFO  BasePage - Ending of click method
2026-01-27 14:24:02 INFO  BasePage - Ending of clickOnIndia method
2026-01-27 14:24:05 INFO  BasePage - Starting of clickOnSearch method
2026-01-27 14:24:05 INFO  BasePage - Starting of click method
2026-01-27 14:24:05 INFO  BasePage - Starting of clickOnSelectCity method
2026-01-27 14:24:05 INFO  BasePage - Starting of click method
2026-01-27 14:24:05 INFO  BasePage - Ending of click method
2026-01-27 14:24:05 INFO  BasePage - Ending of clickOnSelectCity method
2026-01-27 14:24:05 INFO  BasePage - Starting of clickOnHyderabad method
2026-01-27 14:24:05 INFO  BasePage - Starting of click method
2026-01-27 14:24:05 INFO  BasePage - Ending of click method
2026-01-27 14:24:05 INFO  BasePage - Ending of clickOnHyderabad method
2026-01-27 14:24:05 INFO  BasePage - Starting of clickOnQaAutomation method
2026-01-27 14:24:05 INFO  BasePage - Starting of click method
2026-01-27 14:24:05 INFO  BasePage - Ending of click method
2026-01-27 14:24:05 INFO  BasePage - Ending of clickOnQaAutomation method
2026-01-27 14:24:05 INFO  BasePage - Starting of clickOnIndia method
2026-01-27 14:24:05 INFO  BasePage - Starting of click method
2026-01-27 14:24:05 INFO  BasePage - Ending of click method
2026-01-27 14:24:05 INFO  BasePage - Ending of clickOnIndia method
2026-01-27 14:24:05 INFO  BaseTest - Ending of testVaildEmployeeDetails method
2026-01-27 14:24:05 INFO  Listeners - Test PassedA_testVaildEmployeeDetails
2026-01-27 14:24:05 INFO  BasePage - Ending of click method
2026-01-27 14:24:05 INFO  BasePage - Ending of clickOnSearch method
2026-01-27 14:24:05 INFO  BasePage - Starting of enterEmployeeName method
2026-01-27 14:24:05 INFO  BasePage - Starting of sendKeys method
2026-01-27 14:24:06 INFO  BasePage - Ending of sendKeys method
2026-01-27 14:24:06 INFO  BasePage - Ending of enterEmployeeName method
2026-01-27 14:24:06 INFO  BasePage - Starting of enterPassword method
2026-01-27 14:24:06 INFO  BasePage - Starting of sendKeys method
2026-01-27 14:24:06 INFO  BasePage - Ending of sendKeys method
2026-01-27 14:24:06 INFO  BasePage - Ending of enterPassword method
2026-01-27 14:24:06 INFO  BasePage - Starting of clickOnSearch1 method
2026-01-27 14:24:06 INFO  BasePage - Starting of click method
2026-01-27 14:24:06 INFO  BasePage - Ending of click method
2026-01-27 14:24:06 INFO  BasePage - Ending of setup method
2026-01-27 14:24:07 INFO  BaseTest - Starting of setup method
2026-01-27 14:24:09 INFO  BaseTest - Ending of testSearchEmployee method
2026-01-27 14:24:09 INFO  Listeners - Test PassedA_testSearchEmployee
2026-01-27 14:24:09 INFO  BaseTest - Starting of setup method
2026-01-27 14:24:11 INFO  BasePage - Starting of MenuPage constructor
2026-01-27 14:24:11 INFO  BasePage - Ending of MenuPage constructor
2026-01-27 14:24:11 INFO  BasePage - Starting of HomePage constructor
2026-01-27 14:24:11 INFO  BasePage - Ending of HomePage constructor
2026-01-27 14:24:11 INFO  BasePage - Starting of LoginPage constructor
2026-01-27 14:24:11 INFO  BasePage - Ending of LoginPage constructor
2026-01-27 14:24:12 INFO  BasePage - Starting of enterEmail method
2026-01-27 14:24:12 INFO  BasePage - Starting of sendKeys method
2026-01-27 14:24:12 INFO  BasePage - Ending of sendKeys method
2026-01-27 14:24:12 INFO  BasePage - Ending of enterEmail method
2026-01-27 14:24:12 INFO  BasePage - Starting of enterPassword method
2026-01-27 14:24:12 INFO  BasePage - Starting of sendKeys method
2026-01-27 14:24:13 INFO  BasePage - Ending of sendKeys method
2026-01-27 14:24:13 INFO  BasePage - Ending of enterPassword method
2026-01-27 14:24:13 INFO  BasePage - Starting of clickOnRememberMe method
2026-01-27 14:24:13 INFO  BasePage - Starting of click method
2026-01-27 14:24:13 INFO  BasePage - Ending of click method
2026-01-27 14:24:13 INFO  BasePage - Ending of clickOnRememberMe method
2026-01-27 14:24:13 INFO  BasePage - Starting of clickOnLoginButton method
2026-01-27 14:24:13 INFO  BasePage - Starting of click method
2026-01-27 14:24:13 INFO  BasePage - Ending of click method
2026-01-27 14:24:13 INFO  BasePage - Ending of clickOnLoginButton method
2026-01-27 14:24:13 INFO  BasePage - Starting of clickOnMoreButton method
2026-01-27 14:24:13 INFO  BasePage - Ending of clickOnMoreButton method
2026-01-27 14:24:14 INFO  BasePage - Starting of LoginPage constructor
2026-01-27 14:24:14 INFO  BasePage - Ending of LoginPage constructor
2026-01-27 14:24:14 INFO  BasePage - Starting of EmployeeDetails constructor
2026-01-27 14:24:14 INFO  BasePage - Ending of EmployeeDetails constructor
2026-01-27 14:24:14 INFO  BasePage - Starting of SearchEmployee method
2026-01-27 14:24:14 INFO  BasePage - Ending of SearchEmployee method
2026-01-27 14:24:16 INFO  BasePage - Starting of enterEmail method
2026-01-27 14:24:16 INFO  BasePage - Starting of sendKeys method
2026-01-27 14:24:16 INFO  BasePage - Ending of sendKeys method
2026-01-27 14:24:16 INFO  BasePage - Ending of enterEmail method
2026-01-27 14:24:16 INFO  BasePage - Starting of enterPassword method
2026-01-27 14:24:16 INFO  BasePage - Starting of sendKeys method
2026-01-27 14:24:16 INFO  BasePage - Ending of sendKeys method
2026-01-27 14:24:16 INFO  BasePage - Ending of enterPassword method
2026-01-27 14:24:16 INFO  BasePage - Starting of clickOnRememberMe method
2026-01-27 14:24:16 INFO  BasePage - Starting of click method
2026-01-27 14:24:16 INFO  BasePage - Ending of click method
2026-01-27 14:24:16 INFO  BasePage - Ending of clickOnRememberMe method
2026-01-27 14:24:16 INFO  BasePage - Starting of clickOnLoginButton method
2026-01-27 14:24:16 INFO  BasePage - Starting of click method
2026-01-27 14:24:16 INFO  BasePage - Ending of click method
2026-01-27 14:24:16 INFO  BasePage - Ending of clickOnLoginButton method
2026-01-27 14:24:16 INFO  BasePage - Starting of clickOnEmployeeButton method
2026-01-27 14:24:16 INFO  BasePage - Starting of clickOnMenuButton method
2026-01-27 14:24:16 INFO  BasePage - Starting of click method
2026-01-27 14:24:17 INFO  BasePage - Ending of click method
2026-01-27 14:24:17 INFO  BasePage - Ending of clickOnMenuButton method
2026-01-27 14:24:17 INFO  BaseTest - Ending of setup method
2026-01-27 14:24:17 INFO  Listeners - Test Started  : A_testMenu
2026-01-27 14:24:17 INFO  BaseTest - Starting of testMenu method
2026-01-27 14:24:17 INFO  BasePage - Starting of clickOnSubMenuButton method
2026-01-27 14:24:17 INFO  BasePage - Starting of click method
2026-01-27 14:24:17 INFO  BasePage - Ending of click method
2026-01-27 14:24:17 INFO  BasePage - Ending of clickOnSubMenuButton method
2026-01-27 14:24:17 INFO  BaseTest - Ending of testMenu method
2026-01-27 14:24:17 INFO  Listeners - Test PassedA_testMenu
2026-01-27 14:24:17 INFO  BaseTest - Starting of setup method
2026-01-27 14:24:18 INFO  BasePage - Starting of click method
2026-01-27 14:24:18 INFO  BasePage - Ending of click method
2026-01-27 14:24:18 INFO  BasePage - Ending of clickOnEmployeeButton method
2026-01-27 14:24:18 INFO  BaseTest - Ending of setup method
2026-01-27 14:24:18 INFO  Listeners - Test Started  : A_testSearchEmployee
2026-01-27 14:24:18 INFO  BaseTest - Starting of testSearchEmployee method
2026-01-27 14:24:19 INFO  BasePage - Starting of IframePage constructor
2026-01-27 14:24:19 INFO  BasePage - Ending of IframePage constructor
2026-01-27 14:24:19 INFO  BasePage - Starting of HomePage constructor
2026-01-27 14:24:19 INFO  BasePage - Ending of HomePage constructor
2026-01-27 14:24:19 INFO  BasePage - Starting of LoginPage constructor
2026-01-27 14:24:19 INFO  BasePage - Ending of LoginPage constructor
2026-01-27 14:24:20 INFO  BasePage - Starting of enterEmail method
2026-01-27 14:24:20 INFO  BasePage - Starting of sendKeys method
2026-01-27 14:24:20 INFO  BasePage - Ending of sendKeys method
2026-01-27 14:24:20 INFO  BasePage - Ending of enterEmail method
2026-01-27 14:24:20 INFO  BasePage - Starting of enterPassword method
2026-01-27 14:24:20 INFO  BasePage - Starting of sendKeys method
2026-01-27 14:24:20 INFO  BasePage - Ending of sendKeys method
2026-01-27 14:24:20 INFO  BasePage - Ending of enterPassword method
2026-01-27 14:24:20 INFO  BasePage - Starting of clickOnRememberMe method
2026-01-27 14:24:20 INFO  BasePage - Starting of click method
2026-01-27 14:24:21 INFO  BasePage - Ending of click method
2026-01-27 14:24:21 INFO  BasePage - Ending of clickOnRememberMe method
2026-01-27 14:24:21 INFO  BasePage - Starting of clickOnLoginButton method
2026-01-27 14:24:21 INFO  BasePage - Starting of click method
2026-01-27 14:24:21 INFO  BasePage - Ending of click method
2026-01-27 14:24:21 INFO  BasePage - Ending of clickOnLoginButton method
2026-01-27 14:24:21 INFO  BasePage - Starting of clickOnMoreButton method
2026-01-27 14:24:21 INFO  BasePage - Starting of clickOnSearch method
2026-01-27 14:24:21 INFO  BasePage - Starting of click method
2026-01-27 14:24:21 INFO  BasePage - Ending of clickOnMoreButton method
2026-01-27 14:24:22 INFO  BasePage - Ending of click method
2026-01-27 14:24:22 INFO  BasePage - Ending of clickOnSearch method
2026-01-27 14:24:22 INFO  BasePage - Starting of enterEmployeeName method
2026-01-27 14:24:22 INFO  BasePage - Starting of sendKeys method
2026-01-27 14:24:22 INFO  BasePage - Ending of sendKeys method
2026-01-27 14:24:22 INFO  BasePage - Ending of enterEmployeeName method
2026-01-27 14:24:22 INFO  BasePage - Starting of enterPassword method
2026-01-27 14:24:22 INFO  BasePage - Starting of sendKeys method
2026-01-27 14:24:22 INFO  BasePage - Ending of sendKeys method
2026-01-27 14:24:22 INFO  BasePage - Ending of enterPassword method
2026-01-27 14:24:22 INFO  BasePage - Starting of clickOnSearch1 method
2026-01-27 14:24:22 INFO  BasePage - Starting of click method
2026-01-27 14:24:22 INFO  BasePage - Ending of click method
2026-01-27 14:24:22 INFO  BasePage - Ending of setup method
2026-01-27 14:24:24 INFO  BasePage - Starting of clickOnMenuButton method
2026-01-27 14:24:24 INFO  BasePage - Starting of click method
2026-01-27 14:24:25 INFO  BasePage - Ending of click method
2026-01-27 14:24:25 INFO  BasePage - Ending of clickOnMenuButton method
2026-01-27 14:24:25 INFO  BasePage - Starting of clickOnIframeButton method
2026-01-27 14:24:25 INFO  BasePage - Starting of click method
2026-01-27 14:24:25 INFO  BasePage - Ending of click method
2026-01-27 14:24:25 INFO  BasePage - Ending of clickOnIframeButton method
2026-01-27 14:24:25 INFO  BaseTest - Ending of setup method
2026-01-27 14:24:25 INFO  Listeners - Test Started  : A_testIframe
2026-01-27 14:24:25 INFO  BaseTest - Starting of testIframe method
2026-01-27 14:24:25 INFO  BasePage - Starting of getFrameOneText method
2026-01-27 14:24:25 INFO  BasePage - Ending of getFrameOneText method
2026-01-27 14:24:25 INFO  BasePage - Starting of getText method
2026-01-27 14:24:25 INFO  BasePage - Ending of getText method
2026-01-27 14:24:25 INFO  BasePage - Starting of getFrameTwoText method
2026-01-27 14:24:25 INFO  BasePage - Ending of getFrameTwoText method
2026-01-27 14:24:25 INFO  BasePage - Starting of getText method
2026-01-27 14:24:25 INFO  BasePage - Ending of getText method
2026-01-27 14:24:25 INFO  BasePage - Starting of getWelcomeToJalaAcademyText method
2026-01-27 14:24:25 INFO  BaseTest - Ending of testSearchEmployee method
2026-01-27 14:24:25 INFO  Listeners - Test PassedA_testSearchEmployee
2026-01-27 14:24:25 INFO  BasePage - Ending of getWelcomeToJalaAcademyText method
2026-01-27 14:24:25 INFO  BasePage - Starting of getText method
2026-01-27 14:24:25 INFO  BasePage - Ending of getText method
2026-01-27 14:24:25 INFO  BaseTest - Ending of testIframe method
2026-01-27 14:24:25 INFO  Listeners - Test PassedA_testIframe
2026-01-27 14:24:26 INFO  BaseTest - Starting of setup method
2026-01-27 14:24:27 INFO  BasePage - Starting of ImagesPage constructor
2026-01-27 14:24:27 INFO  BasePage - Ending of ImagesPage constructor
2026-01-27 14:24:27 INFO  BasePage - Starting of HomePage constructor
2026-01-27 14:24:27 INFO  BasePage - Ending of HomePage constructor
2026-01-27 14:24:27 INFO  BasePage - Starting of LoginPage constructor
2026-01-27 14:24:27 INFO  BasePage - Ending of LoginPage constructor
2026-01-27 14:24:28 INFO  BaseTest - Starting of setup method
2026-01-27 14:24:28 INFO  BasePage - Starting of enterEmail method
2026-01-27 14:24:28 INFO  BasePage - Starting of sendKeys method
2026-01-27 14:24:29 INFO  BasePage - Ending of sendKeys method
2026-01-27 14:24:29 INFO  BasePage - Ending of enterEmail method
2026-01-27 14:24:29 INFO  BasePage - Starting of enterPassword method
2026-01-27 14:24:29 INFO  BasePage - Starting of sendKeys method
2026-01-27 14:24:29 INFO  BasePage - Ending of sendKeys method
2026-01-27 14:24:29 INFO  BasePage - Ending of enterPassword method
2026-01-27 14:24:29 INFO  BasePage - Starting of clickOnRememberMe method
2026-01-27 14:24:29 INFO  BasePage - Starting of click method
2026-01-27 14:24:29 INFO  BasePage - Ending of click method
2026-01-27 14:24:29 INFO  BasePage - Ending of clickOnRememberMe method
2026-01-27 14:24:29 INFO  BasePage - Starting of clickOnLoginButton method
2026-01-27 14:24:29 INFO  BasePage - Starting of click method
2026-01-27 14:24:29 INFO  BasePage - Ending of click method
2026-01-27 14:24:29 INFO  BasePage - Ending of clickOnLoginButton method
2026-01-27 14:24:29 INFO  BasePage - Starting of clickOnMoreButton method
2026-01-27 14:24:30 INFO  BasePage - Ending of clickOnMoreButton method
2026-01-27 14:24:32 INFO  BasePage - Starting of MenuPage constructor
2026-01-27 14:24:32 INFO  BasePage - Ending of MenuPage constructor
2026-01-27 14:24:32 INFO  BasePage - Starting of HomePage constructor
2026-01-27 14:24:32 INFO  BasePage - Ending of HomePage constructor
2026-01-27 14:24:32 INFO  BasePage - Starting of LoginPage constructor
2026-01-27 14:24:32 INFO  BasePage - Ending of LoginPage constructor
2026-01-27 14:24:33 INFO  BasePage - Starting of clickOnImageButton method
2026-01-27 14:24:33 INFO  BasePage - Starting of click method
2026-01-27 14:24:34 INFO  BasePage - Ending of click method
2026-01-27 14:24:34 INFO  BasePage - Ending of clickOnImageButton method
2026-01-27 14:24:34 INFO  BaseTest - Ending of setup method
2026-01-27 14:24:34 INFO  Listeners - Test Started  : A_testUploadImages
2026-01-27 14:24:34 INFO  BaseTest - Starting of testUploadImages method
2026-01-27 14:24:34 INFO  BasePage - Starting of uploadImage method
2026-01-27 14:24:34 INFO  BasePage - Starting of sendKeys method
2026-01-27 14:24:34 INFO  BasePage - Starting of enterEmail method
2026-01-27 14:24:34 INFO  BasePage - Starting of sendKeys method
2026-01-27 14:24:34 INFO  BasePage - Ending of sendKeys method
2026-01-27 14:24:34 INFO  BasePage - Ending of uploadImage method
2026-01-27 14:24:34 INFO  BasePage - Ending of sendKeys method
2026-01-27 14:24:34 INFO  BasePage - Ending of enterEmail method
2026-01-27 14:24:34 INFO  BasePage - Starting of enterPassword method
2026-01-27 14:24:34 INFO  BasePage - Starting of sendKeys method
2026-01-27 14:24:34 INFO  BasePage - Ending of sendKeys method
2026-01-27 14:24:34 INFO  BasePage - Ending of enterPassword method
2026-01-27 14:24:34 INFO  BasePage - Starting of clickOnRememberMe method
2026-01-27 14:24:34 INFO  BasePage - Starting of click method
2026-01-27 14:24:34 INFO  BasePage - Ending of click method
2026-01-27 14:24:34 INFO  BasePage - Ending of clickOnRememberMe method
2026-01-27 14:24:34 INFO  BasePage - Starting of clickOnLoginButton method
2026-01-27 14:24:34 INFO  BasePage - Starting of click method
2026-01-27 14:24:34 INFO  BasePage - Ending of click method
2026-01-27 14:24:34 INFO  BasePage - Ending of clickOnLoginButton method
2026-01-27 14:24:34 INFO  BasePage - Starting of clickOnMoreButton method
2026-01-27 14:24:35 INFO  BasePage - Ending of clickOnMoreButton method
2026-01-27 14:24:36 INFO  BasePage - Starting of clickOnUploadButton method
2026-01-27 14:24:36 INFO  BasePage - Starting of click method
2026-01-27 14:24:36 INFO  BasePage - Ending of click method
2026-01-27 14:24:36 INFO  BasePage - Ending of clickOnUploadButton method
2026-01-27 14:24:36 INFO  BasePage - Starting of getImageLabel method
2026-01-27 14:24:36 INFO  BasePage - Ending of getImageLabel method
2026-01-27 14:24:36 INFO  BasePage - Starting of getText method
2026-01-27 14:24:36 INFO  BasePage - Ending of getText method
2026-01-27 14:24:36 INFO  BaseTest - Ending of testUploadImages method
2026-01-27 14:24:36 INFO  Listeners - Test PassedA_testUploadImages
2026-01-27 14:24:38 INFO  BasePage - Starting of clickOnMenuButton method
2026-01-27 14:24:38 INFO  BasePage - Starting of click method
2026-01-27 14:24:38 INFO  BasePage - Ending of click method
2026-01-27 14:24:38 INFO  BasePage - Ending of clickOnMenuButton method
2026-01-27 14:24:38 INFO  BaseTest - Ending of setup method
2026-01-27 14:24:38 INFO  Listeners - Test Started  : A_testMenu
2026-01-27 14:24:38 INFO  BaseTest - Starting of testMenu method
2026-01-27 14:24:38 INFO  BasePage - Starting of clickOnSubMenuButton method
2026-01-27 14:24:38 INFO  BasePage - Starting of click method
2026-01-27 14:24:38 INFO  BasePage - Ending of click method
2026-01-27 14:24:38 INFO  BasePage - Ending of clickOnSubMenuButton method
2026-01-27 14:24:38 INFO  BaseTest - Ending of testMenu method
2026-01-27 14:24:38 INFO  Listeners - Test PassedA_testMenu
2026-01-27 14:24:39 INFO  BaseTest - Starting of setup method
2026-01-27 14:24:43 INFO  BasePage - Starting of IframePage constructor
2026-01-27 14:24:43 INFO  BasePage - Ending of IframePage constructor
2026-01-27 14:24:43 INFO  BasePage - Starting of HomePage constructor
2026-01-27 14:24:43 INFO  BasePage - Ending of HomePage constructor
2026-01-27 14:24:43 INFO  BasePage - Starting of LoginPage constructor
2026-01-27 14:24:43 INFO  BasePage - Ending of LoginPage constructor
2026-01-27 14:24:44 INFO  BasePage - Starting of enterEmail method
2026-01-27 14:24:44 INFO  BasePage - Starting of sendKeys method
2026-01-27 14:24:44 INFO  BasePage - Ending of sendKeys method
2026-01-27 14:24:44 INFO  BasePage - Ending of enterEmail method
2026-01-27 14:24:44 INFO  BasePage - Starting of enterPassword method
2026-01-27 14:24:44 INFO  BasePage - Starting of sendKeys method
2026-01-27 14:24:44 INFO  BasePage - Ending of sendKeys method
2026-01-27 14:24:44 INFO  BasePage - Ending of enterPassword method
2026-01-27 14:24:44 INFO  BasePage - Starting of clickOnRememberMe method
2026-01-27 14:24:44 INFO  BasePage - Starting of click method
2026-01-27 14:24:44 INFO  BasePage - Ending of click method
2026-01-27 14:24:44 INFO  BasePage - Ending of clickOnRememberMe method
2026-01-27 14:24:44 INFO  BasePage - Starting of clickOnLoginButton method
2026-01-27 14:24:44 INFO  BasePage - Starting of click method
2026-01-27 14:24:44 INFO  BasePage - Ending of click method
2026-01-27 14:24:44 INFO  BasePage - Ending of clickOnLoginButton method
2026-01-27 14:24:44 INFO  BasePage - Starting of clickOnMoreButton method
2026-01-27 14:24:45 INFO  BasePage - Ending of clickOnMoreButton method
2026-01-27 14:24:48 INFO  BasePage - Starting of clickOnMenuButton method
2026-01-27 14:24:48 INFO  BasePage - Starting of click method
2026-01-27 14:24:48 INFO  BasePage - Ending of click method
2026-01-27 14:24:48 INFO  BasePage - Ending of clickOnMenuButton method
2026-01-27 14:24:48 INFO  BasePage - Starting of clickOnIframeButton method
2026-01-27 14:24:48 INFO  BasePage - Starting of click method
2026-01-27 14:24:49 INFO  BasePage - Ending of click method
2026-01-27 14:24:49 INFO  BasePage - Ending of clickOnIframeButton method
2026-01-27 14:24:49 INFO  BaseTest - Ending of setup method
2026-01-27 14:24:49 INFO  Listeners - Test Started  : A_testIframe
2026-01-27 14:24:49 INFO  BaseTest - Starting of testIframe method
2026-01-27 14:24:49 INFO  BasePage - Starting of getFrameOneText method
2026-01-27 14:24:49 INFO  BasePage - Ending of getFrameOneText method
2026-01-27 14:24:49 INFO  BasePage - Starting of getText method
2026-01-27 14:24:49 INFO  BasePage - Ending of getText method
2026-01-27 14:24:49 INFO  BasePage - Starting of getFrameTwoText method
2026-01-27 14:24:49 INFO  BasePage - Ending of getFrameTwoText method
2026-01-27 14:24:49 INFO  BasePage - Starting of getText method
2026-01-27 14:24:49 INFO  BasePage - Ending of getText method
2026-01-27 14:24:49 INFO  BasePage - Starting of getWelcomeToJalaAcademyText method
2026-01-27 14:24:49 INFO  BasePage - Ending of getWelcomeToJalaAcademyText method
2026-01-27 14:24:49 INFO  BasePage - Starting of getText method
2026-01-27 14:24:49 INFO  BasePage - Ending of getText method
2026-01-27 14:24:49 INFO  BaseTest - Ending of testIframe method
2026-01-27 14:24:49 INFO  Listeners - Test PassedA_testIframe
2026-01-27 14:24:50 INFO  BaseTest - Starting of setup method
2026-01-27 14:24:54 INFO  BasePage - Starting of ImagesPage constructor
2026-01-27 14:24:54 INFO  BasePage - Ending of ImagesPage constructor
2026-01-27 14:24:54 INFO  BasePage - Starting of HomePage constructor
2026-01-27 14:24:54 INFO  BasePage - Ending of HomePage constructor
2026-01-27 14:24:54 INFO  BasePage - Starting of LoginPage constructor
2026-01-27 14:24:54 INFO  BasePage - Ending of LoginPage constructor
2026-01-27 14:24:55 INFO  BasePage - Starting of enterEmail method
2026-01-27 14:24:55 INFO  BasePage - Starting of sendKeys method
2026-01-27 14:24:55 INFO  BasePage - Ending of sendKeys method
2026-01-27 14:24:55 INFO  BasePage - Ending of enterEmail method
2026-01-27 14:24:55 INFO  BasePage - Starting of enterPassword method
2026-01-27 14:24:55 INFO  BasePage - Starting of sendKeys method
2026-01-27 14:24:55 INFO  BasePage - Ending of sendKeys method
2026-01-27 14:24:55 INFO  BasePage - Ending of enterPassword method
2026-01-27 14:24:55 INFO  BasePage - Starting of clickOnRememberMe method
2026-01-27 14:24:55 INFO  BasePage - Starting of click method
2026-01-27 14:24:55 INFO  BasePage - Ending of click method
2026-01-27 14:24:55 INFO  BasePage - Ending of clickOnRememberMe method
2026-01-27 14:24:55 INFO  BasePage - Starting of clickOnLoginButton method
2026-01-27 14:24:55 INFO  BasePage - Starting of click method
2026-01-27 14:24:55 INFO  BasePage - Ending of click method
2026-01-27 14:24:55 INFO  BasePage - Ending of clickOnLoginButton method
2026-01-27 14:24:55 INFO  BasePage - Starting of clickOnMoreButton method
2026-01-27 14:24:56 INFO  BasePage - Ending of clickOnMoreButton method
2026-01-27 14:24:59 INFO  BasePage - Starting of clickOnImageButton method
2026-01-27 14:24:59 INFO  BasePage - Starting of click method
2026-01-27 14:24:59 INFO  BasePage - Ending of click method
2026-01-27 14:24:59 INFO  BasePage - Ending of clickOnImageButton method
2026-01-27 14:24:59 INFO  BaseTest - Ending of setup method
2026-01-27 14:24:59 INFO  Listeners - Test Started  : A_testUploadImages
2026-01-27 14:24:59 INFO  BaseTest - Starting of testUploadImages method
2026-01-27 14:24:59 INFO  BasePage - Starting of uploadImage method
2026-01-27 14:24:59 INFO  BasePage - Starting of sendKeys method
2026-01-27 14:24:59 INFO  BasePage - Ending of sendKeys method
2026-01-27 14:24:59 INFO  BasePage - Ending of uploadImage method
2026-01-27 14:25:01 INFO  BasePage - Starting of clickOnUploadButton method
2026-01-27 14:25:01 INFO  BasePage - Starting of click method
2026-01-27 14:25:01 INFO  BasePage - Ending of click method
2026-01-27 14:25:01 INFO  BasePage - Ending of clickOnUploadButton method
2026-01-27 14:25:01 INFO  BasePage - Starting of getImageLabel method
2026-01-27 14:25:01 INFO  BasePage - Ending of getImageLabel method
2026-01-27 14:25:01 INFO  BasePage - Starting of getText method
2026-01-27 14:25:01 INFO  BasePage - Ending of getText method
2026-01-27 14:25:01 INFO  BaseTest - Ending of testUploadImages method
2026-01-27 14:25:01 INFO  Listeners - Test PassedA_testUploadImages
2026-01-27 14:37:37 INFO  BaseTest - Starting of setup method
2026-01-27 14:37:37 INFO  BaseTest - Starting of setup method
2026-01-27 14:37:39 INFO  BasePage - Starting of LoginPage constructor
2026-01-27 14:37:39 INFO  BasePage - Ending of LoginPage constructor
2026-01-27 14:37:42 INFO  BaseTest - Ending of setup method
2026-01-27 14:37:42 INFO  Listeners - Test Started  : A_TestInvaildLogin
2026-01-27 14:37:42 INFO  BaseTest - Starting of TestInvaildLogin method
2026-01-27 14:37:42 INFO  BasePage - Starting of enterEmail method
2026-01-27 14:37:42 INFO  BasePage - Starting of sendKeys method
2026-01-27 14:37:43 INFO  BasePage - Ending of sendKeys method
2026-01-27 14:37:43 INFO  BasePage - Ending of enterEmail method
2026-01-27 14:37:43 INFO  BasePage - Starting of enterPassword method
2026-01-27 14:37:43 INFO  BasePage - Starting of sendKeys method
2026-01-27 14:37:43 INFO  BasePage - Ending of sendKeys method
2026-01-27 14:37:43 INFO  BasePage - Ending of enterPassword method
2026-01-27 14:37:43 INFO  BasePage - Starting of clickOnRememberMe method
2026-01-27 14:37:43 INFO  BasePage - Starting of click method
2026-01-27 14:37:43 INFO  BasePage - Ending of click method
2026-01-27 14:37:43 INFO  BasePage - Ending of clickOnRememberMe method
2026-01-27 14:37:43 INFO  BasePage - Starting of clickOnLoginButton method
2026-01-27 14:37:43 INFO  BasePage - Starting of click method
2026-01-27 14:37:43 INFO  BasePage - Ending of click method
2026-01-27 14:37:43 INFO  BasePage - Ending of clickOnLoginButton method
2026-01-27 14:37:43 INFO  BaseTest - Ending of TestInvaildLogin method
2026-01-27 14:37:43 INFO  Listeners - Test PassedA_TestInvaildLogin
2026-01-27 14:37:43 INFO  Listeners - Test Started  : B_TestInvaildLogin2
2026-01-27 14:37:43 INFO  BaseTest - Starting of TestInvaildLogin2 method
2026-01-27 14:37:43 INFO  BasePage - Starting of enterEmail method
2026-01-27 14:37:43 INFO  BasePage - Starting of sendKeys method
2026-01-27 14:37:43 INFO  BasePage - Ending of sendKeys method
2026-01-27 14:37:43 INFO  BasePage - Ending of enterEmail method
2026-01-27 14:37:43 INFO  BasePage - Starting of enterPassword method
2026-01-27 14:37:43 INFO  BasePage - Starting of sendKeys method
2026-01-27 14:37:44 INFO  BasePage - Ending of sendKeys method
2026-01-27 14:37:44 INFO  BasePage - Ending of enterPassword method
2026-01-27 14:37:44 INFO  BasePage - Starting of clickOnRememberMe method
2026-01-27 14:37:44 INFO  BasePage - Starting of click method
2026-01-27 14:37:44 INFO  BasePage - Ending of click method
2026-01-27 14:37:44 INFO  BasePage - Ending of clickOnRememberMe method
2026-01-27 14:37:44 INFO  BasePage - Starting of clickOnLoginButton method
2026-01-27 14:37:44 INFO  BasePage - Starting of click method
2026-01-27 14:37:44 INFO  BasePage - Ending of click method
2026-01-27 14:37:44 INFO  BasePage - Ending of clickOnLoginButton method
2026-01-27 14:37:44 INFO  BaseTest - Ending of TestInvaildLogin2 method
2026-01-27 14:37:44 INFO  Listeners - Test PassedB_TestInvaildLogin2
2026-01-27 14:37:44 INFO  Listeners - Test Started  : C_TestInvaildLogin3
2026-01-27 14:37:44 INFO  BaseTest - Starting of TestInvaildLogin3 method
2026-01-27 14:37:44 INFO  BasePage - Starting of enterEmail method
2026-01-27 14:37:44 INFO  BasePage - Starting of sendKeys method
2026-01-27 14:37:44 INFO  BasePage - Starting of LoginPage constructor
2026-01-27 14:37:44 INFO  BasePage - Ending of LoginPage constructor
2026-01-27 14:37:44 INFO  BasePage - Ending of sendKeys method
2026-01-27 14:37:44 INFO  BasePage - Ending of enterEmail method
2026-01-27 14:37:44 INFO  BasePage - Starting of enterPassword method
2026-01-27 14:37:44 INFO  BasePage - Starting of sendKeys method
2026-01-27 14:37:45 INFO  BasePage - Ending of sendKeys method
2026-01-27 14:37:45 INFO  BasePage - Ending of enterPassword method
2026-01-27 14:37:45 INFO  BasePage - Starting of clickOnRememberMe method
2026-01-27 14:37:45 INFO  BasePage - Starting of click method
2026-01-27 14:37:45 INFO  BasePage - Ending of click method
2026-01-27 14:37:45 INFO  BasePage - Ending of clickOnRememberMe method
2026-01-27 14:37:45 INFO  BasePage - Starting of clickOnLoginButton method
2026-01-27 14:37:45 INFO  BasePage - Starting of click method
2026-01-27 14:37:45 INFO  BasePage - Ending of click method
2026-01-27 14:37:45 INFO  BasePage - Ending of clickOnLoginButton method
2026-01-27 14:37:45 INFO  BaseTest - Ending of TestInvaildLogin3 method
2026-01-27 14:37:45 INFO  Listeners - Test PassedC_TestInvaildLogin3
2026-01-27 14:37:45 INFO  Listeners - Test Started  : D_testVaildLogin4
2026-01-27 14:37:45 INFO  BaseTest - Starting of testVaildLogin4 method
2026-01-27 14:37:45 INFO  BasePage - Starting of enterEmail method
2026-01-27 14:37:45 INFO  BasePage - Starting of sendKeys method
2026-01-27 14:37:45 INFO  BaseTest - Ending of setup method
2026-01-27 14:37:45 INFO  Listeners - Test Started  : A_TestInvaildLogin
2026-01-27 14:37:45 INFO  BaseTest - Starting of TestInvaildLogin method
2026-01-27 14:37:45 INFO  BasePage - Starting of enterEmail method
2026-01-27 14:37:45 INFO  BasePage - Starting of sendKeys method
2026-01-27 14:37:45 INFO  BasePage - Ending of sendKeys method
2026-01-27 14:37:45 INFO  BasePage - Ending of enterEmail method
2026-01-27 14:37:45 INFO  BasePage - Starting of enterPassword method
2026-01-27 14:37:45 INFO  BasePage - Starting of sendKeys method
2026-01-27 14:37:46 INFO  BasePage - Ending of sendKeys method
2026-01-27 14:37:46 INFO  BasePage - Ending of enterEmail method
2026-01-27 14:37:46 INFO  BasePage - Starting of enterPassword method
2026-01-27 14:37:46 INFO  BasePage - Starting of sendKeys method
2026-01-27 14:37:46 INFO  BasePage - Ending of sendKeys method
2026-01-27 14:37:46 INFO  BasePage - Ending of enterPassword method
2026-01-27 14:37:46 INFO  BasePage - Starting of clickOnRememberMe method
2026-01-27 14:37:46 INFO  BasePage - Starting of click method
2026-01-27 14:37:46 INFO  BasePage - Ending of sendKeys method
2026-01-27 14:37:46 INFO  BasePage - Ending of enterPassword method
2026-01-27 14:37:46 INFO  BasePage - Starting of clickOnRememberMe method
2026-01-27 14:37:46 INFO  BasePage - Starting of click method
2026-01-27 14:37:46 INFO  BasePage - Ending of click method
2026-01-27 14:37:46 INFO  BasePage - Ending of clickOnRememberMe method
2026-01-27 14:37:46 INFO  BasePage - Starting of clickOnLoginButton method
2026-01-27 14:37:46 INFO  BasePage - Starting of click method
2026-01-27 14:37:46 INFO  BasePage - Ending of click method
2026-01-27 14:37:46 INFO  BasePage - Ending of clickOnRememberMe method
2026-01-27 14:37:46 INFO  BasePage - Starting of clickOnLoginButton method
2026-01-27 14:37:46 INFO  BasePage - Starting of click method
2026-01-27 14:37:46 INFO  BasePage - Ending of click method
2026-01-27 14:37:46 INFO  BasePage - Ending of clickOnLoginButton method
2026-01-27 14:37:46 INFO  BaseTest - Ending of testVaildLogin4 method
2026-01-27 14:37:46 INFO  Listeners - Test PassedD_testVaildLogin4
2026-01-27 14:37:46 INFO  BasePage - Ending of click method
2026-01-27 14:37:46 INFO  BasePage - Ending of clickOnLoginButton method
2026-01-27 14:37:46 INFO  BaseTest - Ending of TestInvaildLogin method
2026-01-27 14:37:46 INFO  Listeners - Test PassedA_TestInvaildLogin
2026-01-27 14:37:46 INFO  Listeners - Test Started  : B_TestInvaildLogin2
2026-01-27 14:37:46 INFO  BaseTest - Starting of TestInvaildLogin2 method
2026-01-27 14:37:46 INFO  BasePage - Starting of enterEmail method
2026-01-27 14:37:46 INFO  BasePage - Starting of sendKeys method
2026-01-27 14:37:46 INFO  BasePage - Ending of sendKeys method
2026-01-27 14:37:46 INFO  BasePage - Ending of enterEmail method
2026-01-27 14:37:46 INFO  BasePage - Starting of enterPassword method
2026-01-27 14:37:46 INFO  BasePage - Starting of sendKeys method
2026-01-27 14:37:46 INFO  BasePage - Ending of sendKeys method
2026-01-27 14:37:46 INFO  BasePage - Ending of enterPassword method
2026-01-27 14:37:46 INFO  BasePage - Starting of clickOnRememberMe method
2026-01-27 14:37:46 INFO  BasePage - Starting of click method
2026-01-27 14:37:46 INFO  BasePage - Ending of click method
2026-01-27 14:37:46 INFO  BasePage - Ending of clickOnRememberMe method
2026-01-27 14:37:46 INFO  BasePage - Starting of clickOnLoginButton method
2026-01-27 14:37:46 INFO  BasePage - Starting of click method
2026-01-27 14:37:47 INFO  BaseTest - Starting of setup method
2026-01-27 14:37:47 INFO  BasePage - Ending of click method
2026-01-27 14:37:47 INFO  BasePage - Ending of clickOnLoginButton method
2026-01-27 14:37:47 INFO  BaseTest - Ending of TestInvaildLogin2 method
2026-01-27 14:37:47 INFO  Listeners - Test PassedB_TestInvaildLogin2
2026-01-27 14:37:47 INFO  Listeners - Test Started  : C_TestInvaildLogin3
2026-01-27 14:37:47 INFO  BaseTest - Starting of TestInvaildLogin3 method
2026-01-27 14:37:47 INFO  BasePage - Starting of enterEmail method
2026-01-27 14:37:47 INFO  BasePage - Starting of sendKeys method
2026-01-27 14:37:47 INFO  BasePage - Ending of sendKeys method
2026-01-27 14:37:47 INFO  BasePage - Ending of enterEmail method
2026-01-27 14:37:47 INFO  BasePage - Starting of enterPassword method
2026-01-27 14:37:47 INFO  BasePage - Starting of sendKeys method
2026-01-27 14:37:47 INFO  BasePage - Ending of sendKeys method
2026-01-27 14:37:47 INFO  BasePage - Ending of enterPassword method
2026-01-27 14:37:47 INFO  BasePage - Starting of clickOnRememberMe method
2026-01-27 14:37:47 INFO  BasePage - Starting of click method
2026-01-27 14:37:47 INFO  BasePage - Ending of click method
2026-01-27 14:37:47 INFO  BasePage - Ending of clickOnRememberMe method
2026-01-27 14:37:47 INFO  BasePage - Starting of clickOnLoginButton method
2026-01-27 14:37:47 INFO  BasePage - Starting of click method
2026-01-27 14:37:47 INFO  BasePage - Ending of click method
2026-01-27 14:37:47 INFO  BasePage - Ending of clickOnLoginButton method
2026-01-27 14:37:47 INFO  BaseTest - Ending of TestInvaildLogin3 method
2026-01-27 14:37:47 INFO  Listeners - Test PassedC_TestInvaildLogin3
2026-01-27 14:37:47 INFO  Listeners - Test Started  : D_testVaildLogin4
2026-01-27 14:37:47 INFO  BaseTest - Starting of testVaildLogin4 method
2026-01-27 14:37:47 INFO  BasePage - Starting of enterEmail method
2026-01-27 14:37:47 INFO  BasePage - Starting of sendKeys method
2026-01-27 14:37:47 INFO  BasePage - Ending of sendKeys method
2026-01-27 14:37:47 INFO  BasePage - Ending of enterEmail method
2026-01-27 14:37:47 INFO  BasePage - Starting of enterPassword method
2026-01-27 14:37:47 INFO  BasePage - Starting of sendKeys method
2026-01-27 14:37:47 INFO  BasePage - Ending of sendKeys method
2026-01-27 14:37:47 INFO  BasePage - Ending of enterPassword method
2026-01-27 14:37:47 INFO  BasePage - Starting of clickOnRememberMe method
2026-01-27 14:37:47 INFO  BasePage - Starting of click method
2026-01-27 14:37:47 INFO  BasePage - Ending of click method
2026-01-27 14:37:47 INFO  BasePage - Ending of clickOnRememberMe method
2026-01-27 14:37:47 INFO  BasePage - Starting of clickOnLoginButton method
2026-01-27 14:37:47 INFO  BasePage - Starting of click method
2026-01-27 14:37:47 INFO  BasePage - Ending of click method
2026-01-27 14:37:47 INFO  BasePage - Ending of clickOnLoginButton method
2026-01-27 14:37:47 INFO  BaseTest - Ending of testVaildLogin4 method
2026-01-27 14:37:47 INFO  Listeners - Test PassedD_testVaildLogin4
2026-01-27 14:37:48 INFO  BasePage - Starting of EmployeeDetails constructor
2026-01-27 14:37:48 INFO  BasePage - Ending of EmployeeDetails constructor
2026-01-27 14:37:48 INFO  BasePage - Starting of LoginPage constructor
2026-01-27 14:37:48 INFO  BasePage - Ending of LoginPage constructor
2026-01-27 14:37:49 INFO  BasePage - Starting of enterEmail method
2026-01-27 14:37:49 INFO  BasePage - Starting of sendKeys method
2026-01-27 14:37:49 INFO  BasePage - Ending of sendKeys method
2026-01-27 14:37:49 INFO  BasePage - Ending of enterEmail method
2026-01-27 14:37:49 INFO  BasePage - Starting of enterPassword method
2026-01-27 14:37:49 INFO  BasePage - Starting of sendKeys method
2026-01-27 14:37:49 INFO  BaseTest - Starting of setup method
2026-01-27 14:37:50 INFO  BasePage - Ending of sendKeys method
2026-01-27 14:37:50 INFO  BasePage - Ending of enterPassword method
2026-01-27 14:37:50 INFO  BasePage - Starting of clickOnRememberMe method
2026-01-27 14:37:50 INFO  BasePage - Starting of click method
2026-01-27 14:37:50 INFO  BasePage - Ending of click method
2026-01-27 14:37:50 INFO  BasePage - Ending of clickOnRememberMe method
2026-01-27 14:37:50 INFO  BasePage - Starting of clickOnLoginButton method
2026-01-27 14:37:50 INFO  BasePage - Starting of click method
2026-01-27 14:37:50 INFO  BasePage - Ending of click method
2026-01-27 14:37:50 INFO  BasePage - Ending of clickOnLoginButton method
2026-01-27 14:37:50 INFO  BaseTest - Ending of setup method
2026-01-27 14:37:50 INFO  Listeners - Test Started  : A_testVaildEmployeeDetails
2026-01-27 14:37:50 INFO  BaseTest - Starting of testVaildEmployeeDetails method
2026-01-27 14:37:50 INFO  BasePage - Starting of getWelcomeToJalaAcademy method
2026-01-27 14:37:50 INFO  BasePage - Ending of getWelcomeToJalaAcademy method
2026-01-27 14:37:50 INFO  BasePage - Starting of getText method
2026-01-27 14:37:50 INFO  BasePage - Ending of getText method
2026-01-27 14:37:50 INFO  BasePage - Starting of clickOnEmployeeButton method
2026-01-27 14:37:52 INFO  BasePage - Starting of click method
2026-01-27 14:37:53 INFO  BasePage - Ending of click method
2026-01-27 14:37:53 INFO  BasePage - Ending of clickOnEmployeeButton method
2026-01-27 14:37:53 INFO  BasePage - Starting of clickOnCreateButton method
2026-01-27 14:37:55 INFO  BasePage - Starting of click method
2026-01-27 14:37:55 INFO  BasePage - Starting of EmployeeDetails constructor
2026-01-27 14:37:55 INFO  BasePage - Ending of EmployeeDetails constructor
2026-01-27 14:37:55 INFO  BasePage - Starting of LoginPage constructor
2026-01-27 14:37:55 INFO  BasePage - Ending of LoginPage constructor
2026-01-27 14:37:55 INFO  BasePage - Ending of click method
2026-01-27 14:37:55 INFO  BasePage - Ending of clickOnCreateButton method
2026-01-27 14:37:55 INFO  BasePage - Starting of enterFirstName method
2026-01-27 14:37:55 INFO  BasePage - Starting of sendKeys method
2026-01-27 14:37:55 INFO  BasePage - Ending of sendKeys method
2026-01-27 14:37:55 INFO  BasePage - Ending of enterFirstName method
2026-01-27 14:37:55 INFO  BasePage - Starting of enterFirstName method
2026-01-27 14:37:55 INFO  BasePage - Starting of sendKeys method
2026-01-27 14:37:56 INFO  BasePage - Ending of sendKeys method
2026-01-27 14:37:56 INFO  BasePage - Ending of enterFirstName method
2026-01-27 14:37:56 INFO  BasePage - Starting of enterEmailId method
2026-01-27 14:37:56 INFO  BasePage - Starting of sendKeys method
2026-01-27 14:37:56 INFO  BasePage - Starting of enterEmail method
2026-01-27 14:37:56 INFO  BasePage - Starting of sendKeys method
2026-01-27 14:37:56 INFO  BasePage - Ending of sendKeys method
2026-01-27 14:37:56 INFO  BasePage - Ending of enterEmailId method
2026-01-27 14:37:56 INFO  BasePage - Starting of enterMobileNumber method
2026-01-27 14:37:56 INFO  BasePage - Starting of sendKeys method
2026-01-27 14:37:56 INFO  BasePage - Ending of sendKeys method
2026-01-27 14:37:56 INFO  BasePage - Ending of enterEmail method
2026-01-27 14:37:56 INFO  BasePage - Starting of enterPassword method
2026-01-27 14:37:56 INFO  BasePage - Starting of sendKeys method
2026-01-27 14:37:56 INFO  BasePage - Ending of sendKeys method
2026-01-27 14:37:56 INFO  BasePage - Ending of enterPassword method
2026-01-27 14:37:56 INFO  BasePage - Starting of clickOnRememberMe method
2026-01-27 14:37:56 INFO  BasePage - Starting of click method
2026-01-27 14:37:56 INFO  BasePage - Ending of sendKeys method
2026-01-27 14:37:56 INFO  BasePage - Ending of enterMobileNumber method
2026-01-27 14:37:56 INFO  BasePage - Starting of enterDateOfBirth method
2026-01-27 14:37:56 INFO  BasePage - Starting of sendKeys method
2026-01-27 14:37:56 INFO  BasePage - Ending of click method
2026-01-27 14:37:56 INFO  BasePage - Ending of clickOnRememberMe method
2026-01-27 14:37:56 INFO  BasePage - Starting of clickOnLoginButton method
2026-01-27 14:37:56 INFO  BasePage - Starting of click method
2026-01-27 14:37:56 INFO  BasePage - Ending of click method
2026-01-27 14:37:56 INFO  BasePage - Ending of clickOnLoginButton method
2026-01-27 14:37:56 INFO  BaseTest - Ending of setup method
2026-01-27 14:37:56 INFO  Listeners - Test Started  : A_testVaildEmployeeDetails
2026-01-27 14:37:56 INFO  BaseTest - Starting of testVaildEmployeeDetails method
2026-01-27 14:37:56 INFO  BasePage - Starting of getWelcomeToJalaAcademy method
2026-01-27 14:37:56 INFO  BasePage - Ending of getWelcomeToJalaAcademy method
2026-01-27 14:37:56 INFO  BasePage - Starting of getText method
2026-01-27 14:37:56 INFO  BasePage - Ending of getText method
2026-01-27 14:37:56 INFO  BasePage - Ending of sendKeys method
2026-01-27 14:37:56 INFO  BasePage - Ending of enterDateOfBirth method
2026-01-27 14:37:56 INFO  BasePage - Starting of clickOnEmployeeButton method
2026-01-27 14:37:57 INFO  BasePage - Starting of clickOnEmployeeButton method
2026-01-27 14:37:58 INFO  BasePage - Starting of click method
2026-01-27 14:37:59 INFO  BasePage - Ending of click method
2026-01-27 14:37:59 INFO  BasePage - Ending of clickOnEmployeeButton method
2026-01-27 14:37:59 INFO  BasePage - Starting of enterAddress method
2026-01-27 14:37:59 INFO  BasePage - Starting of sendKeys method
2026-01-27 14:37:59 INFO  BasePage - Starting of click method
2026-01-27 14:37:59 INFO  BasePage - Ending of click method
2026-01-27 14:37:59 INFO  BasePage - Ending of clickOnEmployeeButton method
2026-01-27 14:37:59 INFO  BasePage - Starting of clickOnCreateButton method
2026-01-27 14:37:59 INFO  BasePage - Ending of sendKeys method
2026-01-27 14:37:59 INFO  BasePage - Ending of enterAddress method
2026-01-27 14:37:59 INFO  BasePage - Starting of clickOnSelectCity method
2026-01-27 14:37:59 INFO  BasePage - Starting of click method
2026-01-27 14:37:59 INFO  BasePage - Ending of click method
2026-01-27 14:37:59 INFO  BasePage - Ending of clickOnSelectCity method
2026-01-27 14:37:59 INFO  BasePage - Starting of clickOnIndia method
2026-01-27 14:37:59 INFO  BasePage - Starting of click method
2026-01-27 14:37:59 INFO  BasePage - Ending of click method
2026-01-27 14:37:59 INFO  BasePage - Ending of clickOnIndia method
2026-01-27 14:38:01 INFO  BasePage - Starting of click method
2026-01-27 14:38:01 INFO  BasePage - Ending of click method
2026-01-27 14:38:01 INFO  BasePage - Ending of clickOnCreateButton method
2026-01-27 14:38:01 INFO  BasePage - Starting of enterFirstName method
2026-01-27 14:38:01 INFO  BasePage - Starting of sendKeys method
2026-01-27 14:38:01 INFO  BasePage - Ending of sendKeys method
2026-01-27 14:38:01 INFO  BasePage - Ending of enterFirstName method
2026-01-27 14:38:01 INFO  BasePage - Starting of enterFirstName method
2026-01-27 14:38:01 INFO  BasePage - Starting of sendKeys method
2026-01-27 14:38:01 INFO  BasePage - Ending of sendKeys method
2026-01-27 14:38:01 INFO  BasePage - Ending of enterFirstName method
2026-01-27 14:38:01 INFO  BasePage - Starting of enterEmailId method
2026-01-27 14:38:01 INFO  BasePage - Starting of sendKeys method
2026-01-27 14:38:02 INFO  BasePage - Ending of sendKeys method
2026-01-27 14:38:02 INFO  BasePage - Ending of enterEmailId method
2026-01-27 14:38:02 INFO  BasePage - Starting of enterMobileNumber method
2026-01-27 14:38:02 INFO  BasePage - Starting of sendKeys method
2026-01-27 14:38:02 INFO  BasePage - Ending of sendKeys method
2026-01-27 14:38:02 INFO  BasePage - Ending of enterMobileNumber method
2026-01-27 14:38:02 INFO  BasePage - Starting of enterDateOfBirth method
2026-01-27 14:38:02 INFO  BasePage - Starting of sendKeys method
2026-01-27 14:38:02 INFO  BasePage - Ending of sendKeys method
2026-01-27 14:38:02 INFO  BasePage - Ending of enterDateOfBirth method
2026-01-27 14:38:02 INFO  BasePage - Starting of clickOnEmployeeButton method
2026-01-27 14:38:02 INFO  BasePage - Starting of clickOnSelectCity method
2026-01-27 14:38:02 INFO  BasePage - Starting of click method
2026-01-27 14:38:02 INFO  BasePage - Ending of click method
2026-01-27 14:38:02 INFO  BasePage - Ending of clickOnSelectCity method
2026-01-27 14:38:02 INFO  BasePage - Starting of clickOnHyderabad method
2026-01-27 14:38:02 INFO  BasePage - Starting of click method
2026-01-27 14:38:03 INFO  BasePage - Ending of click method
2026-01-27 14:38:03 INFO  BasePage - Ending of clickOnHyderabad method
2026-01-27 14:38:03 INFO  BasePage - Starting of clickOnQaAutomation method
2026-01-27 14:38:03 INFO  BasePage - Starting of click method
2026-01-27 14:38:03 INFO  BasePage - Ending of click method
2026-01-27 14:38:03 INFO  BasePage - Ending of clickOnQaAutomation method
2026-01-27 14:38:03 INFO  BasePage - Starting of clickOnIndia method
2026-01-27 14:38:03 INFO  BasePage - Starting of click method
2026-01-27 14:38:03 INFO  BasePage - Ending of click method
2026-01-27 14:38:03 INFO  BasePage - Ending of clickOnIndia method
2026-01-27 14:38:03 INFO  BaseTest - Ending of testVaildEmployeeDetails method
2026-01-27 14:38:03 INFO  Listeners - Test PassedA_testVaildEmployeeDetails
2026-01-27 14:38:03 INFO  BaseTest - Starting of setup method
2026-01-27 14:38:04 INFO  BasePage - Starting of click method
2026-01-27 14:38:04 INFO  BasePage - Ending of click method
2026-01-27 14:38:04 INFO  BasePage - Ending of clickOnEmployeeButton method
2026-01-27 14:38:04 INFO  BasePage - Starting of enterAddress method
2026-01-27 14:38:04 INFO  BasePage - Starting of sendKeys method
2026-01-27 14:38:04 INFO  BasePage - Ending of sendKeys method
2026-01-27 14:38:04 INFO  BasePage - Ending of enterAddress method
2026-01-27 14:38:04 INFO  BasePage - Starting of clickOnSelectCity method
2026-01-27 14:38:04 INFO  BasePage - Starting of click method
2026-01-27 14:38:04 INFO  BasePage - Starting of LoginPage constructor
2026-01-27 14:38:04 INFO  BasePage - Ending of LoginPage constructor
2026-01-27 14:38:04 INFO  BasePage - Starting of EmployeeDetails constructor
2026-01-27 14:38:04 INFO  BasePage - Ending of EmployeeDetails constructor
2026-01-27 14:38:04 INFO  BasePage - Starting of SearchEmployee method
2026-01-27 14:38:04 INFO  BasePage - Ending of SearchEmployee method
2026-01-27 14:38:05 INFO  BasePage - Ending of click method
2026-01-27 14:38:05 INFO  BasePage - Ending of clickOnSelectCity method
2026-01-27 14:38:05 INFO  BasePage - Starting of clickOnIndia method
2026-01-27 14:38:05 INFO  BasePage - Starting of click method
2026-01-27 14:38:05 INFO  BasePage - Ending of click method
2026-01-27 14:38:05 INFO  BasePage - Ending of clickOnIndia method
2026-01-27 14:38:06 INFO  BasePage - Starting of enterEmail method
2026-01-27 14:38:06 INFO  BasePage - Starting of sendKeys method
2026-01-27 14:38:06 INFO  BasePage - Ending of sendKeys method
2026-01-27 14:38:06 INFO  BasePage - Ending of enterEmail method
2026-01-27 14:38:06 INFO  BasePage - Starting of enterPassword method
2026-01-27 14:38:06 INFO  BasePage - Starting of sendKeys method
2026-01-27 14:38:06 INFO  BasePage - Ending of sendKeys method
2026-01-27 14:38:06 INFO  BasePage - Ending of enterPassword method
2026-01-27 14:38:06 INFO  BasePage - Starting of clickOnRememberMe method
2026-01-27 14:38:06 INFO  BasePage - Starting of click method
2026-01-27 14:38:06 INFO  BasePage - Ending of click method
2026-01-27 14:38:06 INFO  BasePage - Ending of clickOnRememberMe method
2026-01-27 14:38:06 INFO  BasePage - Starting of clickOnLoginButton method
2026-01-27 14:38:06 INFO  BasePage - Starting of click method
2026-01-27 14:38:07 INFO  BasePage - Ending of click method
2026-01-27 14:38:07 INFO  BasePage - Ending of clickOnLoginButton method
2026-01-27 14:38:07 INFO  BasePage - Starting of clickOnEmployeeButton method
2026-01-27 14:38:08 INFO  BasePage - Starting of clickOnSelectCity method
2026-01-27 14:38:08 INFO  BasePage - Starting of click method
2026-01-27 14:38:08 INFO  BasePage - Ending of click method
2026-01-27 14:38:08 INFO  BasePage - Ending of clickOnSelectCity method
2026-01-27 14:38:08 INFO  BasePage - Starting of clickOnHyderabad method
2026-01-27 14:38:08 INFO  BasePage - Starting of click method
2026-01-27 14:38:08 INFO  BasePage - Ending of click method
2026-01-27 14:38:08 INFO  BasePage - Ending of clickOnHyderabad method
2026-01-27 14:38:08 INFO  BasePage - Starting of clickOnQaAutomation method
2026-01-27 14:38:08 INFO  BasePage - Starting of click method
2026-01-27 14:38:08 INFO  BasePage - Ending of click method
2026-01-27 14:38:08 INFO  BasePage - Ending of clickOnQaAutomation method
2026-01-27 14:38:08 INFO  BasePage - Starting of clickOnIndia method
2026-01-27 14:38:08 INFO  BasePage - Starting of click method
2026-01-27 14:38:08 INFO  BasePage - Ending of click method
2026-01-27 14:38:08 INFO  BasePage - Ending of clickOnIndia method
2026-01-27 14:38:08 INFO  BaseTest - Ending of testVaildEmployeeDetails method
2026-01-27 14:38:08 INFO  Listeners - Test PassedA_testVaildEmployeeDetails
2026-01-27 14:38:09 INFO  BasePage - Starting of click method
2026-01-27 14:38:09 INFO  BasePage - Ending of click method
2026-01-27 14:38:09 INFO  BasePage - Ending of clickOnEmployeeButton method
2026-01-27 14:38:09 INFO  BaseTest - Ending of setup method
2026-01-27 14:38:09 INFO  Listeners - Test Started  : A_testSearchEmployee
2026-01-27 14:38:09 INFO  BaseTest - Starting of testSearchEmployee method
2026-01-27 14:38:11 INFO  BaseTest - Starting of setup method
2026-01-27 14:38:12 INFO  BasePage - Starting of clickOnSearch method
2026-01-27 14:38:12 INFO  BasePage - Starting of click method
2026-01-27 14:38:13 INFO  BasePage - Ending of click method
2026-01-27 14:38:13 INFO  BasePage - Ending of clickOnSearch method
2026-01-27 14:38:13 INFO  BasePage - Starting of enterEmployeeName method
2026-01-27 14:38:13 INFO  BasePage - Starting of sendKeys method
2026-01-27 14:38:13 INFO  BasePage - Ending of sendKeys method
2026-01-27 14:38:13 INFO  BasePage - Ending of enterEmployeeName method
2026-01-27 14:38:13 INFO  BasePage - Starting of enterPassword method
2026-01-27 14:38:13 INFO  BasePage - Starting of sendKeys method
2026-01-27 14:38:13 INFO  BasePage - Ending of sendKeys method
2026-01-27 14:38:13 INFO  BasePage - Ending of enterPassword method
2026-01-27 14:38:13 INFO  BasePage - Starting of clickOnSearch1 method
2026-01-27 14:38:13 INFO  BasePage - Starting of click method
2026-01-27 14:38:13 INFO  BasePage - Ending of click method
2026-01-27 14:38:13 INFO  BasePage - Ending of setup method
2026-01-27 14:38:16 INFO  BasePage - Starting of LoginPage constructor
2026-01-27 14:38:16 INFO  BasePage - Ending of LoginPage constructor
2026-01-27 14:38:16 INFO  BasePage - Starting of EmployeeDetails constructor
2026-01-27 14:38:16 INFO  BasePage - Ending of EmployeeDetails constructor
2026-01-27 14:38:16 INFO  BasePage - Starting of SearchEmployee method
2026-01-27 14:38:16 INFO  BasePage - Ending of SearchEmployee method
2026-01-27 14:38:16 INFO  BaseTest - Ending of testSearchEmployee method
2026-01-27 14:38:16 INFO  Listeners - Test PassedA_testSearchEmployee
2026-01-27 14:38:17 INFO  BasePage - Starting of enterEmail method
2026-01-27 14:38:17 INFO  BasePage - Starting of sendKeys method
2026-01-27 14:38:17 INFO  BaseTest - Starting of setup method
2026-01-27 14:38:17 INFO  BasePage - Ending of sendKeys method
2026-01-27 14:38:17 INFO  BasePage - Ending of enterEmail method
2026-01-27 14:38:17 INFO  BasePage - Starting of enterPassword method
2026-01-27 14:38:17 INFO  BasePage - Starting of sendKeys method
2026-01-27 14:38:17 INFO  BasePage - Ending of sendKeys method
2026-01-27 14:38:17 INFO  BasePage - Ending of enterPassword method
2026-01-27 14:38:17 INFO  BasePage - Starting of clickOnRememberMe method
2026-01-27 14:38:17 INFO  BasePage - Starting of click method
2026-01-27 14:38:17 INFO  BasePage - Ending of click method
2026-01-27 14:38:17 INFO  BasePage - Ending of clickOnRememberMe method
2026-01-27 14:38:17 INFO  BasePage - Starting of clickOnLoginButton method
2026-01-27 14:38:17 INFO  BasePage - Starting of click method
2026-01-27 14:38:17 INFO  BasePage - Ending of click method
2026-01-27 14:38:17 INFO  BasePage - Ending of clickOnLoginButton method
2026-01-27 14:38:17 INFO  BasePage - Starting of clickOnEmployeeButton method
2026-01-27 14:38:18 INFO  BasePage - Starting of MenuPage constructor
2026-01-27 14:38:18 INFO  BasePage - Ending of MenuPage constructor
2026-01-27 14:38:18 INFO  BasePage - Starting of HomePage constructor
2026-01-27 14:38:18 INFO  BasePage - Ending of HomePage constructor
2026-01-27 14:38:18 INFO  BasePage - Starting of LoginPage constructor
2026-01-27 14:38:18 INFO  BasePage - Ending of LoginPage constructor
2026-01-27 14:38:19 INFO  BasePage - Starting of click method
2026-01-27 14:38:20 INFO  BasePage - Ending of click method
2026-01-27 14:38:20 INFO  BasePage - Ending of clickOnEmployeeButton method
2026-01-27 14:38:20 INFO  BaseTest - Ending of setup method
2026-01-27 14:38:20 INFO  Listeners - Test Started  : A_testSearchEmployee
2026-01-27 14:38:20 INFO  BaseTest - Starting of testSearchEmployee method
2026-01-27 14:38:20 INFO  BasePage - Starting of enterEmail method
2026-01-27 14:38:20 INFO  BasePage - Starting of sendKeys method
2026-01-27 14:38:20 INFO  BasePage - Ending of sendKeys method
2026-01-27 14:38:20 INFO  BasePage - Ending of enterEmail method
2026-01-27 14:38:20 INFO  BasePage - Starting of enterPassword method
2026-01-27 14:38:20 INFO  BasePage - Starting of sendKeys method
2026-01-27 14:38:20 INFO  BasePage - Ending of sendKeys method
2026-01-27 14:38:20 INFO  BasePage - Ending of enterPassword method
2026-01-27 14:38:20 INFO  BasePage - Starting of clickOnRememberMe method
2026-01-27 14:38:20 INFO  BasePage - Starting of click method
2026-01-27 14:38:20 INFO  BasePage - Ending of click method
2026-01-27 14:38:20 INFO  BasePage - Ending of clickOnRememberMe method
2026-01-27 14:38:20 INFO  BasePage - Starting of clickOnLoginButton method
2026-01-27 14:38:20 INFO  BasePage - Starting of click method
2026-01-27 14:38:20 INFO  BasePage - Ending of click method
2026-01-27 14:38:20 INFO  BasePage - Ending of clickOnLoginButton method
2026-01-27 14:38:20 INFO  BasePage - Starting of clickOnMoreButton method
2026-01-27 14:38:21 INFO  BasePage - Ending of clickOnMoreButton method
2026-01-27 14:38:23 INFO  BasePage - Starting of clickOnSearch method
2026-01-27 14:38:23 INFO  BasePage - Starting of click method
2026-01-27 14:38:23 INFO  BasePage - Ending of click method
2026-01-27 14:38:23 INFO  BasePage - Ending of clickOnSearch method
2026-01-27 14:38:23 INFO  BasePage - Starting of enterEmployeeName method
2026-01-27 14:38:23 INFO  BasePage - Starting of sendKeys method
2026-01-27 14:38:23 INFO  BasePage - Ending of sendKeys method
2026-01-27 14:38:23 INFO  BasePage - Ending of enterEmployeeName method
2026-01-27 14:38:23 INFO  BasePage - Starting of enterPassword method
2026-01-27 14:38:23 INFO  BasePage - Starting of sendKeys method
2026-01-27 14:38:23 INFO  BasePage - Ending of sendKeys method
2026-01-27 14:38:23 INFO  BasePage - Ending of enterPassword method
2026-01-27 14:38:23 INFO  BasePage - Starting of clickOnSearch1 method
2026-01-27 14:38:23 INFO  BasePage - Starting of click method
2026-01-27 14:38:23 INFO  BasePage - Ending of click method
2026-01-27 14:38:23 INFO  BasePage - Ending of setup method
2026-01-27 14:38:24 INFO  BasePage - Starting of clickOnMenuButton method
2026-01-27 14:38:24 INFO  BasePage - Starting of click method
2026-01-27 14:38:24 INFO  BasePage - Ending of click method
2026-01-27 14:38:24 INFO  BasePage - Ending of clickOnMenuButton method
2026-01-27 14:38:24 INFO  BaseTest - Ending of setup method
2026-01-27 14:38:24 INFO  Listeners - Test Started  : A_testMenu
2026-01-27 14:38:24 INFO  BaseTest - Starting of testMenu method
2026-01-27 14:38:24 INFO  BasePage - Starting of clickOnSubMenuButton method
2026-01-27 14:38:24 INFO  BasePage - Starting of click method
2026-01-27 14:38:24 INFO  BasePage - Ending of click method
2026-01-27 14:38:24 INFO  BasePage - Ending of clickOnSubMenuButton method
2026-01-27 14:38:24 INFO  BaseTest - Ending of testMenu method
2026-01-27 14:38:24 INFO  Listeners - Test PassedA_testMenu
2026-01-27 14:38:25 INFO  BaseTest - Starting of setup method
2026-01-27 14:38:26 INFO  BasePage - Starting of IframePage constructor
2026-01-27 14:38:26 INFO  BasePage - Ending of IframePage constructor
2026-01-27 14:38:26 INFO  BasePage - Starting of HomePage constructor
2026-01-27 14:38:26 INFO  BasePage - Ending of HomePage constructor
2026-01-27 14:38:26 INFO  BasePage - Starting of LoginPage constructor
2026-01-27 14:38:26 INFO  BasePage - Ending of LoginPage constructor
2026-01-27 14:38:26 INFO  BaseTest - Ending of testSearchEmployee method
2026-01-27 14:38:26 INFO  Listeners - Test PassedA_testSearchEmployee
2026-01-27 14:38:27 INFO  BasePage - Starting of enterEmail method
2026-01-27 14:38:27 INFO  BasePage - Starting of sendKeys method
2026-01-27 14:38:28 INFO  BasePage - Ending of sendKeys method
2026-01-27 14:38:28 INFO  BasePage - Ending of enterEmail method
2026-01-27 14:38:28 INFO  BasePage - Starting of enterPassword method
2026-01-27 14:38:28 INFO  BasePage - Starting of sendKeys method
2026-01-27 14:38:28 INFO  BasePage - Ending of sendKeys method
2026-01-27 14:38:28 INFO  BasePage - Ending of enterPassword method
2026-01-27 14:38:28 INFO  BasePage - Starting of clickOnRememberMe method
2026-01-27 14:38:28 INFO  BasePage - Starting of click method
2026-01-27 14:38:28 INFO  BasePage - Ending of click method
2026-01-27 14:38:28 INFO  BasePage - Ending of clickOnRememberMe method
2026-01-27 14:38:28 INFO  BasePage - Starting of clickOnLoginButton method
2026-01-27 14:38:28 INFO  BasePage - Starting of click method
2026-01-27 14:38:28 INFO  BasePage - Ending of click method
2026-01-27 14:38:28 INFO  BasePage - Ending of clickOnLoginButton method
2026-01-27 14:38:28 INFO  BasePage - Starting of clickOnMoreButton method
2026-01-27 14:38:29 INFO  BaseTest - Starting of setup method
2026-01-27 14:38:29 INFO  BasePage - Ending of clickOnMoreButton method
2026-01-27 14:38:32 INFO  BasePage - Starting of clickOnMenuButton method
2026-01-27 14:38:32 INFO  BasePage - Starting of click method
2026-01-27 14:38:32 INFO  BasePage - Ending of click method
2026-01-27 14:38:32 INFO  BasePage - Ending of clickOnMenuButton method
2026-01-27 14:38:32 INFO  BasePage - Starting of clickOnIframeButton method
2026-01-27 14:38:32 INFO  BasePage - Starting of click method
2026-01-27 14:38:32 INFO  BasePage - Ending of click method
2026-01-27 14:38:32 INFO  BasePage - Ending of clickOnIframeButton method
2026-01-27 14:38:32 INFO  BaseTest - Ending of setup method
2026-01-27 14:38:32 INFO  Listeners - Test Started  : A_testIframe
2026-01-27 14:38:32 INFO  BaseTest - Starting of testIframe method
2026-01-27 14:38:32 INFO  BasePage - Starting of getFrameOneText method
2026-01-27 14:38:32 INFO  BasePage - Ending of getFrameOneText method
2026-01-27 14:38:32 INFO  BasePage - Starting of getText method
2026-01-27 14:38:32 INFO  BasePage - Ending of getText method
2026-01-27 14:38:32 INFO  BasePage - Starting of getFrameTwoText method
2026-01-27 14:38:32 INFO  BasePage - Ending of getFrameTwoText method
2026-01-27 14:38:32 INFO  BasePage - Starting of getText method
2026-01-27 14:38:32 INFO  BasePage - Ending of getText method
2026-01-27 14:38:32 INFO  BasePage - Starting of getWelcomeToJalaAcademyText method
2026-01-27 14:38:32 INFO  BasePage - Ending of getWelcomeToJalaAcademyText method
2026-01-27 14:38:32 INFO  BasePage - Starting of getText method
2026-01-27 14:38:32 INFO  BasePage - Ending of getText method
2026-01-27 14:38:33 INFO  BaseTest - Ending of testIframe method
2026-01-27 14:38:33 INFO  Listeners - Test PassedA_testIframe
2026-01-27 14:38:33 INFO  BaseTest - Starting of setup method
2026-01-27 14:38:34 INFO  BasePage - Starting of ImagesPage constructor
2026-01-27 14:38:34 INFO  BasePage - Ending of ImagesPage constructor
2026-01-27 14:38:34 INFO  BasePage - Starting of HomePage constructor
2026-01-27 14:38:34 INFO  BasePage - Ending of HomePage constructor
2026-01-27 14:38:34 INFO  BasePage - Starting of LoginPage constructor
2026-01-27 14:38:34 INFO  BasePage - Ending of LoginPage constructor
2026-01-27 14:38:35 INFO  BasePage - Starting of MenuPage constructor
2026-01-27 14:38:35 INFO  BasePage - Ending of MenuPage constructor
2026-01-27 14:38:35 INFO  BasePage - Starting of HomePage constructor
2026-01-27 14:38:35 INFO  BasePage - Ending of HomePage constructor
2026-01-27 14:38:35 INFO  BasePage - Starting of LoginPage constructor
2026-01-27 14:38:35 INFO  BasePage - Ending of LoginPage constructor
2026-01-27 14:38:35 INFO  BasePage - Starting of enterEmail method
2026-01-27 14:38:35 INFO  BasePage - Starting of sendKeys method
2026-01-27 14:38:36 INFO  BasePage - Ending of sendKeys method
2026-01-27 14:38:36 INFO  BasePage - Ending of enterEmail method
2026-01-27 14:38:36 INFO  BasePage - Starting of enterPassword method
2026-01-27 14:38:36 INFO  BasePage - Starting of sendKeys method
2026-01-27 14:38:36 INFO  BasePage - Ending of sendKeys method
2026-01-27 14:38:36 INFO  BasePage - Ending of enterPassword method
2026-01-27 14:38:36 INFO  BasePage - Starting of clickOnRememberMe method
2026-01-27 14:38:36 INFO  BasePage - Starting of click method
2026-01-27 14:38:36 INFO  BasePage - Ending of click method
2026-01-27 14:38:36 INFO  BasePage - Ending of clickOnRememberMe method
2026-01-27 14:38:36 INFO  BasePage - Starting of clickOnLoginButton method
2026-01-27 14:38:36 INFO  BasePage - Starting of click method
2026-01-27 14:38:36 INFO  BasePage - Ending of click method
2026-01-27 14:38:36 INFO  BasePage - Ending of clickOnLoginButton method
2026-01-27 14:38:36 INFO  BasePage - Starting of clickOnMoreButton method
2026-01-27 14:38:36 INFO  BasePage - Starting of enterEmail method
2026-01-27 14:38:36 INFO  BasePage - Starting of sendKeys method
2026-01-27 14:38:36 INFO  BasePage - Ending of sendKeys method
2026-01-27 14:38:36 INFO  BasePage - Ending of enterEmail method
2026-01-27 14:38:36 INFO  BasePage - Starting of enterPassword method
2026-01-27 14:38:36 INFO  BasePage - Starting of sendKeys method
2026-01-27 14:38:37 INFO  BasePage - Ending of clickOnMoreButton method
2026-01-27 14:38:37 INFO  BasePage - Ending of sendKeys method
2026-01-27 14:38:37 INFO  BasePage - Ending of enterPassword method
2026-01-27 14:38:37 INFO  BasePage - Starting of clickOnRememberMe method
2026-01-27 14:38:37 INFO  BasePage - Starting of click method
2026-01-27 14:38:37 INFO  BasePage - Ending of click method
2026-01-27 14:38:37 INFO  BasePage - Ending of clickOnRememberMe method
2026-01-27 14:38:37 INFO  BasePage - Starting of clickOnLoginButton method
2026-01-27 14:38:37 INFO  BasePage - Starting of click method
2026-01-27 14:38:37 INFO  BasePage - Ending of click method
2026-01-27 14:38:37 INFO  BasePage - Ending of clickOnLoginButton method
2026-01-27 14:38:37 INFO  BasePage - Starting of clickOnMoreButton method
2026-01-27 14:38:38 INFO  BasePage - Ending of clickOnMoreButton method
2026-01-27 14:38:40 INFO  BasePage - Starting of clickOnImageButton method
2026-01-27 14:38:40 INFO  BasePage - Starting of click method
2026-01-27 14:38:40 INFO  BasePage - Ending of click method
2026-01-27 14:38:40 INFO  BasePage - Ending of clickOnImageButton method
2026-01-27 14:38:40 INFO  BaseTest - Ending of setup method
2026-01-27 14:38:40 INFO  Listeners - Test Started  : A_testUploadImages
2026-01-27 14:38:40 INFO  BaseTest - Starting of testUploadImages method
2026-01-27 14:38:40 INFO  BasePage - Starting of uploadImage method
2026-01-27 14:38:40 INFO  BasePage - Starting of sendKeys method
2026-01-27 14:38:40 INFO  BasePage - Ending of sendKeys method
2026-01-27 14:38:40 INFO  BasePage - Ending of uploadImage method
2026-01-27 14:38:41 INFO  BasePage - Starting of clickOnMenuButton method
2026-01-27 14:38:41 INFO  BasePage - Starting of click method
2026-01-27 14:38:41 INFO  BasePage - Ending of click method
2026-01-27 14:38:41 INFO  BasePage - Ending of clickOnMenuButton method
2026-01-27 14:38:41 INFO  BaseTest - Ending of setup method
2026-01-27 14:38:41 INFO  Listeners - Test Started  : A_testMenu
2026-01-27 14:38:41 INFO  BaseTest - Starting of testMenu method
2026-01-27 14:38:41 INFO  BasePage - Starting of clickOnSubMenuButton method
2026-01-27 14:38:41 INFO  BasePage - Starting of click method
2026-01-27 14:38:41 INFO  BasePage - Ending of click method
2026-01-27 14:38:41 INFO  BasePage - Ending of clickOnSubMenuButton method
2026-01-27 14:38:41 INFO  BaseTest - Ending of testMenu method
2026-01-27 14:38:41 INFO  Listeners - Test PassedA_testMenu
2026-01-27 14:38:42 INFO  BasePage - Starting of clickOnUploadButton method
2026-01-27 14:38:42 INFO  BasePage - Starting of click method
2026-01-27 14:38:42 INFO  BasePage - Ending of click method
2026-01-27 14:38:42 INFO  BasePage - Ending of clickOnUploadButton method
2026-01-27 14:38:42 INFO  BasePage - Starting of getImageLabel method
2026-01-27 14:38:42 INFO  BasePage - Ending of getImageLabel method
2026-01-27 14:38:42 INFO  BasePage - Starting of getText method
2026-01-27 14:38:42 INFO  BasePage - Ending of getText method
2026-01-27 14:38:43 INFO  BaseTest - Ending of testUploadImages method
2026-01-27 14:38:43 INFO  Listeners - Test PassedA_testUploadImages
2026-01-27 14:38:43 INFO  BaseTest - Starting of setup method
2026-01-27 14:38:47 INFO  BasePage - Starting of IframePage constructor
2026-01-27 14:38:47 INFO  BasePage - Ending of IframePage constructor
2026-01-27 14:38:47 INFO  BasePage - Starting of HomePage constructor
2026-01-27 14:38:47 INFO  BasePage - Ending of HomePage constructor
2026-01-27 14:38:47 INFO  BasePage - Starting of LoginPage constructor
2026-01-27 14:38:47 INFO  BasePage - Ending of LoginPage constructor
2026-01-27 14:38:48 INFO  BasePage - Starting of enterEmail method
2026-01-27 14:38:48 INFO  BasePage - Starting of sendKeys method
2026-01-27 14:38:48 INFO  BasePage - Ending of sendKeys method
2026-01-27 14:38:48 INFO  BasePage - Ending of enterEmail method
2026-01-27 14:38:48 INFO  BasePage - Starting of enterPassword method
2026-01-27 14:38:48 INFO  BasePage - Starting of sendKeys method
2026-01-27 14:38:48 INFO  BasePage - Ending of sendKeys method
2026-01-27 14:38:48 INFO  BasePage - Ending of enterPassword method
2026-01-27 14:38:48 INFO  BasePage - Starting of clickOnRememberMe method
2026-01-27 14:38:48 INFO  BasePage - Starting of click method
2026-01-27 14:38:48 INFO  BasePage - Ending of click method
2026-01-27 14:38:48 INFO  BasePage - Ending of clickOnRememberMe method
2026-01-27 14:38:48 INFO  BasePage - Starting of clickOnLoginButton method
2026-01-27 14:38:48 INFO  BasePage - Starting of click method
2026-01-27 14:38:48 INFO  BasePage - Ending of click method
2026-01-27 14:38:48 INFO  BasePage - Ending of clickOnLoginButton method
2026-01-27 14:38:48 INFO  BasePage - Starting of clickOnMoreButton method
2026-01-27 14:38:49 INFO  BasePage - Ending of clickOnMoreButton method
2026-01-27 14:38:52 INFO  BasePage - Starting of clickOnMenuButton method
2026-01-27 14:38:52 INFO  BasePage - Starting of click method
2026-01-27 14:38:52 INFO  BasePage - Ending of click method
2026-01-27 14:38:52 INFO  BasePage - Ending of clickOnMenuButton method
2026-01-27 14:38:52 INFO  BasePage - Starting of clickOnIframeButton method
2026-01-27 14:38:52 INFO  BasePage - Starting of click method
2026-01-27 14:38:53 INFO  BasePage - Ending of click method
2026-01-27 14:38:53 INFO  BasePage - Ending of clickOnIframeButton method
2026-01-27 14:38:53 INFO  BaseTest - Ending of setup method
2026-01-27 14:38:53 INFO  Listeners - Test Started  : A_testIframe
2026-01-27 14:38:53 INFO  BaseTest - Starting of testIframe method
2026-01-27 14:38:53 INFO  BasePage - Starting of getFrameOneText method
2026-01-27 14:38:53 INFO  BasePage - Ending of getFrameOneText method
2026-01-27 14:38:53 INFO  BasePage - Starting of getText method
2026-01-27 14:38:53 INFO  BasePage - Ending of getText method
2026-01-27 14:38:53 INFO  BasePage - Starting of getFrameTwoText method
2026-01-27 14:38:53 INFO  BasePage - Ending of getFrameTwoText method
2026-01-27 14:38:53 INFO  BasePage - Starting of getText method
2026-01-27 14:38:53 INFO  BasePage - Ending of getText method
2026-01-27 14:38:53 INFO  BasePage - Starting of getWelcomeToJalaAcademyText method
2026-01-27 14:38:53 INFO  BasePage - Ending of getWelcomeToJalaAcademyText method
2026-01-27 14:38:53 INFO  BasePage - Starting of getText method
2026-01-27 14:38:53 INFO  BasePage - Ending of getText method
2026-01-27 14:38:53 INFO  BaseTest - Ending of testIframe method
2026-01-27 14:38:53 INFO  Listeners - Test PassedA_testIframe
2026-01-27 14:38:54 INFO  BaseTest - Starting of setup method
2026-01-27 14:38:58 INFO  BasePage - Starting of ImagesPage constructor
2026-01-27 14:38:58 INFO  BasePage - Ending of ImagesPage constructor
2026-01-27 14:38:58 INFO  BasePage - Starting of HomePage constructor
2026-01-27 14:38:58 INFO  BasePage - Ending of HomePage constructor
2026-01-27 14:38:58 INFO  BasePage - Starting of LoginPage constructor
2026-01-27 14:38:58 INFO  BasePage - Ending of LoginPage constructor
2026-01-27 14:38:59 INFO  BasePage - Starting of enterEmail method
2026-01-27 14:38:59 INFO  BasePage - Starting of sendKeys method
2026-01-27 14:38:59 INFO  BasePage - Ending of sendKeys method
2026-01-27 14:38:59 INFO  BasePage - Ending of enterEmail method
2026-01-27 14:38:59 INFO  BasePage - Starting of enterPassword method
2026-01-27 14:38:59 INFO  BasePage - Starting of sendKeys method
2026-01-27 14:38:59 INFO  BasePage - Ending of sendKeys method
2026-01-27 14:38:59 INFO  BasePage - Ending of enterPassword method
2026-01-27 14:38:59 INFO  BasePage - Starting of clickOnRememberMe method
2026-01-27 14:38:59 INFO  BasePage - Starting of click method
2026-01-27 14:38:59 INFO  BasePage - Ending of click method
2026-01-27 14:38:59 INFO  BasePage - Ending of clickOnRememberMe method
2026-01-27 14:38:59 INFO  BasePage - Starting of clickOnLoginButton method
2026-01-27 14:38:59 INFO  BasePage - Starting of click method
2026-01-27 14:39:00 INFO  BasePage - Ending of click method
2026-01-27 14:39:00 INFO  BasePage - Ending of clickOnLoginButton method
2026-01-27 14:39:00 INFO  BasePage - Starting of clickOnMoreButton method
2026-01-27 14:39:00 INFO  BasePage - Ending of clickOnMoreButton method
2026-01-27 14:39:03 INFO  BasePage - Starting of clickOnImageButton method
2026-01-27 14:39:03 INFO  BasePage - Starting of click method
2026-01-27 14:39:03 INFO  BasePage - Ending of click method
2026-01-27 14:39:03 INFO  BasePage - Ending of clickOnImageButton method
2026-01-27 14:39:03 INFO  BaseTest - Ending of setup method
2026-01-27 14:39:03 INFO  Listeners - Test Started  : A_testUploadImages
2026-01-27 14:39:03 INFO  BaseTest - Starting of testUploadImages method
2026-01-27 14:39:03 INFO  BasePage - Starting of uploadImage method
2026-01-27 14:39:03 INFO  BasePage - Starting of sendKeys method
2026-01-27 14:39:04 INFO  BasePage - Ending of sendKeys method
2026-01-27 14:39:04 INFO  BasePage - Ending of uploadImage method
2026-01-27 14:39:06 INFO  BasePage - Starting of clickOnUploadButton method
2026-01-27 14:39:06 INFO  BasePage - Starting of click method
2026-01-27 14:39:06 INFO  BasePage - Ending of click method
2026-01-27 14:39:06 INFO  BasePage - Ending of clickOnUploadButton method
2026-01-27 14:39:06 INFO  BasePage - Starting of getImageLabel method
2026-01-27 14:39:06 INFO  BasePage - Ending of getImageLabel method
2026-01-27 14:39:06 INFO  BasePage - Starting of getText method
2026-01-27 14:39:06 INFO  BasePage - Ending of getText method
2026-01-27 14:39:06 INFO  BaseTest - Ending of testUploadImages method
2026-01-27 14:39:06 INFO  Listeners - Test PassedA_testUploadImages
2026-01-28 23:31:15 INFO  BaseTest - Starting of setup method
2026-01-28 23:31:15 INFO  BaseTest - Starting of setup method
2026-01-28 23:31:21 INFO  BasePage - Starting of LoginPage constructor
2026-01-28 23:31:21 INFO  BasePage - Ending of LoginPage constructor
2026-01-28 23:31:24 INFO  BasePage - Starting of LoginPage constructor
2026-01-28 23:31:24 INFO  BasePage - Ending of LoginPage constructor
2026-01-28 23:31:24 INFO  BaseTest - Ending of setup method
2026-01-28 23:31:25 INFO  Listeners - Test Started  : A_TestInvaildLogin
2026-01-28 23:31:25 INFO  BaseTest - Starting of TestInvaildLogin method
2026-01-28 23:31:25 INFO  BasePage - Starting of enterEmail method
2026-01-28 23:31:25 INFO  BasePage - Starting of sendKeys method
2026-01-28 23:31:25 INFO  BaseTest - Ending of setup method
2026-01-28 23:31:25 INFO  Listeners - Test Started  : A_TestInvaildLogin
2026-01-28 23:31:25 INFO  BaseTest - Starting of TestInvaildLogin method
2026-01-28 23:31:25 INFO  BasePage - Starting of enterEmail method
2026-01-28 23:31:25 INFO  BasePage - Starting of sendKeys method
2026-01-28 23:31:26 INFO  BasePage - Ending of sendKeys method
2026-01-28 23:31:26 INFO  BasePage - Ending of enterEmail method
2026-01-28 23:31:26 INFO  BasePage - Starting of enterPassword method
2026-01-28 23:31:26 INFO  BasePage - Starting of sendKeys method
2026-01-28 23:31:26 INFO  BasePage - Ending of sendKeys method
2026-01-28 23:31:26 INFO  BasePage - Ending of enterEmail method
2026-01-28 23:31:26 INFO  BasePage - Starting of enterPassword method
2026-01-28 23:31:26 INFO  BasePage - Starting of sendKeys method
2026-01-28 23:31:26 INFO  BasePage - Ending of sendKeys method
2026-01-28 23:31:26 INFO  BasePage - Ending of enterPassword method
2026-01-28 23:31:26 INFO  BasePage - Starting of clickOnRememberMe method
2026-01-28 23:31:26 INFO  BasePage - Starting of click method
2026-01-28 23:31:26 INFO  BasePage - Ending of sendKeys method
2026-01-28 23:31:26 INFO  BasePage - Ending of enterPassword method
2026-01-28 23:31:26 INFO  BasePage - Starting of clickOnRememberMe method
2026-01-28 23:31:26 INFO  BasePage - Starting of click method
2026-01-28 23:31:26 INFO  BasePage - Ending of click method
2026-01-28 23:31:26 INFO  BasePage - Ending of clickOnRememberMe method
2026-01-28 23:31:26 INFO  BasePage - Starting of clickOnLoginButton method
2026-01-28 23:31:26 INFO  BasePage - Starting of click method
2026-01-28 23:31:26 INFO  BasePage - Ending of click method
2026-01-28 23:31:26 INFO  BasePage - Ending of clickOnRememberMe method
2026-01-28 23:31:26 INFO  BasePage - Starting of clickOnLoginButton method
2026-01-28 23:31:26 INFO  BasePage - Starting of click method
2026-01-28 23:31:26 INFO  BasePage - Ending of click method
2026-01-28 23:31:26 INFO  BasePage - Ending of clickOnLoginButton method
2026-01-28 23:31:26 INFO  BaseTest - Ending of TestInvaildLogin method
2026-01-28 23:31:26 INFO  Listeners - Test PassedA_TestInvaildLogin
2026-01-28 23:31:26 INFO  BasePage - Ending of click method
2026-01-28 23:31:26 INFO  BasePage - Ending of clickOnLoginButton method
2026-01-28 23:31:26 INFO  BaseTest - Ending of TestInvaildLogin method
2026-01-28 23:31:26 INFO  Listeners - Test PassedA_TestInvaildLogin
2026-01-28 23:31:26 INFO  Listeners - Test Started  : B_TestInvaildLogin2
2026-01-28 23:31:26 INFO  Listeners - Test Started  : B_TestInvaildLogin2
2026-01-28 23:31:26 INFO  BaseTest - Starting of TestInvaildLogin2 method
2026-01-28 23:31:26 INFO  BaseTest - Starting of TestInvaildLogin2 method
2026-01-28 23:31:26 INFO  BasePage - Starting of enterEmail method
2026-01-28 23:31:26 INFO  BasePage - Starting of enterEmail method
2026-01-28 23:31:26 INFO  BasePage - Starting of sendKeys method
2026-01-28 23:31:26 INFO  BasePage - Starting of sendKeys method
2026-01-28 23:31:27 INFO  BasePage - Ending of sendKeys method
2026-01-28 23:31:27 INFO  BasePage - Ending of enterEmail method
2026-01-28 23:31:27 INFO  BasePage - Starting of enterPassword method
2026-01-28 23:31:27 INFO  BasePage - Starting of sendKeys method
2026-01-28 23:31:27 INFO  BasePage - Ending of sendKeys method
2026-01-28 23:31:27 INFO  BasePage - Ending of enterPassword method
2026-01-28 23:31:27 INFO  BasePage - Starting of clickOnRememberMe method
2026-01-28 23:31:27 INFO  BasePage - Starting of click method
2026-01-28 23:31:27 INFO  BasePage - Ending of sendKeys method
2026-01-28 23:31:27 INFO  BasePage - Ending of enterEmail method
2026-01-28 23:31:27 INFO  BasePage - Starting of enterPassword method
2026-01-28 23:31:27 INFO  BasePage - Starting of sendKeys method
2026-01-28 23:31:27 INFO  BasePage - Ending of click method
2026-01-28 23:31:27 INFO  BasePage - Ending of clickOnRememberMe method
2026-01-28 23:31:27 INFO  BasePage - Starting of clickOnLoginButton method
2026-01-28 23:31:27 INFO  BasePage - Starting of click method
2026-01-28 23:31:27 INFO  BasePage - Ending of click method
2026-01-28 23:31:27 INFO  BasePage - Ending of clickOnLoginButton method
2026-01-28 23:31:27 INFO  BaseTest - Ending of TestInvaildLogin2 method
2026-01-28 23:31:27 INFO  Listeners - Test PassedB_TestInvaildLogin2
2026-01-28 23:31:27 INFO  Listeners - Test Started  : C_TestInvaildLogin3
2026-01-28 23:31:27 INFO  BaseTest - Starting of TestInvaildLogin3 method
2026-01-28 23:31:27 INFO  BasePage - Starting of enterEmail method
2026-01-28 23:31:27 INFO  BasePage - Starting of sendKeys method
2026-01-28 23:31:27 INFO  BasePage - Ending of sendKeys method
2026-01-28 23:31:27 INFO  BasePage - Ending of enterPassword method
2026-01-28 23:31:27 INFO  BasePage - Starting of clickOnRememberMe method
2026-01-28 23:31:27 INFO  BasePage - Starting of click method
2026-01-28 23:31:27 INFO  BasePage - Ending of sendKeys method
2026-01-28 23:31:27 INFO  BasePage - Ending of enterEmail method
2026-01-28 23:31:27 INFO  BasePage - Starting of enterPassword method
2026-01-28 23:31:27 INFO  BasePage - Starting of sendKeys method
2026-01-28 23:31:27 INFO  BasePage - Ending of sendKeys method
2026-01-28 23:31:27 INFO  BasePage - Ending of enterPassword method
2026-01-28 23:31:27 INFO  BasePage - Starting of clickOnRememberMe method
2026-01-28 23:31:27 INFO  BasePage - Starting of click method
2026-01-28 23:31:27 INFO  BasePage - Ending of click method
2026-01-28 23:31:27 INFO  BasePage - Ending of clickOnRememberMe method
2026-01-28 23:31:27 INFO  BasePage - Starting of clickOnLoginButton method
2026-01-28 23:31:27 INFO  BasePage - Starting of click method
2026-01-28 23:31:27 INFO  BasePage - Ending of click method
2026-01-28 23:31:27 INFO  BasePage - Ending of clickOnRememberMe method
2026-01-28 23:31:27 INFO  BasePage - Starting of clickOnLoginButton method
2026-01-28 23:31:27 INFO  BasePage - Starting of click method
2026-01-28 23:31:27 INFO  BasePage - Ending of click method
2026-01-28 23:31:27 INFO  BasePage - Ending of clickOnLoginButton method
2026-01-28 23:31:27 INFO  BaseTest - Ending of TestInvaildLogin2 method
2026-01-28 23:31:27 INFO  Listeners - Test PassedB_TestInvaildLogin2
2026-01-28 23:31:27 INFO  Listeners - Test Started  : C_TestInvaildLogin3
2026-01-28 23:31:27 INFO  BaseTest - Starting of TestInvaildLogin3 method
2026-01-28 23:31:27 INFO  BasePage - Starting of enterEmail method
2026-01-28 23:31:27 INFO  BasePage - Starting of sendKeys method
2026-01-28 23:31:27 INFO  BasePage - Ending of click method
2026-01-28 23:31:27 INFO  BasePage - Ending of clickOnLoginButton method
2026-01-28 23:31:27 INFO  BaseTest - Ending of TestInvaildLogin3 method
2026-01-28 23:31:27 INFO  Listeners - Test PassedC_TestInvaildLogin3
2026-01-28 23:31:27 INFO  Listeners - Test Started  : D_testVaildLogin4
2026-01-28 23:31:27 INFO  BaseTest - Starting of testVaildLogin4 method
2026-01-28 23:31:27 INFO  BasePage - Starting of enterEmail method
2026-01-28 23:31:27 INFO  BasePage - Starting of sendKeys method
2026-01-28 23:31:27 INFO  BasePage - Ending of sendKeys method
2026-01-28 23:31:27 INFO  BasePage - Ending of enterEmail method
2026-01-28 23:31:27 INFO  BasePage - Starting of enterPassword method
2026-01-28 23:31:27 INFO  BasePage - Starting of sendKeys method
2026-01-28 23:31:27 INFO  BasePage - Ending of sendKeys method
2026-01-28 23:31:27 INFO  BasePage - Ending of enterEmail method
2026-01-28 23:31:27 INFO  BasePage - Starting of enterPassword method
2026-01-28 23:31:27 INFO  BasePage - Starting of sendKeys method
2026-01-28 23:31:28 INFO  BasePage - Ending of sendKeys method
2026-01-28 23:31:28 INFO  BasePage - Ending of enterPassword method
2026-01-28 23:31:28 INFO  BasePage - Starting of clickOnRememberMe method
2026-01-28 23:31:28 INFO  BasePage - Starting of click method
2026-01-28 23:31:28 INFO  BasePage - Ending of sendKeys method
2026-01-28 23:31:28 INFO  BasePage - Ending of enterPassword method
2026-01-28 23:31:28 INFO  BasePage - Starting of clickOnRememberMe method
2026-01-28 23:31:28 INFO  BasePage - Starting of click method
2026-01-28 23:31:28 INFO  BasePage - Ending of click method
2026-01-28 23:31:28 INFO  BasePage - Ending of clickOnRememberMe method
2026-01-28 23:31:28 INFO  BasePage - Starting of clickOnLoginButton method
2026-01-28 23:31:28 INFO  BasePage - Starting of click method
2026-01-28 23:31:28 INFO  BasePage - Ending of click method
2026-01-28 23:31:28 INFO  BasePage - Ending of clickOnRememberMe method
2026-01-28 23:31:28 INFO  BasePage - Starting of clickOnLoginButton method
2026-01-28 23:31:28 INFO  BasePage - Starting of click method
2026-01-28 23:31:28 INFO  BasePage - Ending of click method
2026-01-28 23:31:28 INFO  BasePage - Ending of clickOnLoginButton method
2026-01-28 23:31:28 INFO  BaseTest - Ending of testVaildLogin4 method
2026-01-28 23:31:28 INFO  Listeners - Test PassedD_testVaildLogin4
2026-01-28 23:31:28 INFO  BasePage - Ending of click method
2026-01-28 23:31:28 INFO  BasePage - Ending of clickOnLoginButton method
2026-01-28 23:31:28 INFO  BaseTest - Ending of TestInvaildLogin3 method
2026-01-28 23:31:28 INFO  Listeners - Test PassedC_TestInvaildLogin3
2026-01-28 23:31:28 INFO  Listeners - Test Started  : D_testVaildLogin4
2026-01-28 23:31:28 INFO  BaseTest - Starting of testVaildLogin4 method
2026-01-28 23:31:28 INFO  BasePage - Starting of enterEmail method
2026-01-28 23:31:28 INFO  BasePage - Starting of sendKeys method
2026-01-28 23:31:28 INFO  BasePage - Ending of sendKeys method
2026-01-28 23:31:28 INFO  BasePage - Ending of enterEmail method
2026-01-28 23:31:28 INFO  BasePage - Starting of enterPassword method
2026-01-28 23:31:28 INFO  BasePage - Starting of sendKeys method
2026-01-28 23:31:28 INFO  BasePage - Ending of sendKeys method
2026-01-28 23:31:28 INFO  BasePage - Ending of enterPassword method
2026-01-28 23:31:28 INFO  BasePage - Starting of clickOnRememberMe method
2026-01-28 23:31:28 INFO  BasePage - Starting of click method
2026-01-28 23:31:28 INFO  BasePage - Ending of click method
2026-01-28 23:31:28 INFO  BasePage - Ending of clickOnRememberMe method
2026-01-28 23:31:28 INFO  BasePage - Starting of clickOnLoginButton method
2026-01-28 23:31:28 INFO  BasePage - Starting of click method
2026-01-28 23:31:28 INFO  BasePage - Ending of click method
2026-01-28 23:31:28 INFO  BasePage - Ending of clickOnLoginButton method
2026-01-28 23:31:28 INFO  BaseTest - Ending of testVaildLogin4 method
2026-01-28 23:31:28 INFO  Listeners - Test PassedD_testVaildLogin4
2026-01-28 23:31:28 INFO  BaseTest - Starting of setup method
2026-01-28 23:31:30 INFO  BasePage - Starting of EmployeeDetails constructor
2026-01-28 23:31:30 INFO  BasePage - Ending of EmployeeDetails constructor
2026-01-28 23:31:30 INFO  BasePage - Starting of LoginPage constructor
2026-01-28 23:31:30 INFO  BasePage - Ending of LoginPage constructor
2026-01-28 23:31:30 INFO  BasePage - Starting of enterEmail method
2026-01-28 23:31:30 INFO  BasePage - Starting of sendKeys method
2026-01-28 23:31:30 INFO  BaseTest - Starting of setup method
2026-01-28 23:31:31 INFO  BasePage - Ending of sendKeys method
2026-01-28 23:31:31 INFO  BasePage - Ending of enterEmail method
2026-01-28 23:31:31 INFO  BasePage - Starting of enterPassword method
2026-01-28 23:31:31 INFO  BasePage - Starting of sendKeys method
2026-01-28 23:31:31 INFO  BasePage - Ending of sendKeys method
2026-01-28 23:31:31 INFO  BasePage - Ending of enterPassword method
2026-01-28 23:31:31 INFO  BasePage - Starting of clickOnRememberMe method
2026-01-28 23:31:31 INFO  BasePage - Starting of click method
2026-01-28 23:31:31 INFO  BasePage - Ending of click method
2026-01-28 23:31:31 INFO  BasePage - Ending of clickOnRememberMe method
2026-01-28 23:31:31 INFO  BasePage - Starting of clickOnLoginButton method
2026-01-28 23:31:31 INFO  BasePage - Starting of click method
2026-01-28 23:31:31 INFO  BasePage - Ending of click method
2026-01-28 23:31:31 INFO  BasePage - Ending of clickOnLoginButton method
2026-01-28 23:31:31 INFO  BaseTest - Ending of setup method
2026-01-28 23:31:31 INFO  Listeners - Test Started  : A_testVaildEmployeeDetails
2026-01-28 23:31:31 INFO  BaseTest - Starting of testVaildEmployeeDetails method
2026-01-28 23:31:31 INFO  BasePage - Starting of getWelcomeToJalaAcademy method
2026-01-28 23:31:31 INFO  BasePage - Ending of getWelcomeToJalaAcademy method
2026-01-28 23:31:31 INFO  BasePage - Starting of getText method
2026-01-28 23:31:31 INFO  BasePage - Ending of getText method
2026-01-28 23:31:31 INFO  BasePage - Starting of clickOnEmployeeButton method
2026-01-28 23:31:33 INFO  BasePage - Starting of click method
2026-01-28 23:31:33 INFO  BasePage - Ending of click method
2026-01-28 23:31:33 INFO  BasePage - Ending of clickOnEmployeeButton method
2026-01-28 23:31:33 INFO  BasePage - Starting of clickOnCreateButton method
2026-01-28 23:31:35 INFO  BasePage - Starting of EmployeeDetails constructor
2026-01-28 23:31:35 INFO  BasePage - Ending of EmployeeDetails constructor
2026-01-28 23:31:35 INFO  BasePage - Starting of LoginPage constructor
2026-01-28 23:31:35 INFO  BasePage - Ending of LoginPage constructor
2026-01-28 23:31:35 INFO  BasePage - Starting of click method
2026-01-28 23:31:36 INFO  BasePage - Starting of enterEmail method
2026-01-28 23:31:36 INFO  BasePage - Starting of sendKeys method
2026-01-28 23:31:36 INFO  BasePage - Ending of click method
2026-01-28 23:31:36 INFO  BasePage - Ending of clickOnCreateButton method
2026-01-28 23:31:36 INFO  BasePage - Starting of enterFirstName method
2026-01-28 23:31:36 INFO  BasePage - Starting of sendKeys method
2026-01-28 23:31:36 INFO  BasePage - Ending of sendKeys method
2026-01-28 23:31:36 INFO  BasePage - Ending of enterEmail method
2026-01-28 23:31:36 INFO  BasePage - Starting of enterPassword method
2026-01-28 23:31:36 INFO  BasePage - Starting of sendKeys method
2026-01-28 23:31:36 INFO  BasePage - Ending of sendKeys method
2026-01-28 23:31:36 INFO  BasePage - Ending of enterFirstName method
2026-01-28 23:31:36 INFO  BasePage - Starting of enterFirstName method
2026-01-28 23:31:36 INFO  BasePage - Starting of sendKeys method
2026-01-28 23:31:36 INFO  BasePage - Ending of sendKeys method
2026-01-28 23:31:36 INFO  BasePage - Ending of enterPassword method
2026-01-28 23:31:36 INFO  BasePage - Starting of clickOnRememberMe method
2026-01-28 23:31:36 INFO  BasePage - Starting of click method
2026-01-28 23:31:36 INFO  BasePage - Ending of click method
2026-01-28 23:31:36 INFO  BasePage - Ending of clickOnRememberMe method
2026-01-28 23:31:36 INFO  BasePage - Starting of clickOnLoginButton method
2026-01-28 23:31:36 INFO  BasePage - Starting of click method
2026-01-28 23:31:36 INFO  BasePage - Ending of sendKeys method
2026-01-28 23:31:36 INFO  BasePage - Ending of enterFirstName method
2026-01-28 23:31:36 INFO  BasePage - Starting of enterEmailId method
2026-01-28 23:31:36 INFO  BasePage - Starting of sendKeys method
2026-01-28 23:31:37 INFO  BasePage - Ending of click method
2026-01-28 23:31:37 INFO  BasePage - Ending of clickOnLoginButton method
2026-01-28 23:31:37 INFO  BaseTest - Ending of setup method
2026-01-28 23:31:37 INFO  Listeners - Test Started  : A_testVaildEmployeeDetails
2026-01-28 23:31:37 INFO  BaseTest - Starting of testVaildEmployeeDetails method
2026-01-28 23:31:37 INFO  BasePage - Starting of getWelcomeToJalaAcademy method
2026-01-28 23:31:37 INFO  BasePage - Ending of getWelcomeToJalaAcademy method
2026-01-28 23:31:37 INFO  BasePage - Starting of getText method
2026-01-28 23:31:37 INFO  BasePage - Ending of getText method
2026-01-28 23:31:37 INFO  BasePage - Starting of clickOnEmployeeButton method
2026-01-28 23:31:37 INFO  BasePage - Ending of sendKeys method
2026-01-28 23:31:37 INFO  BasePage - Ending of enterEmailId method
2026-01-28 23:31:37 INFO  BasePage - Starting of enterMobileNumber method
2026-01-28 23:31:37 INFO  BasePage - Starting of sendKeys method
2026-01-28 23:31:37 INFO  BasePage - Ending of sendKeys method
2026-01-28 23:31:37 INFO  BasePage - Ending of enterMobileNumber method
2026-01-28 23:31:37 INFO  BasePage - Starting of enterDateOfBirth method
2026-01-28 23:31:37 INFO  BasePage - Starting of sendKeys method
2026-01-28 23:31:38 INFO  BasePage - Ending of sendKeys method
2026-01-28 23:31:38 INFO  BasePage - Ending of enterDateOfBirth method
2026-01-28 23:31:38 INFO  BasePage - Starting of clickOnEmployeeButton method
2026-01-28 23:31:39 INFO  BasePage - Starting of click method
2026-01-28 23:31:39 INFO  BasePage - Ending of click method
2026-01-28 23:31:39 INFO  BasePage - Ending of clickOnEmployeeButton method
2026-01-28 23:31:39 INFO  BasePage - Starting of clickOnCreateButton method
2026-01-28 23:31:40 INFO  BasePage - Starting of click method
2026-01-28 23:31:40 INFO  BasePage - Ending of click method
2026-01-28 23:31:40 INFO  BasePage - Ending of clickOnEmployeeButton method
2026-01-28 23:31:40 INFO  BasePage - Starting of enterAddress method
2026-01-28 23:31:40 INFO  BasePage - Starting of sendKeys method
2026-01-28 23:31:40 INFO  BasePage - Ending of sendKeys method
2026-01-28 23:31:40 INFO  BasePage - Ending of enterAddress method
2026-01-28 23:31:40 INFO  BasePage - Starting of clickOnSelectCity method
2026-01-28 23:31:40 INFO  BasePage - Starting of click method
2026-01-28 23:31:40 INFO  BasePage - Ending of click method
2026-01-28 23:31:40 INFO  BasePage - Ending of clickOnSelectCity method
2026-01-28 23:31:40 INFO  BasePage - Starting of clickOnIndia method
2026-01-28 23:31:40 INFO  BasePage - Starting of click method
2026-01-28 23:31:40 INFO  BasePage - Ending of click method
2026-01-28 23:31:40 INFO  BasePage - Ending of clickOnIndia method
2026-01-28 23:31:41 INFO  BasePage - Starting of click method
2026-01-28 23:31:41 INFO  BasePage - Ending of click method
2026-01-28 23:31:41 INFO  BasePage - Ending of clickOnCreateButton method
2026-01-28 23:31:41 INFO  BasePage - Starting of enterFirstName method
2026-01-28 23:31:41 INFO  BasePage - Starting of sendKeys method
2026-01-28 23:31:42 INFO  BasePage - Ending of sendKeys method
2026-01-28 23:31:42 INFO  BasePage - Ending of enterFirstName method
2026-01-28 23:31:42 INFO  BasePage - Starting of enterFirstName method
2026-01-28 23:31:42 INFO  BasePage - Starting of sendKeys method
2026-01-28 23:31:42 INFO  BasePage - Ending of sendKeys method
2026-01-28 23:31:42 INFO  BasePage - Ending of enterFirstName method
2026-01-28 23:31:42 INFO  BasePage - Starting of enterEmailId method
2026-01-28 23:31:42 INFO  BasePage - Starting of sendKeys method
2026-01-28 23:31:42 INFO  BasePage - Ending of sendKeys method
2026-01-28 23:31:42 INFO  BasePage - Ending of enterEmailId method
2026-01-28 23:31:42 INFO  BasePage - Starting of enterMobileNumber method
2026-01-28 23:31:42 INFO  BasePage - Starting of sendKeys method
2026-01-28 23:31:42 INFO  BasePage - Ending of sendKeys method
2026-01-28 23:31:42 INFO  BasePage - Ending of enterMobileNumber method
2026-01-28 23:31:42 INFO  BasePage - Starting of enterDateOfBirth method
2026-01-28 23:31:42 INFO  BasePage - Starting of sendKeys method
2026-01-28 23:31:42 INFO  BasePage - Ending of sendKeys method
2026-01-28 23:31:42 INFO  BasePage - Ending of enterDateOfBirth method
2026-01-28 23:31:42 INFO  BasePage - Starting of clickOnEmployeeButton method
2026-01-28 23:31:43 INFO  BasePage - Starting of clickOnSelectCity method
2026-01-28 23:31:43 INFO  BasePage - Starting of click method
2026-01-28 23:31:43 INFO  BasePage - Ending of click method
2026-01-28 23:31:43 INFO  BasePage - Ending of clickOnSelectCity method
2026-01-28 23:31:43 INFO  BasePage - Starting of clickOnHyderabad method
2026-01-28 23:31:43 INFO  BasePage - Starting of click method
2026-01-28 23:31:43 INFO  BasePage - Ending of click method
2026-01-28 23:31:43 INFO  BasePage - Ending of clickOnHyderabad method
2026-01-28 23:31:43 INFO  BasePage - Starting of clickOnQaAutomation method
2026-01-28 23:31:43 INFO  BasePage - Starting of click method
2026-01-28 23:31:43 INFO  BasePage - Ending of click method
2026-01-28 23:31:43 INFO  BasePage - Ending of clickOnQaAutomation method
2026-01-28 23:31:43 INFO  BasePage - Starting of clickOnIndia method
2026-01-28 23:31:43 INFO  BasePage - Starting of click method
2026-01-28 23:31:43 INFO  BasePage - Ending of click method
2026-01-28 23:31:43 INFO  BasePage - Ending of clickOnIndia method
2026-01-28 23:31:43 INFO  BaseTest - Ending of testVaildEmployeeDetails method
2026-01-28 23:31:43 INFO  Listeners - Test PassedA_testVaildEmployeeDetails
2026-01-28 23:31:44 INFO  BaseTest - Starting of setup method
2026-01-28 23:31:44 INFO  BasePage - Starting of click method
2026-01-28 23:31:44 INFO  BasePage - Ending of click method
2026-01-28 23:31:44 INFO  BasePage - Ending of clickOnEmployeeButton method
2026-01-28 23:31:44 INFO  BasePage - Starting of enterAddress method
2026-01-28 23:31:44 INFO  BasePage - Starting of sendKeys method
2026-01-28 23:31:44 INFO  BasePage - Ending of sendKeys method
2026-01-28 23:31:44 INFO  BasePage - Ending of enterAddress method
2026-01-28 23:31:44 INFO  BasePage - Starting of clickOnSelectCity method
2026-01-28 23:31:44 INFO  BasePage - Starting of click method
2026-01-28 23:31:45 INFO  BasePage - Starting of LoginPage constructor
2026-01-28 23:31:45 INFO  BasePage - Ending of LoginPage constructor
2026-01-28 23:31:45 INFO  BasePage - Starting of EmployeeDetails constructor
2026-01-28 23:31:45 INFO  BasePage - Ending of EmployeeDetails constructor
2026-01-28 23:31:45 INFO  BasePage - Starting of SearchEmployee method
2026-01-28 23:31:45 INFO  BasePage - Ending of SearchEmployee method
2026-01-28 23:31:45 INFO  BasePage - Ending of click method
2026-01-28 23:31:45 INFO  BasePage - Ending of clickOnSelectCity method
2026-01-28 23:31:45 INFO  BasePage - Starting of clickOnIndia method
2026-01-28 23:31:45 INFO  BasePage - Starting of click method
2026-01-28 23:31:45 INFO  BasePage - Ending of click method
2026-01-28 23:31:45 INFO  BasePage - Ending of clickOnIndia method
2026-01-28 23:31:46 INFO  BasePage - Starting of enterEmail method
2026-01-28 23:31:46 INFO  BasePage - Starting of sendKeys method
2026-01-28 23:31:46 INFO  BasePage - Ending of sendKeys method
2026-01-28 23:31:46 INFO  BasePage - Ending of enterEmail method
2026-01-28 23:31:46 INFO  BasePage - Starting of enterPassword method
2026-01-28 23:31:46 INFO  BasePage - Starting of sendKeys method
2026-01-28 23:31:46 INFO  BasePage - Ending of sendKeys method
2026-01-28 23:31:46 INFO  BasePage - Ending of enterPassword method
2026-01-28 23:31:46 INFO  BasePage - Starting of clickOnRememberMe method
2026-01-28 23:31:46 INFO  BasePage - Starting of click method
2026-01-28 23:31:46 INFO  BasePage - Ending of click method
2026-01-28 23:31:46 INFO  BasePage - Ending of clickOnRememberMe method
2026-01-28 23:31:46 INFO  BasePage - Starting of clickOnLoginButton method
2026-01-28 23:31:46 INFO  BasePage - Starting of click method
2026-01-28 23:31:46 INFO  BasePage - Ending of click method
2026-01-28 23:31:46 INFO  BasePage - Ending of clickOnLoginButton method
2026-01-28 23:31:46 INFO  BasePage - Starting of clickOnEmployeeButton method
2026-01-28 23:31:48 INFO  BasePage - Starting of clickOnSelectCity method
2026-01-28 23:31:48 INFO  BasePage - Starting of click method
2026-01-28 23:31:48 INFO  BasePage - Ending of click method
2026-01-28 23:31:48 INFO  BasePage - Ending of clickOnSelectCity method
2026-01-28 23:31:48 INFO  BasePage - Starting of clickOnHyderabad method
2026-01-28 23:31:48 INFO  BasePage - Starting of click method
2026-01-28 23:31:48 INFO  BasePage - Ending of click method
2026-01-28 23:31:48 INFO  BasePage - Ending of clickOnHyderabad method
2026-01-28 23:31:48 INFO  BasePage - Starting of clickOnQaAutomation method
2026-01-28 23:31:48 INFO  BasePage - Starting of click method
2026-01-28 23:31:48 INFO  BasePage - Starting of click method
2026-01-28 23:31:48 INFO  BasePage - Ending of click method
2026-01-28 23:31:48 INFO  BasePage - Ending of clickOnQaAutomation method
2026-01-28 23:31:48 INFO  BasePage - Starting of clickOnIndia method
2026-01-28 23:31:48 INFO  BasePage - Starting of click method
2026-01-28 23:31:48 INFO  BasePage - Ending of click method
2026-01-28 23:31:48 INFO  BasePage - Ending of clickOnEmployeeButton method
2026-01-28 23:31:48 INFO  BaseTest - Ending of setup method
2026-01-28 23:31:48 INFO  Listeners - Test Started  : A_testSearchEmployee
2026-01-28 23:31:48 INFO  BaseTest - Starting of testSearchEmployee method
2026-01-28 23:31:48 INFO  BasePage - Ending of click method
2026-01-28 23:31:48 INFO  BasePage - Ending of clickOnIndia method
2026-01-28 23:31:48 INFO  BaseTest - Ending of testVaildEmployeeDetails method
2026-01-28 23:31:48 INFO  Listeners - Test PassedA_testVaildEmployeeDetails
2026-01-28 23:31:49 INFO  BaseTest - Starting of setup method
2026-01-28 23:31:51 INFO  BasePage - Starting of clickOnSearch method
2026-01-28 23:31:51 INFO  BasePage - Starting of click method
2026-01-28 23:31:52 INFO  BasePage - Ending of click method
2026-01-28 23:31:52 INFO  BasePage - Ending of clickOnSearch method
2026-01-28 23:31:52 INFO  BasePage - Starting of enterEmployeeName method
2026-01-28 23:31:52 INFO  BasePage - Starting of sendKeys method
2026-01-28 23:31:52 INFO  BasePage - Ending of sendKeys method
2026-01-28 23:31:52 INFO  BasePage - Ending of enterEmployeeName method
2026-01-28 23:31:52 INFO  BasePage - Starting of enterPassword method
2026-01-28 23:31:52 INFO  BasePage - Starting of sendKeys method
2026-01-28 23:31:52 INFO  BasePage - Ending of sendKeys method
2026-01-28 23:31:52 INFO  BasePage - Ending of enterPassword method
2026-01-28 23:31:52 INFO  BasePage - Starting of clickOnSearch1 method
2026-01-28 23:31:52 INFO  BasePage - Starting of click method
2026-01-28 23:31:52 INFO  BasePage - Ending of click method
2026-01-28 23:31:52 INFO  BasePage - Ending of setup method
2026-01-28 23:31:53 INFO  BasePage - Starting of LoginPage constructor
2026-01-28 23:31:53 INFO  BasePage - Ending of LoginPage constructor
2026-01-28 23:31:53 INFO  BasePage - Starting of EmployeeDetails constructor
2026-01-28 23:31:53 INFO  BasePage - Ending of EmployeeDetails constructor
2026-01-28 23:31:53 INFO  BasePage - Starting of SearchEmployee method
2026-01-28 23:31:53 INFO  BasePage - Ending of SearchEmployee method
2026-01-28 23:31:54 INFO  BasePage - Starting of enterEmail method
2026-01-28 23:31:54 INFO  BasePage - Starting of sendKeys method
2026-01-28 23:31:54 INFO  BasePage - Ending of sendKeys method
2026-01-28 23:31:54 INFO  BasePage - Ending of enterEmail method
2026-01-28 23:31:54 INFO  BasePage - Starting of enterPassword method
2026-01-28 23:31:54 INFO  BasePage - Starting of sendKeys method
2026-01-28 23:31:54 INFO  BasePage - Ending of sendKeys method
2026-01-28 23:31:54 INFO  BasePage - Ending of enterPassword method
2026-01-28 23:31:54 INFO  BasePage - Starting of clickOnRememberMe method
2026-01-28 23:31:54 INFO  BasePage - Starting of click method
2026-01-28 23:31:54 INFO  BasePage - Ending of click method
2026-01-28 23:31:54 INFO  BasePage - Ending of clickOnRememberMe method
2026-01-28 23:31:54 INFO  BasePage - Starting of clickOnLoginButton method
2026-01-28 23:31:54 INFO  BasePage - Starting of click method
2026-01-28 23:31:54 INFO  BasePage - Ending of click method
2026-01-28 23:31:54 INFO  BasePage - Ending of clickOnLoginButton method
2026-01-28 23:31:54 INFO  BasePage - Starting of clickOnEmployeeButton method
2026-01-28 23:31:55 INFO  BaseTest - Ending of testSearchEmployee method
2026-01-28 23:31:55 INFO  Listeners - Test PassedA_testSearchEmployee
2026-01-28 23:31:55 INFO  BaseTest - Starting of setup method
2026-01-28 23:31:56 INFO  BasePage - Starting of click method
2026-01-28 23:31:56 INFO  BasePage - Ending of click method
2026-01-28 23:31:56 INFO  BasePage - Ending of clickOnEmployeeButton method
2026-01-28 23:31:56 INFO  BaseTest - Ending of setup method
2026-01-28 23:31:56 INFO  Listeners - Test Started  : A_testSearchEmployee
2026-01-28 23:31:57 INFO  BaseTest - Starting of testSearchEmployee method
2026-01-28 23:31:57 INFO  BasePage - Starting of MenuPage constructor
2026-01-28 23:31:57 INFO  BasePage - Ending of MenuPage constructor
2026-01-28 23:31:57 INFO  BasePage - Starting of HomePage constructor
2026-01-28 23:31:57 INFO  BasePage - Ending of HomePage constructor
2026-01-28 23:31:57 INFO  BasePage - Starting of LoginPage constructor
2026-01-28 23:31:57 INFO  BasePage - Ending of LoginPage constructor
2026-01-28 23:31:58 INFO  BasePage - Starting of enterEmail method
2026-01-28 23:31:58 INFO  BasePage - Starting of sendKeys method
2026-01-28 23:31:58 INFO  BasePage - Ending of sendKeys method
2026-01-28 23:31:58 INFO  BasePage - Ending of enterEmail method
2026-01-28 23:31:58 INFO  BasePage - Starting of enterPassword method
2026-01-28 23:31:58 INFO  BasePage - Starting of sendKeys method
2026-01-28 23:31:58 INFO  BasePage - Ending of sendKeys method
2026-01-28 23:31:58 INFO  BasePage - Ending of enterPassword method
2026-01-28 23:31:58 INFO  BasePage - Starting of clickOnRememberMe method
2026-01-28 23:31:58 INFO  BasePage - Starting of click method
2026-01-28 23:31:58 INFO  BasePage - Ending of click method
2026-01-28 23:31:58 INFO  BasePage - Ending of clickOnRememberMe method
2026-01-28 23:31:58 INFO  BasePage - Starting of clickOnLoginButton method
2026-01-28 23:31:58 INFO  BasePage - Starting of click method
2026-01-28 23:31:58 INFO  BasePage - Ending of click method
2026-01-28 23:31:58 INFO  BasePage - Ending of clickOnLoginButton method
2026-01-28 23:31:58 INFO  BasePage - Starting of clickOnMoreButton method
2026-01-28 23:31:59 INFO  BasePage - Ending of clickOnMoreButton method
2026-01-28 23:32:00 INFO  BasePage - Starting of clickOnSearch method
2026-01-28 23:32:00 INFO  BasePage - Starting of click method
2026-01-28 23:32:00 INFO  BasePage - Ending of click method
2026-01-28 23:32:00 INFO  BasePage - Ending of clickOnSearch method
2026-01-28 23:32:00 INFO  BasePage - Starting of enterEmployeeName method
2026-01-28 23:32:00 INFO  BasePage - Starting of sendKeys method
2026-01-28 23:32:00 INFO  BasePage - Ending of sendKeys method
2026-01-28 23:32:00 INFO  BasePage - Ending of enterEmployeeName method
2026-01-28 23:32:00 INFO  BasePage - Starting of enterPassword method
2026-01-28 23:32:00 INFO  BasePage - Starting of sendKeys method
2026-01-28 23:32:00 INFO  BasePage - Ending of sendKeys method
2026-01-28 23:32:00 INFO  BasePage - Ending of enterPassword method
2026-01-28 23:32:00 INFO  BasePage - Starting of clickOnSearch1 method
2026-01-28 23:32:00 INFO  BasePage - Starting of click method
2026-01-28 23:32:00 INFO  BasePage - Ending of click method
2026-01-28 23:32:00 INFO  BasePage - Ending of setup method
2026-01-28 23:32:02 INFO  BasePage - Starting of clickOnMenuButton method
2026-01-28 23:32:02 INFO  BasePage - Starting of click method
2026-01-28 23:32:02 INFO  BasePage - Ending of click method
2026-01-28 23:32:02 INFO  BasePage - Ending of clickOnMenuButton method
2026-01-28 23:32:02 INFO  BaseTest - Ending of setup method
2026-01-28 23:32:02 INFO  Listeners - Test Started  : A_testMenu
2026-01-28 23:32:02 INFO  BaseTest - Starting of testMenu method
2026-01-28 23:32:02 INFO  BasePage - Starting of clickOnSubMenuButton method
2026-01-28 23:32:02 INFO  BasePage - Starting of click method
2026-01-28 23:32:02 INFO  BasePage - Ending of click method
2026-01-28 23:32:02 INFO  BasePage - Ending of clickOnSubMenuButton method
2026-01-28 23:32:02 INFO  BaseTest - Ending of testMenu method
2026-01-28 23:32:02 INFO  Listeners - Test PassedA_testMenu
2026-01-28 23:32:02 INFO  BaseTest - Starting of setup method
2026-01-28 23:32:03 INFO  BasePage - Starting of IframePage constructor
2026-01-28 23:32:03 INFO  BasePage - Ending of IframePage constructor
2026-01-28 23:32:03 INFO  BasePage - Starting of HomePage constructor
2026-01-28 23:32:03 INFO  BasePage - Ending of HomePage constructor
2026-01-28 23:32:03 INFO  BasePage - Starting of LoginPage constructor
2026-01-28 23:32:03 INFO  BasePage - Ending of LoginPage constructor
2026-01-28 23:32:03 INFO  BaseTest - Ending of testSearchEmployee method
2026-01-28 23:32:03 INFO  Listeners - Test PassedA_testSearchEmployee
2026-01-28 23:32:04 INFO  BasePage - Starting of enterEmail method
2026-01-28 23:32:04 INFO  BasePage - Starting of sendKeys method
2026-01-28 23:32:04 INFO  BasePage - Ending of sendKeys method
2026-01-28 23:32:04 INFO  BasePage - Ending of enterEmail method
2026-01-28 23:32:04 INFO  BasePage - Starting of enterPassword method
2026-01-28 23:32:04 INFO  BasePage - Starting of sendKeys method
2026-01-28 23:32:05 INFO  BasePage - Ending of sendKeys method
2026-01-28 23:32:05 INFO  BasePage - Ending of enterPassword method
2026-01-28 23:32:05 INFO  BasePage - Starting of clickOnRememberMe method
2026-01-28 23:32:05 INFO  BasePage - Starting of click method
2026-01-28 23:32:05 INFO  BasePage - Ending of click method
2026-01-28 23:32:05 INFO  BasePage - Ending of clickOnRememberMe method
2026-01-28 23:32:05 INFO  BasePage - Starting of clickOnLoginButton method
2026-01-28 23:32:05 INFO  BasePage - Starting of click method
2026-01-28 23:32:05 INFO  BaseTest - Starting of setup method
2026-01-28 23:32:05 INFO  BasePage - Ending of click method
2026-01-28 23:32:05 INFO  BasePage - Ending of clickOnLoginButton method
2026-01-28 23:32:05 INFO  BasePage - Starting of clickOnMoreButton method
2026-01-28 23:32:05 INFO  BasePage - Ending of clickOnMoreButton method
2026-01-28 23:32:08 INFO  BasePage - Starting of clickOnMenuButton method
2026-01-28 23:32:08 INFO  BasePage - Starting of click method
2026-01-28 23:32:08 INFO  BasePage - Ending of click method
2026-01-28 23:32:08 INFO  BasePage - Ending of clickOnMenuButton method
2026-01-28 23:32:08 INFO  BasePage - Starting of clickOnIframeButton method
2026-01-28 23:32:08 INFO  BasePage - Starting of click method
2026-01-28 23:32:09 INFO  BasePage - Ending of click method
2026-01-28 23:32:09 INFO  BasePage - Ending of clickOnIframeButton method
2026-01-28 23:32:09 INFO  BaseTest - Ending of setup method
2026-01-28 23:32:09 INFO  Listeners - Test Started  : A_testIframe
2026-01-28 23:32:09 INFO  BaseTest - Starting of testIframe method
2026-01-28 23:32:09 INFO  BasePage - Starting of getFrameOneText method
2026-01-28 23:32:09 INFO  BasePage - Ending of getFrameOneText method
2026-01-28 23:32:09 INFO  BasePage - Starting of getText method
2026-01-28 23:32:09 INFO  BasePage - Ending of getText method
2026-01-28 23:32:09 INFO  BasePage - Starting of getFrameTwoText method
2026-01-28 23:32:09 INFO  BasePage - Ending of getFrameTwoText method
2026-01-28 23:32:09 INFO  BasePage - Starting of getText method
2026-01-28 23:32:09 INFO  BasePage - Ending of getText method
2026-01-28 23:32:09 INFO  BasePage - Starting of getWelcomeToJalaAcademyText method
2026-01-28 23:32:09 INFO  BasePage - Ending of getWelcomeToJalaAcademyText method
2026-01-28 23:32:09 INFO  BasePage - Starting of getText method
2026-01-28 23:32:09 INFO  BasePage - Ending of getText method
2026-01-28 23:32:09 INFO  BaseTest - Ending of testIframe method
2026-01-28 23:32:09 INFO  Listeners - Test PassedA_testIframe
2026-01-28 23:32:09 INFO  BaseTest - Starting of setup method
2026-01-28 23:32:10 INFO  BasePage - Starting of MenuPage constructor
2026-01-28 23:32:10 INFO  BasePage - Ending of MenuPage constructor
2026-01-28 23:32:10 INFO  BasePage - Starting of HomePage constructor
2026-01-28 23:32:10 INFO  BasePage - Ending of HomePage constructor
2026-01-28 23:32:10 INFO  BasePage - Starting of LoginPage constructor
2026-01-28 23:32:10 INFO  BasePage - Ending of LoginPage constructor
2026-01-28 23:32:11 INFO  BasePage - Starting of ImagesPage constructor
2026-01-28 23:32:11 INFO  BasePage - Ending of ImagesPage constructor
2026-01-28 23:32:11 INFO  BasePage - Starting of HomePage constructor
2026-01-28 23:32:11 INFO  BasePage - Ending of HomePage constructor
2026-01-28 23:32:11 INFO  BasePage - Starting of LoginPage constructor
2026-01-28 23:32:11 INFO  BasePage - Ending of LoginPage constructor
2026-01-28 23:32:11 INFO  BasePage - Starting of enterEmail method
2026-01-28 23:32:11 INFO  BasePage - Starting of sendKeys method
2026-01-28 23:32:11 INFO  BasePage - Starting of enterEmail method
2026-01-28 23:32:11 INFO  BasePage - Starting of sendKeys method
2026-01-28 23:32:12 INFO  BasePage - Ending of sendKeys method
2026-01-28 23:32:12 INFO  BasePage - Ending of enterEmail method
2026-01-28 23:32:12 INFO  BasePage - Starting of enterPassword method
2026-01-28 23:32:12 INFO  BasePage - Starting of sendKeys method
2026-01-28 23:32:12 INFO  BasePage - Ending of sendKeys method
2026-01-28 23:32:12 INFO  BasePage - Ending of enterPassword method
2026-01-28 23:32:12 INFO  BasePage - Starting of clickOnRememberMe method
2026-01-28 23:32:12 INFO  BasePage - Starting of click method
2026-01-28 23:32:12 INFO  BasePage - Ending of click method
2026-01-28 23:32:12 INFO  BasePage - Ending of clickOnRememberMe method
2026-01-28 23:32:12 INFO  BasePage - Starting of clickOnLoginButton method
2026-01-28 23:32:12 INFO  BasePage - Starting of click method
2026-01-28 23:32:12 INFO  BasePage - Ending of sendKeys method
2026-01-28 23:32:12 INFO  BasePage - Ending of enterEmail method
2026-01-28 23:32:12 INFO  BasePage - Starting of enterPassword method
2026-01-28 23:32:12 INFO  BasePage - Starting of sendKeys method
2026-01-28 23:32:12 INFO  BasePage - Ending of click method
2026-01-28 23:32:12 INFO  BasePage - Ending of clickOnLoginButton method
2026-01-28 23:32:12 INFO  BasePage - Starting of clickOnMoreButton method
2026-01-28 23:32:12 INFO  BasePage - Ending of sendKeys method
2026-01-28 23:32:12 INFO  BasePage - Ending of enterPassword method
2026-01-28 23:32:12 INFO  BasePage - Starting of clickOnRememberMe method
2026-01-28 23:32:12 INFO  BasePage - Starting of click method
2026-01-28 23:32:12 INFO  BasePage - Ending of click method
2026-01-28 23:32:12 INFO  BasePage - Ending of clickOnRememberMe method
2026-01-28 23:32:12 INFO  BasePage - Starting of clickOnLoginButton method
2026-01-28 23:32:12 INFO  BasePage - Starting of click method
2026-01-28 23:32:12 INFO  BasePage - Ending of click method
2026-01-28 23:32:12 INFO  BasePage - Ending of clickOnLoginButton method
2026-01-28 23:32:12 INFO  BasePage - Starting of clickOnMoreButton method
2026-01-28 23:32:13 INFO  BasePage - Ending of clickOnMoreButton method
2026-01-28 23:32:13 INFO  BasePage - Ending of clickOnMoreButton method
2026-01-28 23:32:16 INFO  BasePage - Starting of clickOnMenuButton method
2026-01-28 23:32:16 INFO  BasePage - Starting of click method
2026-01-28 23:32:16 INFO  BasePage - Ending of click method
2026-01-28 23:32:16 INFO  BasePage - Ending of clickOnMenuButton method
2026-01-28 23:32:16 INFO  BaseTest - Ending of setup method
2026-01-28 23:32:16 INFO  Listeners - Test Started  : A_testMenu
2026-01-28 23:32:16 INFO  BaseTest - Starting of testMenu method
2026-01-28 23:32:16 INFO  BasePage - Starting of clickOnImageButton method
2026-01-28 23:32:16 INFO  BasePage - Starting of clickOnSubMenuButton method
2026-01-28 23:32:16 INFO  BasePage - Starting of click method
2026-01-28 23:32:16 INFO  BasePage - Starting of click method
2026-01-28 23:32:16 INFO  BasePage - Ending of click method
2026-01-28 23:32:16 INFO  BasePage - Ending of clickOnSubMenuButton method
2026-01-28 23:32:16 INFO  BaseTest - Ending of testMenu method
2026-01-28 23:32:16 INFO  Listeners - Test PassedA_testMenu
2026-01-28 23:32:16 INFO  BasePage - Ending of click method
2026-01-28 23:32:16 INFO  BasePage - Ending of clickOnImageButton method
2026-01-28 23:32:16 INFO  BaseTest - Ending of setup method
2026-01-28 23:32:16 INFO  Listeners - Test Started  : A_testUploadImages
2026-01-28 23:32:16 INFO  BaseTest - Starting of testUploadImages method
2026-01-28 23:32:16 INFO  BasePage - Starting of uploadImage method
2026-01-28 23:32:16 INFO  BasePage - Starting of sendKeys method
2026-01-28 23:32:16 INFO  BasePage - Ending of sendKeys method
2026-01-28 23:32:16 INFO  BasePage - Ending of uploadImage method
2026-01-28 23:32:17 INFO  BaseTest - Starting of setup method
2026-01-28 23:32:18 INFO  BasePage - Starting of clickOnUploadButton method
2026-01-28 23:32:18 INFO  BasePage - Starting of click method
2026-01-28 23:32:19 INFO  BasePage - Ending of click method
2026-01-28 23:32:19 INFO  BasePage - Ending of clickOnUploadButton method
2026-01-28 23:32:19 INFO  BasePage - Starting of getImageLabel method
2026-01-28 23:32:19 INFO  BasePage - Ending of getImageLabel method
2026-01-28 23:32:19 INFO  BasePage - Starting of getText method
2026-01-28 23:32:19 INFO  BasePage - Ending of getText method
2026-01-28 23:32:19 INFO  BaseTest - Ending of testUploadImages method
2026-01-28 23:32:19 INFO  Listeners - Test PassedA_testUploadImages
2026-01-28 23:32:21 INFO  BasePage - Starting of IframePage constructor
2026-01-28 23:32:21 INFO  BasePage - Ending of IframePage constructor
2026-01-28 23:32:21 INFO  BasePage - Starting of HomePage constructor
2026-01-28 23:32:21 INFO  BasePage - Ending of HomePage constructor
2026-01-28 23:32:21 INFO  BasePage - Starting of LoginPage constructor
2026-01-28 23:32:21 INFO  BasePage - Ending of LoginPage constructor
2026-01-28 23:32:22 INFO  BasePage - Starting of enterEmail method
2026-01-28 23:32:22 INFO  BasePage - Starting of sendKeys method
2026-01-28 23:32:22 INFO  BasePage - Ending of sendKeys method
2026-01-28 23:32:22 INFO  BasePage - Ending of enterEmail method
2026-01-28 23:32:22 INFO  BasePage - Starting of enterPassword method
2026-01-28 23:32:22 INFO  BasePage - Starting of sendKeys method
2026-01-28 23:32:22 INFO  BasePage - Ending of sendKeys method
2026-01-28 23:32:22 INFO  BasePage - Ending of enterPassword method
2026-01-28 23:32:22 INFO  BasePage - Starting of clickOnRememberMe method
2026-01-28 23:32:22 INFO  BasePage - Starting of click method
2026-01-28 23:32:23 INFO  BasePage - Ending of click method
2026-01-28 23:32:23 INFO  BasePage - Ending of clickOnRememberMe method
2026-01-28 23:32:23 INFO  BasePage - Starting of clickOnLoginButton method
2026-01-28 23:32:23 INFO  BasePage - Starting of click method
2026-01-28 23:32:23 INFO  BasePage - Ending of click method
2026-01-28 23:32:23 INFO  BasePage - Ending of clickOnLoginButton method
2026-01-28 23:32:23 INFO  BasePage - Starting of clickOnMoreButton method
2026-01-28 23:32:23 INFO  BasePage - Ending of clickOnMoreButton method
2026-01-28 23:32:26 INFO  BasePage - Starting of clickOnMenuButton method
2026-01-28 23:32:26 INFO  BasePage - Starting of click method
2026-01-28 23:32:26 INFO  BasePage - Ending of click method
2026-01-28 23:32:26 INFO  BasePage - Ending of clickOnMenuButton method
2026-01-28 23:32:26 INFO  BasePage - Starting of clickOnIframeButton method
2026-01-28 23:32:26 INFO  BasePage - Starting of click method
2026-01-28 23:32:27 INFO  BasePage - Ending of click method
2026-01-28 23:32:27 INFO  BasePage - Ending of clickOnIframeButton method
2026-01-28 23:32:27 INFO  BaseTest - Ending of setup method
2026-01-28 23:32:27 INFO  Listeners - Test Started  : A_testIframe
2026-01-28 23:32:27 INFO  BaseTest - Starting of testIframe method
2026-01-28 23:32:27 INFO  BasePage - Starting of getFrameOneText method
2026-01-28 23:32:27 INFO  BasePage - Ending of getFrameOneText method
2026-01-28 23:32:27 INFO  BasePage - Starting of getText method
2026-01-28 23:32:27 INFO  BasePage - Ending of getText method
2026-01-28 23:32:27 INFO  BasePage - Starting of getFrameTwoText method
2026-01-28 23:32:27 INFO  BasePage - Ending of getFrameTwoText method
2026-01-28 23:32:27 INFO  BasePage - Starting of getText method
2026-01-28 23:32:27 INFO  BasePage - Ending of getText method
2026-01-28 23:32:27 INFO  BasePage - Starting of getWelcomeToJalaAcademyText method
2026-01-28 23:32:27 INFO  BasePage - Ending of getWelcomeToJalaAcademyText method
2026-01-28 23:32:27 INFO  BasePage - Starting of getText method
2026-01-28 23:32:27 INFO  BasePage - Ending of getText method
2026-01-28 23:32:27 INFO  BaseTest - Ending of testIframe method
2026-01-28 23:32:27 INFO  Listeners - Test PassedA_testIframe
2026-01-28 23:32:28 INFO  BaseTest - Starting of setup method
2026-01-28 23:32:32 INFO  BasePage - Starting of ImagesPage constructor
2026-01-28 23:32:32 INFO  BasePage - Ending of ImagesPage constructor
2026-01-28 23:32:32 INFO  BasePage - Starting of HomePage constructor
2026-01-28 23:32:32 INFO  BasePage - Ending of HomePage constructor
2026-01-28 23:32:32 INFO  BasePage - Starting of LoginPage constructor
2026-01-28 23:32:32 INFO  BasePage - Ending of LoginPage constructor
2026-01-28 23:32:33 INFO  BasePage - Starting of enterEmail method
2026-01-28 23:32:33 INFO  BasePage - Starting of sendKeys method
2026-01-28 23:32:33 INFO  BasePage - Ending of sendKeys method
2026-01-28 23:32:33 INFO  BasePage - Ending of enterEmail method
2026-01-28 23:32:33 INFO  BasePage - Starting of enterPassword method
2026-01-28 23:32:33 INFO  BasePage - Starting of sendKeys method
2026-01-28 23:32:33 INFO  BasePage - Ending of sendKeys method
2026-01-28 23:32:33 INFO  BasePage - Ending of enterPassword method
2026-01-28 23:32:33 INFO  BasePage - Starting of clickOnRememberMe method
2026-01-28 23:32:33 INFO  BasePage - Starting of click method
2026-01-28 23:32:33 INFO  BasePage - Ending of click method
2026-01-28 23:32:33 INFO  BasePage - Ending of clickOnRememberMe method
2026-01-28 23:32:33 INFO  BasePage - Starting of clickOnLoginButton method
2026-01-28 23:32:33 INFO  BasePage - Starting of click method
2026-01-28 23:32:33 INFO  BasePage - Ending of click method
2026-01-28 23:32:33 INFO  BasePage - Ending of clickOnLoginButton method
2026-01-28 23:32:33 INFO  BasePage - Starting of clickOnMoreButton method
2026-01-28 23:32:34 INFO  BasePage - Ending of clickOnMoreButton method
2026-01-28 23:32:37 INFO  BasePage - Starting of clickOnImageButton method
2026-01-28 23:32:37 INFO  BasePage - Starting of click method
2026-01-28 23:32:37 INFO  BasePage - Ending of click method
2026-01-28 23:32:37 INFO  BasePage - Ending of clickOnImageButton method
2026-01-28 23:32:37 INFO  BaseTest - Ending of setup method
2026-01-28 23:32:37 INFO  Listeners - Test Started  : A_testUploadImages
2026-01-28 23:32:37 INFO  BaseTest - Starting of testUploadImages method
2026-01-28 23:32:37 INFO  BasePage - Starting of uploadImage method
2026-01-28 23:32:37 INFO  BasePage - Starting of sendKeys method
2026-01-28 23:32:37 INFO  BasePage - Ending of sendKeys method
2026-01-28 23:32:37 INFO  BasePage - Ending of uploadImage method
2026-01-28 23:32:39 INFO  BasePage - Starting of clickOnUploadButton method
2026-01-28 23:32:39 INFO  BasePage - Starting of click method
2026-01-28 23:32:39 INFO  BasePage - Ending of click method
2026-01-28 23:32:39 INFO  BasePage - Ending of clickOnUploadButton method
2026-01-28 23:32:39 INFO  BasePage - Starting of getImageLabel method
2026-01-28 23:32:39 INFO  BasePage - Ending of getImageLabel method
2026-01-28 23:32:39 INFO  BasePage - Starting of getText method
2026-01-28 23:32:39 INFO  BasePage - Ending of getText method
2026-01-28 23:32:39 INFO  BaseTest - Ending of testUploadImages method
2026-01-28 23:32:39 INFO  Listeners - Test PassedA_testUploadImages
2026-01-28 23:38:57 INFO  BaseTest - Starting of setup method
2026-01-28 23:38:57 INFO  BaseTest - Starting of setup method
2026-01-28 23:39:00 INFO  BasePage - Starting of LoginPage constructor
2026-01-28 23:39:00 INFO  BasePage - Ending of LoginPage constructor
2026-01-28 23:39:03 INFO  BaseTest - Ending of setup method
2026-01-28 23:39:03 INFO  Listeners - Test Started  : A_TestInvaildLogin
2026-01-28 23:39:03 INFO  BaseTest - Starting of TestInvaildLogin method
2026-01-28 23:39:03 INFO  BasePage - Starting of enterEmail method
2026-01-28 23:39:03 INFO  BasePage - Starting of sendKeys method
2026-01-28 23:39:03 INFO  BasePage - Ending of sendKeys method
2026-01-28 23:39:03 INFO  BasePage - Ending of enterEmail method
2026-01-28 23:39:03 INFO  BasePage - Starting of enterPassword method
2026-01-28 23:39:03 INFO  BasePage - Starting of sendKeys method
2026-01-28 23:39:04 INFO  BasePage - Ending of sendKeys method
2026-01-28 23:39:04 INFO  BasePage - Ending of enterPassword method
2026-01-28 23:39:04 INFO  BasePage - Starting of clickOnRememberMe method
2026-01-28 23:39:04 INFO  BasePage - Starting of click method
2026-01-28 23:39:04 INFO  BasePage - Ending of click method
2026-01-28 23:39:04 INFO  BasePage - Ending of clickOnRememberMe method
2026-01-28 23:39:04 INFO  BasePage - Starting of clickOnLoginButton method
2026-01-28 23:39:04 INFO  BasePage - Starting of click method
2026-01-28 23:39:04 INFO  BasePage - Ending of click method
2026-01-28 23:39:04 INFO  BasePage - Ending of clickOnLoginButton method
2026-01-28 23:39:04 INFO  BaseTest - Ending of TestInvaildLogin method
2026-01-28 23:39:04 INFO  Listeners - Test PassedA_TestInvaildLogin
2026-01-28 23:39:04 INFO  Listeners - Test Started  : B_TestInvaildLogin2
2026-01-28 23:39:04 INFO  BaseTest - Starting of TestInvaildLogin2 method
2026-01-28 23:39:04 INFO  BasePage - Starting of enterEmail method
2026-01-28 23:39:04 INFO  BasePage - Starting of sendKeys method
2026-01-28 23:39:05 INFO  BasePage - Ending of sendKeys method
2026-01-28 23:39:05 INFO  BasePage - Ending of enterEmail method
2026-01-28 23:39:05 INFO  BasePage - Starting of enterPassword method
2026-01-28 23:39:05 INFO  BasePage - Starting of sendKeys method
2026-01-28 23:39:05 INFO  BasePage - Ending of sendKeys method
2026-01-28 23:39:05 INFO  BasePage - Ending of enterPassword method
2026-01-28 23:39:05 INFO  BasePage - Starting of clickOnRememberMe method
2026-01-28 23:39:05 INFO  BasePage - Starting of click method
2026-01-28 23:39:05 INFO  BasePage - Ending of click method
2026-01-28 23:39:05 INFO  BasePage - Ending of clickOnRememberMe method
2026-01-28 23:39:05 INFO  BasePage - Starting of clickOnLoginButton method
2026-01-28 23:39:05 INFO  BasePage - Starting of click method
2026-01-28 23:39:05 INFO  BasePage - Ending of click method
2026-01-28 23:39:05 INFO  BasePage - Ending of clickOnLoginButton method
2026-01-28 23:39:05 INFO  BaseTest - Ending of TestInvaildLogin2 method
2026-01-28 23:39:05 INFO  Listeners - Test PassedB_TestInvaildLogin2
2026-01-28 23:39:05 INFO  Listeners - Test Started  : C_TestInvaildLogin3
2026-01-28 23:39:05 INFO  BaseTest - Starting of TestInvaildLogin3 method
2026-01-28 23:39:05 INFO  BasePage - Starting of enterEmail method
2026-01-28 23:39:05 INFO  BasePage - Starting of sendKeys method
2026-01-28 23:39:05 INFO  BasePage - Starting of LoginPage constructor
2026-01-28 23:39:05 INFO  BasePage - Ending of LoginPage constructor
2026-01-28 23:39:05 INFO  BasePage - Ending of sendKeys method
2026-01-28 23:39:05 INFO  BasePage - Ending of enterEmail method
2026-01-28 23:39:05 INFO  BasePage - Starting of enterPassword method
2026-01-28 23:39:05 INFO  BasePage - Starting of sendKeys method
2026-01-28 23:39:06 INFO  BasePage - Ending of sendKeys method
2026-01-28 23:39:06 INFO  BasePage - Ending of enterPassword method
2026-01-28 23:39:06 INFO  BasePage - Starting of clickOnRememberMe method
2026-01-28 23:39:06 INFO  BasePage - Starting of click method
2026-01-28 23:39:06 INFO  BaseTest - Ending of setup method
2026-01-28 23:39:06 INFO  Listeners - Test Started  : A_TestInvaildLogin
2026-01-28 23:39:06 INFO  BaseTest - Starting of TestInvaildLogin method
2026-01-28 23:39:06 INFO  BasePage - Starting of enterEmail method
2026-01-28 23:39:06 INFO  BasePage - Starting of sendKeys method
2026-01-28 23:39:06 INFO  BasePage - Ending of click method
2026-01-28 23:39:06 INFO  BasePage - Ending of clickOnRememberMe method
2026-01-28 23:39:06 INFO  BasePage - Starting of clickOnLoginButton method
2026-01-28 23:39:06 INFO  BasePage - Starting of click method
2026-01-28 23:39:06 INFO  BasePage - Ending of click method
2026-01-28 23:39:06 INFO  BasePage - Ending of clickOnLoginButton method
2026-01-28 23:39:06 INFO  BaseTest - Ending of TestInvaildLogin3 method
2026-01-28 23:39:06 INFO  Listeners - Test PassedC_TestInvaildLogin3
2026-01-28 23:39:06 INFO  BasePage - Ending of sendKeys method
2026-01-28 23:39:06 INFO  BasePage - Ending of enterEmail method
2026-01-28 23:39:06 INFO  BasePage - Starting of enterPassword method
2026-01-28 23:39:06 INFO  BasePage - Starting of sendKeys method
2026-01-28 23:39:06 INFO  Listeners - Test Started  : D_testVaildLogin4
2026-01-28 23:39:06 INFO  BaseTest - Starting of testVaildLogin4 method
2026-01-28 23:39:06 INFO  BasePage - Starting of enterEmail method
2026-01-28 23:39:06 INFO  BasePage - Starting of sendKeys method
2026-01-28 23:39:07 INFO  BasePage - Ending of sendKeys method
2026-01-28 23:39:07 INFO  BasePage - Ending of enterPassword method
2026-01-28 23:39:07 INFO  BasePage - Starting of clickOnRememberMe method
2026-01-28 23:39:07 INFO  BasePage - Starting of click method
2026-01-28 23:39:07 INFO  BasePage - Ending of click method
2026-01-28 23:39:07 INFO  BasePage - Ending of clickOnRememberMe method
2026-01-28 23:39:07 INFO  BasePage - Starting of clickOnLoginButton method
2026-01-28 23:39:07 INFO  BasePage - Starting of click method
2026-01-28 23:39:07 INFO  BasePage - Ending of sendKeys method
2026-01-28 23:39:07 INFO  BasePage - Ending of enterEmail method
2026-01-28 23:39:07 INFO  BasePage - Starting of enterPassword method
2026-01-28 23:39:07 INFO  BasePage - Starting of sendKeys method
2026-01-28 23:39:07 INFO  BasePage - Ending of click method
2026-01-28 23:39:07 INFO  BasePage - Ending of clickOnLoginButton method
2026-01-28 23:39:07 INFO  BaseTest - Ending of TestInvaildLogin method
2026-01-28 23:39:07 INFO  Listeners - Test PassedA_TestInvaildLogin
2026-01-28 23:39:07 INFO  Listeners - Test Started  : B_TestInvaildLogin2
2026-01-28 23:39:07 INFO  BaseTest - Starting of TestInvaildLogin2 method
2026-01-28 23:39:07 INFO  BasePage - Starting of enterEmail method
2026-01-28 23:39:07 INFO  BasePage - Starting of sendKeys method
2026-01-28 23:39:07 INFO  BasePage - Ending of sendKeys method
2026-01-28 23:39:07 INFO  BasePage - Ending of enterEmail method
2026-01-28 23:39:07 INFO  BasePage - Starting of enterPassword method
2026-01-28 23:39:07 INFO  BasePage - Starting of sendKeys method
2026-01-28 23:39:07 INFO  BasePage - Ending of sendKeys method
2026-01-28 23:39:07 INFO  BasePage - Ending of enterPassword method
2026-01-28 23:39:07 INFO  BasePage - Starting of clickOnRememberMe method
2026-01-28 23:39:07 INFO  BasePage - Starting of click method
2026-01-28 23:39:07 INFO  BasePage - Ending of sendKeys method
2026-01-28 23:39:07 INFO  BasePage - Ending of enterPassword method
2026-01-28 23:39:07 INFO  BasePage - Starting of clickOnRememberMe method
2026-01-28 23:39:07 INFO  BasePage - Starting of click method
2026-01-28 23:39:07 INFO  BasePage - Ending of click method
2026-01-28 23:39:07 INFO  BasePage - Ending of clickOnRememberMe method
2026-01-28 23:39:07 INFO  BasePage - Starting of clickOnLoginButton method
2026-01-28 23:39:07 INFO  BasePage - Starting of click method
2026-01-28 23:39:07 INFO  BasePage - Ending of click method
2026-01-28 23:39:07 INFO  BasePage - Ending of clickOnRememberMe method
2026-01-28 23:39:07 INFO  BasePage - Starting of clickOnLoginButton method
2026-01-28 23:39:07 INFO  BasePage - Starting of click method
2026-01-28 23:39:07 INFO  BasePage - Ending of click method
2026-01-28 23:39:07 INFO  BasePage - Ending of clickOnLoginButton method
2026-01-28 23:39:07 INFO  BaseTest - Ending of TestInvaildLogin2 method
2026-01-28 23:39:07 INFO  Listeners - Test PassedB_TestInvaildLogin2
2026-01-28 23:39:07 INFO  Listeners - Test Started  : C_TestInvaildLogin3
2026-01-28 23:39:07 INFO  BaseTest - Starting of TestInvaildLogin3 method
2026-01-28 23:39:07 INFO  BasePage - Starting of enterEmail method
2026-01-28 23:39:07 INFO  BasePage - Starting of sendKeys method
2026-01-28 23:39:08 INFO  BasePage - Ending of sendKeys method
2026-01-28 23:39:08 INFO  BasePage - Ending of enterEmail method
2026-01-28 23:39:08 INFO  BasePage - Starting of enterPassword method
2026-01-28 23:39:08 INFO  BasePage - Starting of sendKeys method
2026-01-28 23:39:08 INFO  BasePage - Ending of sendKeys method
2026-01-28 23:39:08 INFO  BasePage - Ending of enterPassword method
2026-01-28 23:39:08 INFO  BasePage - Starting of clickOnRememberMe method
2026-01-28 23:39:08 INFO  BasePage - Starting of click method
2026-01-28 23:39:08 INFO  BasePage - Ending of click method
2026-01-28 23:39:08 INFO  BasePage - Ending of clickOnLoginButton method
2026-01-28 23:39:08 INFO  BaseTest - Ending of testVaildLogin4 method
2026-01-28 23:39:08 INFO  Listeners - Test PassedD_testVaildLogin4
2026-01-28 23:39:08 INFO  BasePage - Ending of click method
2026-01-28 23:39:08 INFO  BasePage - Ending of clickOnRememberMe method
2026-01-28 23:39:08 INFO  BasePage - Starting of clickOnLoginButton method
2026-01-28 23:39:08 INFO  BasePage - Starting of click method
2026-01-28 23:39:08 INFO  BasePage - Ending of click method
2026-01-28 23:39:08 INFO  BasePage - Ending of clickOnLoginButton method
2026-01-28 23:39:08 INFO  BaseTest - Ending of TestInvaildLogin3 method
2026-01-28 23:39:08 INFO  Listeners - Test PassedC_TestInvaildLogin3
2026-01-28 23:39:08 INFO  Listeners - Test Started  : D_testVaildLogin4
2026-01-28 23:39:08 INFO  BaseTest - Starting of testVaildLogin4 method
2026-01-28 23:39:08 INFO  BasePage - Starting of enterEmail method
2026-01-28 23:39:08 INFO  BasePage - Starting of sendKeys method
2026-01-28 23:39:08 INFO  BasePage - Ending of sendKeys method
2026-01-28 23:39:08 INFO  BasePage - Ending of enterEmail method
2026-01-28 23:39:08 INFO  BasePage - Starting of enterPassword method
2026-01-28 23:39:08 INFO  BasePage - Starting of sendKeys method
2026-01-28 23:39:08 INFO  BaseTest - Starting of setup method
2026-01-28 23:39:08 INFO  BasePage - Ending of sendKeys method
2026-01-28 23:39:08 INFO  BasePage - Ending of enterPassword method
2026-01-28 23:39:08 INFO  BasePage - Starting of clickOnRememberMe method
2026-01-28 23:39:08 INFO  BasePage - Starting of click method
2026-01-28 23:39:08 INFO  BasePage - Ending of click method
2026-01-28 23:39:08 INFO  BasePage - Ending of clickOnRememberMe method
2026-01-28 23:39:08 INFO  BasePage - Starting of clickOnLoginButton method
2026-01-28 23:39:08 INFO  BasePage - Starting of click method
2026-01-28 23:39:08 INFO  BasePage - Ending of click method
2026-01-28 23:39:08 INFO  BasePage - Ending of clickOnLoginButton method
2026-01-28 23:39:08 INFO  BaseTest - Ending of testVaildLogin4 method
2026-01-28 23:39:08 INFO  Listeners - Test PassedD_testVaildLogin4
2026-01-28 23:39:10 INFO  BasePage - Starting of EmployeeDetails constructor
2026-01-28 23:39:10 INFO  BasePage - Ending of EmployeeDetails constructor
2026-01-28 23:39:10 INFO  BasePage - Starting of LoginPage constructor
2026-01-28 23:39:10 INFO  BasePage - Ending of LoginPage constructor
2026-01-28 23:39:10 INFO  BaseTest - Starting of setup method
2026-01-28 23:39:11 INFO  BasePage - Starting of enterEmail method
2026-01-28 23:39:11 INFO  BasePage - Starting of sendKeys method
2026-01-28 23:39:11 INFO  BasePage - Ending of sendKeys method
2026-01-28 23:39:11 INFO  BasePage - Ending of enterEmail method
2026-01-28 23:39:11 INFO  BasePage - Starting of enterPassword method
2026-01-28 23:39:11 INFO  BasePage - Starting of sendKeys method
2026-01-28 23:39:11 INFO  BasePage - Ending of sendKeys method
2026-01-28 23:39:11 INFO  BasePage - Ending of enterPassword method
2026-01-28 23:39:11 INFO  BasePage - Starting of clickOnRememberMe method
2026-01-28 23:39:11 INFO  BasePage - Starting of click method
2026-01-28 23:39:11 INFO  BasePage - Ending of click method
2026-01-28 23:39:11 INFO  BasePage - Ending of clickOnRememberMe method
2026-01-28 23:39:11 INFO  BasePage - Starting of clickOnLoginButton method
2026-01-28 23:39:11 INFO  BasePage - Starting of click method
2026-01-28 23:39:12 INFO  BasePage - Ending of click method
2026-01-28 23:39:12 INFO  BasePage - Ending of clickOnLoginButton method
2026-01-28 23:39:12 INFO  BaseTest - Ending of setup method
2026-01-28 23:39:12 INFO  Listeners - Test Started  : A_testVaildEmployeeDetails
2026-01-28 23:39:12 INFO  BaseTest - Starting of testVaildEmployeeDetails method
2026-01-28 23:39:12 INFO  BasePage - Starting of getWelcomeToJalaAcademy method
2026-01-28 23:39:12 INFO  BasePage - Ending of getWelcomeToJalaAcademy method
2026-01-28 23:39:12 INFO  BasePage - Starting of getText method
2026-01-28 23:39:12 INFO  BasePage - Ending of getText method
2026-01-28 23:39:12 INFO  BasePage - Starting of clickOnEmployeeButton method
2026-01-28 23:39:14 INFO  BasePage - Starting of click method
2026-01-28 23:39:14 INFO  BasePage - Ending of click method
2026-01-28 23:39:14 INFO  BasePage - Ending of clickOnEmployeeButton method
2026-01-28 23:39:14 INFO  BasePage - Starting of clickOnCreateButton method
2026-01-28 23:39:16 INFO  BasePage - Starting of EmployeeDetails constructor
2026-01-28 23:39:16 INFO  BasePage - Ending of EmployeeDetails constructor
2026-01-28 23:39:16 INFO  BasePage - Starting of LoginPage constructor
2026-01-28 23:39:16 INFO  BasePage - Ending of LoginPage constructor
2026-01-28 23:39:16 INFO  BasePage - Starting of click method
2026-01-28 23:39:17 INFO  BasePage - Starting of enterEmail method
2026-01-28 23:39:17 INFO  BasePage - Starting of sendKeys method
2026-01-28 23:39:17 INFO  BasePage - Ending of click method
2026-01-28 23:39:17 INFO  BasePage - Ending of clickOnCreateButton method
2026-01-28 23:39:17 INFO  BasePage - Starting of enterFirstName method
2026-01-28 23:39:17 INFO  BasePage - Starting of sendKeys method
2026-01-28 23:39:17 INFO  BasePage - Ending of sendKeys method
2026-01-28 23:39:17 INFO  BasePage - Ending of enterEmail method
2026-01-28 23:39:17 INFO  BasePage - Starting of enterPassword method
2026-01-28 23:39:17 INFO  BasePage - Starting of sendKeys method
2026-01-28 23:39:17 INFO  BasePage - Ending of sendKeys method
2026-01-28 23:39:17 INFO  BasePage - Ending of enterFirstName method
2026-01-28 23:39:17 INFO  BasePage - Starting of enterFirstName method
2026-01-28 23:39:17 INFO  BasePage - Starting of sendKeys method
2026-01-28 23:39:17 INFO  BasePage - Ending of sendKeys method
2026-01-28 23:39:17 INFO  BasePage - Ending of enterPassword method
2026-01-28 23:39:17 INFO  BasePage - Starting of clickOnRememberMe method
2026-01-28 23:39:17 INFO  BasePage - Starting of click method
2026-01-28 23:39:17 INFO  BasePage - Ending of click method
2026-01-28 23:39:17 INFO  BasePage - Ending of clickOnRememberMe method
2026-01-28 23:39:17 INFO  BasePage - Starting of clickOnLoginButton method
2026-01-28 23:39:17 INFO  BasePage - Starting of click method
2026-01-28 23:39:17 INFO  BasePage - Ending of sendKeys method
2026-01-28 23:39:17 INFO  BasePage - Ending of enterFirstName method
2026-01-28 23:39:17 INFO  BasePage - Starting of enterEmailId method
2026-01-28 23:39:17 INFO  BasePage - Starting of sendKeys method
2026-01-28 23:39:17 INFO  BasePage - Ending of click method
2026-01-28 23:39:17 INFO  BasePage - Ending of clickOnLoginButton method
2026-01-28 23:39:17 INFO  BaseTest - Ending of setup method
2026-01-28 23:39:17 INFO  Listeners - Test Started  : A_testVaildEmployeeDetails
2026-01-28 23:39:17 INFO  BaseTest - Starting of testVaildEmployeeDetails method
2026-01-28 23:39:17 INFO  BasePage - Starting of getWelcomeToJalaAcademy method
2026-01-28 23:39:17 INFO  BasePage - Ending of getWelcomeToJalaAcademy method
2026-01-28 23:39:17 INFO  BasePage - Starting of getText method
2026-01-28 23:39:17 INFO  BasePage - Ending of getText method
2026-01-28 23:39:17 INFO  BasePage - Ending of sendKeys method
2026-01-28 23:39:17 INFO  BasePage - Ending of enterEmailId method
2026-01-28 23:39:17 INFO  BasePage - Starting of enterMobileNumber method
2026-01-28 23:39:17 INFO  BasePage - Starting of sendKeys method
2026-01-28 23:39:18 INFO  BasePage - Starting of clickOnEmployeeButton method
2026-01-28 23:39:18 INFO  BasePage - Ending of sendKeys method
2026-01-28 23:39:18 INFO  BasePage - Ending of enterMobileNumber method
2026-01-28 23:39:18 INFO  BasePage - Starting of enterDateOfBirth method
2026-01-28 23:39:18 INFO  BasePage - Starting of sendKeys method
2026-01-28 23:39:18 INFO  BasePage - Ending of sendKeys method
2026-01-28 23:39:18 INFO  BasePage - Ending of enterDateOfBirth method
2026-01-28 23:39:18 INFO  BasePage - Starting of clickOnEmployeeButton method
2026-01-28 23:39:20 INFO  BasePage - Starting of click method
2026-01-28 23:39:20 INFO  BasePage - Ending of click method
2026-01-28 23:39:20 INFO  BasePage - Ending of clickOnEmployeeButton method
2026-01-28 23:39:20 INFO  BasePage - Starting of clickOnCreateButton method
2026-01-28 23:39:20 INFO  BasePage - Starting of click method
2026-01-28 23:39:20 INFO  BasePage - Ending of click method
2026-01-28 23:39:20 INFO  BasePage - Ending of clickOnEmployeeButton method
2026-01-28 23:39:20 INFO  BasePage - Starting of enterAddress method
2026-01-28 23:39:20 INFO  BasePage - Starting of sendKeys method
2026-01-28 23:39:21 INFO  BasePage - Ending of sendKeys method
2026-01-28 23:39:21 INFO  BasePage - Ending of enterAddress method
2026-01-28 23:39:21 INFO  BasePage - Starting of clickOnSelectCity method
2026-01-28 23:39:21 INFO  BasePage - Starting of click method
2026-01-28 23:39:21 INFO  BasePage - Ending of click method
2026-01-28 23:39:21 INFO  BasePage - Ending of clickOnSelectCity method
2026-01-28 23:39:21 INFO  BasePage - Starting of clickOnIndia method
2026-01-28 23:39:21 INFO  BasePage - Starting of click method
2026-01-28 23:39:21 INFO  BasePage - Ending of click method
2026-01-28 23:39:21 INFO  BasePage - Ending of clickOnIndia method
2026-01-28 23:39:22 INFO  BasePage - Starting of click method
2026-01-28 23:39:22 INFO  BasePage - Ending of click method
2026-01-28 23:39:22 INFO  BasePage - Ending of clickOnCreateButton method
2026-01-28 23:39:22 INFO  BasePage - Starting of enterFirstName method
2026-01-28 23:39:22 INFO  BasePage - Starting of sendKeys method
2026-01-28 23:39:22 INFO  BasePage - Ending of sendKeys method
2026-01-28 23:39:22 INFO  BasePage - Ending of enterFirstName method
2026-01-28 23:39:22 INFO  BasePage - Starting of enterFirstName method
2026-01-28 23:39:22 INFO  BasePage - Starting of sendKeys method
2026-01-28 23:39:22 INFO  BasePage - Ending of sendKeys method
2026-01-28 23:39:22 INFO  BasePage - Ending of enterFirstName method
2026-01-28 23:39:22 INFO  BasePage - Starting of enterEmailId method
2026-01-28 23:39:22 INFO  BasePage - Starting of sendKeys method
2026-01-28 23:39:22 INFO  BasePage - Ending of sendKeys method
2026-01-28 23:39:22 INFO  BasePage - Ending of enterEmailId method
2026-01-28 23:39:22 INFO  BasePage - Starting of enterMobileNumber method
2026-01-28 23:39:22 INFO  BasePage - Starting of sendKeys method
2026-01-28 23:39:22 INFO  BasePage - Ending of sendKeys method
2026-01-28 23:39:22 INFO  BasePage - Ending of enterMobileNumber method
2026-01-28 23:39:22 INFO  BasePage - Starting of enterDateOfBirth method
2026-01-28 23:39:22 INFO  BasePage - Starting of sendKeys method
2026-01-28 23:39:23 INFO  BasePage - Ending of sendKeys method
2026-01-28 23:39:23 INFO  BasePage - Ending of enterDateOfBirth method
2026-01-28 23:39:23 INFO  BasePage - Starting of clickOnEmployeeButton method
2026-01-28 23:39:24 INFO  BasePage - Starting of clickOnSelectCity method
2026-01-28 23:39:24 INFO  BasePage - Starting of click method
2026-01-28 23:39:24 INFO  BasePage - Ending of click method
2026-01-28 23:39:24 INFO  BasePage - Ending of clickOnSelectCity method
2026-01-28 23:39:24 INFO  BasePage - Starting of clickOnHyderabad method
2026-01-28 23:39:24 INFO  BasePage - Starting of click method
2026-01-28 23:39:25 INFO  BasePage - Ending of click method
2026-01-28 23:39:25 INFO  BasePage - Ending of clickOnHyderabad method
2026-01-28 23:39:25 INFO  BasePage - Starting of clickOnQaAutomation method
2026-01-28 23:39:25 INFO  BasePage - Starting of click method
2026-01-28 23:39:25 INFO  BasePage - Starting of click method
2026-01-28 23:39:25 INFO  BasePage - Ending of click method
2026-01-28 23:39:25 INFO  BasePage - Ending of clickOnEmployeeButton method
2026-01-28 23:39:25 INFO  BasePage - Starting of enterAddress method
2026-01-28 23:39:25 INFO  BasePage - Starting of sendKeys method
2026-01-28 23:39:25 INFO  BasePage - Ending of click method
2026-01-28 23:39:25 INFO  BasePage - Ending of clickOnQaAutomation method
2026-01-28 23:39:25 INFO  BasePage - Starting of clickOnIndia method
2026-01-28 23:39:25 INFO  BasePage - Starting of click method
2026-01-28 23:39:25 INFO  BasePage - Ending of click method
2026-01-28 23:39:25 INFO  BasePage - Ending of clickOnIndia method
2026-01-28 23:39:25 INFO  BaseTest - Ending of testVaildEmployeeDetails method
2026-01-28 23:39:25 INFO  Listeners - Test PassedA_testVaildEmployeeDetails
2026-01-28 23:39:25 INFO  BasePage - Ending of sendKeys method
2026-01-28 23:39:25 INFO  BasePage - Ending of enterAddress method
2026-01-28 23:39:25 INFO  BasePage - Starting of clickOnSelectCity method
2026-01-28 23:39:25 INFO  BasePage - Starting of click method
2026-01-28 23:39:25 INFO  BaseTest - Starting of setup method
2026-01-28 23:39:25 INFO  BasePage - Ending of click method
2026-01-28 23:39:25 INFO  BasePage - Ending of clickOnSelectCity method
2026-01-28 23:39:25 INFO  BasePage - Starting of clickOnIndia method
2026-01-28 23:39:25 INFO  BasePage - Starting of click method
2026-01-28 23:39:25 INFO  BasePage - Ending of click method
2026-01-28 23:39:25 INFO  BasePage - Ending of clickOnIndia method
2026-01-28 23:39:26 INFO  BasePage - Starting of LoginPage constructor
2026-01-28 23:39:26 INFO  BasePage - Ending of LoginPage constructor
2026-01-28 23:39:26 INFO  BasePage - Starting of EmployeeDetails constructor
2026-01-28 23:39:26 INFO  BasePage - Ending of EmployeeDetails constructor
2026-01-28 23:39:26 INFO  BasePage - Starting of SearchEmployee method
2026-01-28 23:39:26 INFO  BasePage - Ending of SearchEmployee method
2026-01-28 23:39:27 INFO  BasePage - Starting of enterEmail method
2026-01-28 23:39:27 INFO  BasePage - Starting of sendKeys method
2026-01-28 23:39:28 INFO  BasePage - Ending of sendKeys method
2026-01-28 23:39:28 INFO  BasePage - Ending of enterEmail method
2026-01-28 23:39:28 INFO  BasePage - Starting of enterPassword method
2026-01-28 23:39:28 INFO  BasePage - Starting of sendKeys method
2026-01-28 23:39:28 INFO  BasePage - Ending of sendKeys method
2026-01-28 23:39:28 INFO  BasePage - Ending of enterPassword method
2026-01-28 23:39:28 INFO  BasePage - Starting of clickOnRememberMe method
2026-01-28 23:39:28 INFO  BasePage - Starting of click method
2026-01-28 23:39:28 INFO  BasePage - Ending of click method
2026-01-28 23:39:28 INFO  BasePage - Ending of clickOnRememberMe method
2026-01-28 23:39:28 INFO  BasePage - Starting of clickOnLoginButton method
2026-01-28 23:39:28 INFO  BasePage - Starting of click method
2026-01-28 23:39:28 INFO  BasePage - Starting of clickOnSelectCity method
2026-01-28 23:39:28 INFO  BasePage - Starting of click method
2026-01-28 23:39:29 INFO  BasePage - Ending of click method
2026-01-28 23:39:29 INFO  BasePage - Ending of clickOnLoginButton method
2026-01-28 23:39:29 INFO  BasePage - Starting of clickOnEmployeeButton method
2026-01-28 23:39:29 INFO  BasePage - Ending of click method
2026-01-28 23:39:29 INFO  BasePage - Ending of clickOnSelectCity method
2026-01-28 23:39:29 INFO  BasePage - Starting of clickOnHyderabad method
2026-01-28 23:39:29 INFO  BasePage - Starting of click method
2026-01-28 23:39:29 INFO  BasePage - Ending of click method
2026-01-28 23:39:29 INFO  BasePage - Ending of clickOnHyderabad method
2026-01-28 23:39:29 INFO  BasePage - Starting of clickOnQaAutomation method
2026-01-28 23:39:29 INFO  BasePage - Starting of click method
2026-01-28 23:39:29 INFO  BasePage - Ending of click method
2026-01-28 23:39:29 INFO  BasePage - Ending of clickOnQaAutomation method
2026-01-28 23:39:29 INFO  BasePage - Starting of clickOnIndia method
2026-01-28 23:39:29 INFO  BasePage - Starting of click method
2026-01-28 23:39:29 INFO  BasePage - Ending of click method
2026-01-28 23:39:29 INFO  BasePage - Ending of clickOnIndia method
2026-01-28 23:39:29 INFO  BaseTest - Ending of testVaildEmployeeDetails method
2026-01-28 23:39:29 INFO  Listeners - Test PassedA_testVaildEmployeeDetails
2026-01-28 23:39:31 INFO  BasePage - Starting of click method
2026-01-28 23:39:31 INFO  BasePage - Ending of click method
2026-01-28 23:39:31 INFO  BasePage - Ending of clickOnEmployeeButton method
2026-01-28 23:39:31 INFO  BaseTest - Ending of setup method
2026-01-28 23:39:31 INFO  Listeners - Test Started  : A_testSearchEmployee
2026-01-28 23:39:31 INFO  BaseTest - Starting of testSearchEmployee method
2026-01-28 23:39:31 INFO  BaseTest - Starting of setup method
2026-01-28 23:39:34 INFO  BasePage - Starting of clickOnSearch method
2026-01-28 23:39:34 INFO  BasePage - Starting of click method
2026-01-28 23:39:35 INFO  BasePage - Ending of click method
2026-01-28 23:39:35 INFO  BasePage - Ending of clickOnSearch method
2026-01-28 23:39:35 INFO  BasePage - Starting of enterEmployeeName method
2026-01-28 23:39:35 INFO  BasePage - Starting of sendKeys method
2026-01-28 23:39:35 INFO  BasePage - Ending of sendKeys method
2026-01-28 23:39:35 INFO  BasePage - Ending of enterEmployeeName method
2026-01-28 23:39:35 INFO  BasePage - Starting of enterPassword method
2026-01-28 23:39:35 INFO  BasePage - Starting of sendKeys method
2026-01-28 23:39:35 INFO  BasePage - Ending of sendKeys method
2026-01-28 23:39:35 INFO  BasePage - Ending of enterPassword method
2026-01-28 23:39:35 INFO  BasePage - Starting of clickOnSearch1 method
2026-01-28 23:39:35 INFO  BasePage - Starting of click method
2026-01-28 23:39:35 INFO  BasePage - Ending of click method
2026-01-28 23:39:35 INFO  BasePage - Ending of setup method
2026-01-28 23:39:36 INFO  BasePage - Starting of LoginPage constructor
2026-01-28 23:39:36 INFO  BasePage - Ending of LoginPage constructor
2026-01-28 23:39:36 INFO  BasePage - Starting of EmployeeDetails constructor
2026-01-28 23:39:36 INFO  BasePage - Ending of EmployeeDetails constructor
2026-01-28 23:39:36 INFO  BasePage - Starting of SearchEmployee method
2026-01-28 23:39:36 INFO  BasePage - Ending of SearchEmployee method
2026-01-28 23:39:37 INFO  BasePage - Starting of enterEmail method
2026-01-28 23:39:37 INFO  BasePage - Starting of sendKeys method
2026-01-28 23:39:37 INFO  BasePage - Ending of sendKeys method
2026-01-28 23:39:37 INFO  BasePage - Ending of enterEmail method
2026-01-28 23:39:37 INFO  BasePage - Starting of enterPassword method
2026-01-28 23:39:37 INFO  BasePage - Starting of sendKeys method
2026-01-28 23:39:37 INFO  BasePage - Ending of sendKeys method
2026-01-28 23:39:37 INFO  BasePage - Ending of enterPassword method
2026-01-28 23:39:37 INFO  BasePage - Starting of clickOnRememberMe method
2026-01-28 23:39:37 INFO  BasePage - Starting of click method
2026-01-28 23:39:38 INFO  BasePage - Ending of click method
2026-01-28 23:39:38 INFO  BasePage - Ending of clickOnRememberMe method
2026-01-28 23:39:38 INFO  BasePage - Starting of clickOnLoginButton method
2026-01-28 23:39:38 INFO  BasePage - Starting of click method
2026-01-28 23:39:38 INFO  BasePage - Ending of click method
2026-01-28 23:39:38 INFO  BasePage - Ending of clickOnLoginButton method
2026-01-28 23:39:38 INFO  BasePage - Starting of clickOnEmployeeButton method
2026-01-28 23:39:38 INFO  BaseTest - Ending of testSearchEmployee method
2026-01-28 23:39:38 INFO  Listeners - Test PassedA_testSearchEmployee
2026-01-28 23:39:39 INFO  BaseTest - Starting of setup method
2026-01-28 23:39:40 INFO  BasePage - Starting of MenuPage constructor
2026-01-28 23:39:40 INFO  BasePage - Ending of MenuPage constructor
2026-01-28 23:39:40 INFO  BasePage - Starting of HomePage constructor
2026-01-28 23:39:40 INFO  BasePage - Ending of HomePage constructor
2026-01-28 23:39:40 INFO  BasePage - Starting of LoginPage constructor
2026-01-28 23:39:40 INFO  BasePage - Ending of LoginPage constructor
2026-01-28 23:39:40 INFO  BasePage - Starting of click method
2026-01-28 23:39:40 INFO  BasePage - Ending of click method
2026-01-28 23:39:40 INFO  BasePage - Ending of clickOnEmployeeButton method
2026-01-28 23:39:40 INFO  BaseTest - Ending of setup method
2026-01-28 23:39:40 INFO  Listeners - Test Started  : A_testSearchEmployee
2026-01-28 23:39:40 INFO  BaseTest - Starting of testSearchEmployee method
2026-01-28 23:39:41 INFO  BasePage - Starting of enterEmail method
2026-01-28 23:39:41 INFO  BasePage - Starting of sendKeys method
2026-01-28 23:39:41 INFO  BasePage - Ending of sendKeys method
2026-01-28 23:39:41 INFO  BasePage - Ending of enterEmail method
2026-01-28 23:39:41 INFO  BasePage - Starting of enterPassword method
2026-01-28 23:39:41 INFO  BasePage - Starting of sendKeys method
2026-01-28 23:39:41 INFO  BasePage - Ending of sendKeys method
2026-01-28 23:39:41 INFO  BasePage - Ending of enterPassword method
2026-01-28 23:39:41 INFO  BasePage - Starting of clickOnRememberMe method
2026-01-28 23:39:41 INFO  BasePage - Starting of click method
2026-01-28 23:39:41 INFO  BasePage - Ending of click method
2026-01-28 23:39:41 INFO  BasePage - Ending of clickOnRememberMe method
2026-01-28 23:39:41 INFO  BasePage - Starting of clickOnLoginButton method
2026-01-28 23:39:41 INFO  BasePage - Starting of click method
2026-01-28 23:39:42 INFO  BasePage - Ending of click method
2026-01-28 23:39:42 INFO  BasePage - Ending of clickOnLoginButton method
2026-01-28 23:39:42 INFO  BasePage - Starting of clickOnMoreButton method
2026-01-28 23:39:42 INFO  BasePage - Ending of clickOnMoreButton method
2026-01-28 23:39:43 INFO  BasePage - Starting of clickOnSearch method
2026-01-28 23:39:43 INFO  BasePage - Starting of click method
2026-01-28 23:39:43 INFO  BasePage - Ending of click method
2026-01-28 23:39:43 INFO  BasePage - Ending of clickOnSearch method
2026-01-28 23:39:43 INFO  BasePage - Starting of enterEmployeeName method
2026-01-28 23:39:43 INFO  BasePage - Starting of sendKeys method
2026-01-28 23:39:44 INFO  BasePage - Ending of sendKeys method
2026-01-28 23:39:44 INFO  BasePage - Ending of enterEmployeeName method
2026-01-28 23:39:44 INFO  BasePage - Starting of enterPassword method
2026-01-28 23:39:44 INFO  BasePage - Starting of sendKeys method
2026-01-28 23:39:44 INFO  BasePage - Ending of sendKeys method
2026-01-28 23:39:44 INFO  BasePage - Ending of enterPassword method
2026-01-28 23:39:44 INFO  BasePage - Starting of clickOnSearch1 method
2026-01-28 23:39:44 INFO  BasePage - Starting of click method
2026-01-28 23:39:44 INFO  BasePage - Ending of click method
2026-01-28 23:39:44 INFO  BasePage - Ending of setup method
2026-01-28 23:39:45 INFO  BasePage - Starting of clickOnMenuButton method
2026-01-28 23:39:45 INFO  BasePage - Starting of click method
2026-01-28 23:39:46 INFO  BasePage - Ending of click method
2026-01-28 23:39:46 INFO  BasePage - Ending of clickOnMenuButton method
2026-01-28 23:39:46 INFO  BaseTest - Ending of setup method
2026-01-28 23:39:46 INFO  Listeners - Test Started  : A_testMenu
2026-01-28 23:39:46 INFO  BaseTest - Starting of testMenu method
2026-01-28 23:39:46 INFO  BasePage - Starting of clickOnSubMenuButton method
2026-01-28 23:39:46 INFO  BasePage - Starting of click method
2026-01-28 23:39:46 INFO  BasePage - Ending of click method
2026-01-28 23:39:46 INFO  BasePage - Ending of clickOnSubMenuButton method
2026-01-28 23:39:46 INFO  BaseTest - Ending of testMenu method
2026-01-28 23:39:46 INFO  Listeners - Test PassedA_testMenu
2026-01-28 23:39:46 INFO  BaseTest - Starting of setup method
2026-01-28 23:39:47 INFO  BaseTest - Ending of testSearchEmployee method
2026-01-28 23:39:47 INFO  Listeners - Test PassedA_testSearchEmployee
2026-01-28 23:39:47 INFO  BasePage - Starting of IframePage constructor
2026-01-28 23:39:47 INFO  BasePage - Ending of IframePage constructor
2026-01-28 23:39:47 INFO  BasePage - Starting of HomePage constructor
2026-01-28 23:39:47 INFO  BasePage - Ending of HomePage constructor
2026-01-28 23:39:47 INFO  BasePage - Starting of LoginPage constructor
2026-01-28 23:39:47 INFO  BasePage - Ending of LoginPage constructor
2026-01-28 23:39:48 INFO  BasePage - Starting of enterEmail method
2026-01-28 23:39:48 INFO  BasePage - Starting of sendKeys method
2026-01-28 23:39:49 INFO  BasePage - Ending of sendKeys method
2026-01-28 23:39:49 INFO  BasePage - Ending of enterEmail method
2026-01-28 23:39:49 INFO  BasePage - Starting of enterPassword method
2026-01-28 23:39:49 INFO  BasePage - Starting of sendKeys method
2026-01-28 23:39:49 INFO  BasePage - Ending of sendKeys method
2026-01-28 23:39:49 INFO  BasePage - Ending of enterPassword method
2026-01-28 23:39:49 INFO  BasePage - Starting of clickOnRememberMe method
2026-01-28 23:39:49 INFO  BasePage - Starting of click method
2026-01-28 23:39:49 INFO  BasePage - Ending of click method
2026-01-28 23:39:49 INFO  BasePage - Ending of clickOnRememberMe method
2026-01-28 23:39:49 INFO  BasePage - Starting of clickOnLoginButton method
2026-01-28 23:39:49 INFO  BasePage - Starting of click method
2026-01-28 23:39:49 INFO  BaseTest - Starting of setup method
2026-01-28 23:39:49 INFO  BasePage - Ending of click method
2026-01-28 23:39:49 INFO  BasePage - Ending of clickOnLoginButton method
2026-01-28 23:39:49 INFO  BasePage - Starting of clickOnMoreButton method
2026-01-28 23:39:50 INFO  BasePage - Ending of clickOnMoreButton method
2026-01-28 23:39:53 INFO  BasePage - Starting of clickOnMenuButton method
2026-01-28 23:39:53 INFO  BasePage - Starting of click method
2026-01-28 23:39:53 INFO  BasePage - Ending of click method
2026-01-28 23:39:53 INFO  BasePage - Ending of clickOnMenuButton method
2026-01-28 23:39:53 INFO  BasePage - Starting of clickOnIframeButton method
2026-01-28 23:39:53 INFO  BasePage - Starting of click method
2026-01-28 23:39:53 INFO  BasePage - Ending of click method
2026-01-28 23:39:53 INFO  BasePage - Ending of clickOnIframeButton method
2026-01-28 23:39:53 INFO  BaseTest - Ending of setup method
2026-01-28 23:39:53 INFO  Listeners - Test Started  : A_testIframe
2026-01-28 23:39:53 INFO  BaseTest - Starting of testIframe method
2026-01-28 23:39:53 INFO  BasePage - Starting of getFrameOneText method
2026-01-28 23:39:53 INFO  BasePage - Ending of getFrameOneText method
2026-01-28 23:39:53 INFO  BasePage - Starting of getText method
2026-01-28 23:39:53 INFO  BasePage - Ending of getText method
2026-01-28 23:39:53 INFO  BasePage - Starting of getFrameTwoText method
2026-01-28 23:39:53 INFO  BasePage - Ending of getFrameTwoText method
2026-01-28 23:39:53 INFO  BasePage - Starting of getText method
2026-01-28 23:39:53 INFO  BasePage - Ending of getText method
2026-01-28 23:39:53 INFO  BasePage - Starting of getWelcomeToJalaAcademyText method
2026-01-28 23:39:53 INFO  BasePage - Ending of getWelcomeToJalaAcademyText method
2026-01-28 23:39:53 INFO  BasePage - Starting of getText method
2026-01-28 23:39:53 INFO  BasePage - Ending of getText method
2026-01-28 23:39:53 INFO  BaseTest - Ending of testIframe method
2026-01-28 23:39:53 INFO  Listeners - Test PassedA_testIframe
2026-01-28 23:39:54 INFO  BaseTest - Starting of setup method
2026-01-28 23:39:55 INFO  BasePage - Starting of MenuPage constructor
2026-01-28 23:39:55 INFO  BasePage - Ending of MenuPage constructor
2026-01-28 23:39:55 INFO  BasePage - Starting of HomePage constructor
2026-01-28 23:39:55 INFO  BasePage - Ending of HomePage constructor
2026-01-28 23:39:55 INFO  BasePage - Starting of LoginPage constructor
2026-01-28 23:39:55 INFO  BasePage - Ending of LoginPage constructor
2026-01-28 23:39:55 INFO  BasePage - Starting of ImagesPage constructor
2026-01-28 23:39:55 INFO  BasePage - Ending of ImagesPage constructor
2026-01-28 23:39:55 INFO  BasePage - Starting of HomePage constructor
2026-01-28 23:39:55 INFO  BasePage - Ending of HomePage constructor
2026-01-28 23:39:55 INFO  BasePage - Starting of LoginPage constructor
2026-01-28 23:39:55 INFO  BasePage - Ending of LoginPage constructor
2026-01-28 23:39:56 INFO  BasePage - Starting of enterEmail method
2026-01-28 23:39:56 INFO  BasePage - Starting of sendKeys method
2026-01-28 23:39:56 INFO  BasePage - Starting of enterEmail method
2026-01-28 23:39:56 INFO  BasePage - Starting of sendKeys method
2026-01-28 23:39:56 INFO  BasePage - Ending of sendKeys method
2026-01-28 23:39:56 INFO  BasePage - Ending of enterEmail method
2026-01-28 23:39:56 INFO  BasePage - Starting of enterPassword method
2026-01-28 23:39:56 INFO  BasePage - Starting of sendKeys method
2026-01-28 23:39:56 INFO  BasePage - Ending of sendKeys method
2026-01-28 23:39:56 INFO  BasePage - Ending of enterPassword method
2026-01-28 23:39:56 INFO  BasePage - Starting of clickOnRememberMe method
2026-01-28 23:39:56 INFO  BasePage - Starting of click method
2026-01-28 23:39:57 INFO  BasePage - Ending of click method
2026-01-28 23:39:57 INFO  BasePage - Ending of clickOnRememberMe method
2026-01-28 23:39:57 INFO  BasePage - Starting of clickOnLoginButton method
2026-01-28 23:39:57 INFO  BasePage - Starting of click method
2026-01-28 23:39:57 INFO  BasePage - Ending of sendKeys method
2026-01-28 23:39:57 INFO  BasePage - Ending of enterEmail method
2026-01-28 23:39:57 INFO  BasePage - Starting of enterPassword method
2026-01-28 23:39:57 INFO  BasePage - Starting of sendKeys method
2026-01-28 23:39:57 INFO  BasePage - Ending of click method
2026-01-28 23:39:57 INFO  BasePage - Ending of clickOnLoginButton method
2026-01-28 23:39:57 INFO  BasePage - Starting of clickOnMoreButton method
2026-01-28 23:39:57 INFO  BasePage - Ending of sendKeys method
2026-01-28 23:39:57 INFO  BasePage - Ending of enterPassword method
2026-01-28 23:39:57 INFO  BasePage - Starting of clickOnRememberMe method
2026-01-28 23:39:57 INFO  BasePage - Starting of click method
2026-01-28 23:39:57 INFO  BasePage - Ending of click method
2026-01-28 23:39:57 INFO  BasePage - Ending of clickOnRememberMe method
2026-01-28 23:39:57 INFO  BasePage - Starting of clickOnLoginButton method
2026-01-28 23:39:57 INFO  BasePage - Starting of click method
2026-01-28 23:39:57 INFO  BasePage - Ending of click method
2026-01-28 23:39:57 INFO  BasePage - Ending of clickOnLoginButton method
2026-01-28 23:39:57 INFO  BasePage - Starting of clickOnMoreButton method
2026-01-28 23:39:57 INFO  BasePage - Ending of clickOnMoreButton method
2026-01-28 23:39:58 INFO  BasePage - Ending of clickOnMoreButton method
2026-01-28 23:40:00 INFO  BasePage - Starting of clickOnMenuButton method
2026-01-28 23:40:00 INFO  BasePage - Starting of click method
2026-01-28 23:40:00 INFO  BasePage - Ending of click method
2026-01-28 23:40:00 INFO  BasePage - Ending of clickOnMenuButton method
2026-01-28 23:40:00 INFO  BaseTest - Ending of setup method
2026-01-28 23:40:00 INFO  Listeners - Test Started  : A_testMenu
2026-01-28 23:40:00 INFO  BaseTest - Starting of testMenu method
2026-01-28 23:40:00 INFO  BasePage - Starting of clickOnSubMenuButton method
2026-01-28 23:40:00 INFO  BasePage - Starting of click method
2026-01-28 23:40:01 INFO  BasePage - Starting of clickOnImageButton method
2026-01-28 23:40:01 INFO  BasePage - Starting of click method
2026-01-28 23:40:01 INFO  BasePage - Ending of click method
2026-01-28 23:40:01 INFO  BasePage - Ending of clickOnSubMenuButton method
2026-01-28 23:40:01 INFO  BaseTest - Ending of testMenu method
2026-01-28 23:40:01 INFO  Listeners - Test PassedA_testMenu
2026-01-28 23:40:01 INFO  BasePage - Ending of click method
2026-01-28 23:40:01 INFO  BasePage - Ending of clickOnImageButton method
2026-01-28 23:40:01 INFO  BaseTest - Ending of setup method
2026-01-28 23:40:01 INFO  Listeners - Test Started  : A_testUploadImages
2026-01-28 23:40:01 INFO  BaseTest - Starting of testUploadImages method
2026-01-28 23:40:01 INFO  BasePage - Starting of uploadImage method
2026-01-28 23:40:01 INFO  BasePage - Starting of sendKeys method
2026-01-28 23:40:01 INFO  BasePage - Ending of sendKeys method
2026-01-28 23:40:01 INFO  BasePage - Ending of uploadImage method
2026-01-28 23:40:03 INFO  BaseTest - Starting of setup method
2026-01-28 23:40:03 INFO  BasePage - Starting of clickOnUploadButton method
2026-01-28 23:40:03 INFO  BasePage - Starting of click method
2026-01-28 23:40:03 INFO  BasePage - Ending of click method
2026-01-28 23:40:03 INFO  BasePage - Ending of clickOnUploadButton method
2026-01-28 23:40:03 INFO  BasePage - Starting of getImageLabel method
2026-01-28 23:40:03 INFO  BasePage - Ending of getImageLabel method
2026-01-28 23:40:03 INFO  BasePage - Starting of getText method
2026-01-28 23:40:03 INFO  BasePage - Ending of getText method
2026-01-28 23:40:03 INFO  BaseTest - Ending of testUploadImages method
2026-01-28 23:40:03 INFO  Listeners - Test PassedA_testUploadImages
2026-01-28 23:40:07 INFO  BasePage - Starting of IframePage constructor
2026-01-28 23:40:07 INFO  BasePage - Ending of IframePage constructor
2026-01-28 23:40:07 INFO  BasePage - Starting of HomePage constructor
2026-01-28 23:40:07 INFO  BasePage - Ending of HomePage constructor
2026-01-28 23:40:07 INFO  BasePage - Starting of LoginPage constructor
2026-01-28 23:40:07 INFO  BasePage - Ending of LoginPage constructor
2026-01-28 23:40:08 INFO  BasePage - Starting of enterEmail method
2026-01-28 23:40:08 INFO  BasePage - Starting of sendKeys method
2026-01-28 23:40:08 INFO  BasePage - Ending of sendKeys method
2026-01-28 23:40:08 INFO  BasePage - Ending of enterEmail method
2026-01-28 23:40:08 INFO  BasePage - Starting of enterPassword method
2026-01-28 23:40:08 INFO  BasePage - Starting of sendKeys method
2026-01-28 23:40:08 INFO  BasePage - Ending of sendKeys method
2026-01-28 23:40:08 INFO  BasePage - Ending of enterPassword method
2026-01-28 23:40:08 INFO  BasePage - Starting of clickOnRememberMe method
2026-01-28 23:40:08 INFO  BasePage - Starting of click method
2026-01-28 23:40:08 INFO  BasePage - Ending of click method
2026-01-28 23:40:08 INFO  BasePage - Ending of clickOnRememberMe method
2026-01-28 23:40:08 INFO  BasePage - Starting of clickOnLoginButton method
2026-01-28 23:40:08 INFO  BasePage - Starting of click method
2026-01-28 23:40:08 INFO  BasePage - Ending of click method
2026-01-28 23:40:08 INFO  BasePage - Ending of clickOnLoginButton method
2026-01-28 23:40:08 INFO  BasePage - Starting of clickOnMoreButton method
2026-01-28 23:40:09 INFO  BasePage - Ending of clickOnMoreButton method
2026-01-28 23:40:12 INFO  BasePage - Starting of clickOnMenuButton method
2026-01-28 23:40:12 INFO  BasePage - Starting of click method
2026-01-28 23:40:12 INFO  BasePage - Ending of click method
2026-01-28 23:40:12 INFO  BasePage - Ending of clickOnMenuButton method
2026-01-28 23:40:12 INFO  BasePage - Starting of clickOnIframeButton method
2026-01-28 23:40:12 INFO  BasePage - Starting of click method
2026-01-28 23:40:13 INFO  BasePage - Ending of click method
2026-01-28 23:40:13 INFO  BasePage - Ending of clickOnIframeButton method
2026-01-28 23:40:13 INFO  BaseTest - Ending of setup method
2026-01-28 23:40:13 INFO  Listeners - Test Started  : A_testIframe
2026-01-28 23:40:13 INFO  BaseTest - Starting of testIframe method
2026-01-28 23:40:13 INFO  BasePage - Starting of getFrameOneText method
2026-01-28 23:40:13 INFO  BasePage - Ending of getFrameOneText method
2026-01-28 23:40:13 INFO  BasePage - Starting of getText method
2026-01-28 23:40:13 INFO  BasePage - Ending of getText method
2026-01-28 23:40:13 INFO  BasePage - Starting of getFrameTwoText method
2026-01-28 23:40:13 INFO  BasePage - Ending of getFrameTwoText method
2026-01-28 23:40:13 INFO  BasePage - Starting of getText method
2026-01-28 23:40:13 INFO  BasePage - Ending of getText method
2026-01-28 23:40:13 INFO  BasePage - Starting of getWelcomeToJalaAcademyText method
2026-01-28 23:40:13 INFO  BasePage - Ending of getWelcomeToJalaAcademyText method
2026-01-28 23:40:13 INFO  BasePage - Starting of getText method
2026-01-28 23:40:13 INFO  BasePage - Ending of getText method
2026-01-28 23:40:13 INFO  BaseTest - Ending of testIframe method
2026-01-28 23:40:13 INFO  Listeners - Test PassedA_testIframe
2026-01-28 23:40:14 INFO  BaseTest - Starting of setup method
2026-01-28 23:40:18 INFO  BasePage - Starting of ImagesPage constructor
2026-01-28 23:40:18 INFO  BasePage - Ending of ImagesPage constructor
2026-01-28 23:40:18 INFO  BasePage - Starting of HomePage constructor
2026-01-28 23:40:18 INFO  BasePage - Ending of HomePage constructor
2026-01-28 23:40:18 INFO  BasePage - Starting of LoginPage constructor
2026-01-28 23:40:18 INFO  BasePage - Ending of LoginPage constructor
2026-01-28 23:40:19 INFO  BasePage - Starting of enterEmail method
2026-01-28 23:40:19 INFO  BasePage - Starting of sendKeys method
2026-01-28 23:40:19 INFO  BasePage - Ending of sendKeys method
2026-01-28 23:40:19 INFO  BasePage - Ending of enterEmail method
2026-01-28 23:40:19 INFO  BasePage - Starting of enterPassword method
2026-01-28 23:40:19 INFO  BasePage - Starting of sendKeys method
2026-01-28 23:40:19 INFO  BasePage - Ending of sendKeys method
2026-01-28 23:40:19 INFO  BasePage - Ending of enterPassword method
2026-01-28 23:40:19 INFO  BasePage - Starting of clickOnRememberMe method
2026-01-28 23:40:19 INFO  BasePage - Starting of click method
2026-01-28 23:40:19 INFO  BasePage - Ending of click method
2026-01-28 23:40:19 INFO  BasePage - Ending of clickOnRememberMe method
2026-01-28 23:40:19 INFO  BasePage - Starting of clickOnLoginButton method
2026-01-28 23:40:19 INFO  BasePage - Starting of click method
2026-01-28 23:40:19 INFO  BasePage - Ending of click method
2026-01-28 23:40:19 INFO  BasePage - Ending of clickOnLoginButton method
2026-01-28 23:40:19 INFO  BasePage - Starting of clickOnMoreButton method
2026-01-28 23:40:19 INFO  BasePage - Ending of clickOnMoreButton method
2026-01-28 23:40:22 INFO  BasePage - Starting of clickOnImageButton method
2026-01-28 23:40:22 INFO  BasePage - Starting of click method
2026-01-28 23:40:23 INFO  BasePage - Ending of click method
2026-01-28 23:40:23 INFO  BasePage - Ending of clickOnImageButton method
2026-01-28 23:40:23 INFO  BaseTest - Ending of setup method
2026-01-28 23:40:23 INFO  Listeners - Test Started  : A_testUploadImages
2026-01-28 23:40:23 INFO  BaseTest - Starting of testUploadImages method
2026-01-28 23:40:23 INFO  BasePage - Starting of uploadImage method
2026-01-28 23:40:23 INFO  BasePage - Starting of sendKeys method
2026-01-28 23:40:23 INFO  BasePage - Ending of sendKeys method
2026-01-28 23:40:23 INFO  BasePage - Ending of uploadImage method
2026-01-28 23:40:25 INFO  BasePage - Starting of clickOnUploadButton method
2026-01-28 23:40:25 INFO  BasePage - Starting of click method
2026-01-28 23:40:25 INFO  BasePage - Ending of click method
2026-01-28 23:40:25 INFO  BasePage - Ending of clickOnUploadButton method
2026-01-28 23:40:25 INFO  BasePage - Starting of getImageLabel method
2026-01-28 23:40:25 INFO  BasePage - Ending of getImageLabel method
2026-01-28 23:40:25 INFO  BasePage - Starting of getText method
2026-01-28 23:40:25 INFO  BasePage - Ending of getText method
2026-01-28 23:40:25 INFO  BaseTest - Ending of testUploadImages method
2026-01-28 23:40:25 INFO  Listeners - Test PassedA_testUploadImages
2026-01-28 23:43:26 INFO  BaseTest - Starting of setup method
2026-01-28 23:43:26 INFO  BaseTest - Starting of setup method
2026-01-28 23:43:28 INFO  BasePage - Starting of LoginPage constructor
2026-01-28 23:43:28 INFO  BasePage - Ending of LoginPage constructor
2026-01-28 23:43:30 INFO  BaseTest - Ending of setup method
2026-01-28 23:43:30 INFO  Listeners - Test Started  : A_TestInvaildLogin
2026-01-28 23:43:30 INFO  BaseTest - Starting of TestInvaildLogin method
2026-01-28 23:43:30 INFO  BasePage - Starting of enterEmail method
2026-01-28 23:43:30 INFO  BasePage - Starting of sendKeys method
2026-01-28 23:43:30 INFO  BasePage - Ending of sendKeys method
2026-01-28 23:43:30 INFO  BasePage - Ending of enterEmail method
2026-01-28 23:43:30 INFO  BasePage - Starting of enterPassword method
2026-01-28 23:43:30 INFO  BasePage - Starting of sendKeys method
2026-01-28 23:43:30 INFO  BasePage - Ending of sendKeys method
2026-01-28 23:43:30 INFO  BasePage - Ending of enterPassword method
2026-01-28 23:43:30 INFO  BasePage - Starting of clickOnRememberMe method
2026-01-28 23:43:30 INFO  BasePage - Starting of click method
2026-01-28 23:43:30 INFO  BasePage - Ending of click method
2026-01-28 23:43:30 INFO  BasePage - Ending of clickOnRememberMe method
2026-01-28 23:43:30 INFO  BasePage - Starting of clickOnLoginButton method
2026-01-28 23:43:30 INFO  BasePage - Starting of click method
2026-01-28 23:43:30 INFO  BasePage - Ending of click method
2026-01-28 23:43:30 INFO  BasePage - Ending of clickOnLoginButton method
2026-01-28 23:43:30 INFO  BaseTest - Ending of TestInvaildLogin method
2026-01-28 23:43:30 INFO  Listeners - Test PassedA_TestInvaildLogin
2026-01-28 23:43:31 INFO  Listeners - Test Started  : B_TestInvaildLogin2
2026-01-28 23:43:31 INFO  BaseTest - Starting of TestInvaildLogin2 method
2026-01-28 23:43:31 INFO  BasePage - Starting of enterEmail method
2026-01-28 23:43:31 INFO  BasePage - Starting of sendKeys method
2026-01-28 23:43:31 INFO  BasePage - Ending of sendKeys method
2026-01-28 23:43:31 INFO  BasePage - Ending of enterEmail method
2026-01-28 23:43:31 INFO  BasePage - Starting of enterPassword method
2026-01-28 23:43:31 INFO  BasePage - Starting of sendKeys method
2026-01-28 23:43:31 INFO  BasePage - Ending of sendKeys method
2026-01-28 23:43:31 INFO  BasePage - Ending of enterPassword method
2026-01-28 23:43:31 INFO  BasePage - Starting of clickOnRememberMe method
2026-01-28 23:43:31 INFO  BasePage - Starting of click method
2026-01-28 23:43:31 INFO  BasePage - Ending of click method
2026-01-28 23:43:31 INFO  BasePage - Ending of clickOnRememberMe method
2026-01-28 23:43:31 INFO  BasePage - Starting of clickOnLoginButton method
2026-01-28 23:43:31 INFO  BasePage - Starting of click method
2026-01-28 23:43:31 INFO  BasePage - Ending of click method
2026-01-28 23:43:31 INFO  BasePage - Ending of clickOnLoginButton method
2026-01-28 23:43:31 INFO  BaseTest - Ending of TestInvaildLogin2 method
2026-01-28 23:43:31 INFO  Listeners - Test PassedB_TestInvaildLogin2
2026-01-28 23:43:31 INFO  Listeners - Test Started  : C_TestInvaildLogin3
2026-01-28 23:43:31 INFO  BaseTest - Starting of TestInvaildLogin3 method
2026-01-28 23:43:31 INFO  BasePage - Starting of enterEmail method
2026-01-28 23:43:31 INFO  BasePage - Starting of sendKeys method
2026-01-28 23:43:32 INFO  BasePage - Ending of sendKeys method
2026-01-28 23:43:32 INFO  BasePage - Ending of enterEmail method
2026-01-28 23:43:32 INFO  BasePage - Starting of enterPassword method
2026-01-28 23:43:32 INFO  BasePage - Starting of sendKeys method
2026-01-28 23:43:32 INFO  BasePage - Ending of sendKeys method
2026-01-28 23:43:32 INFO  BasePage - Ending of enterPassword method
2026-01-28 23:43:32 INFO  BasePage - Starting of clickOnRememberMe method
2026-01-28 23:43:32 INFO  BasePage - Starting of click method
2026-01-28 23:43:32 INFO  BasePage - Ending of click method
2026-01-28 23:43:32 INFO  BasePage - Ending of clickOnRememberMe method
2026-01-28 23:43:32 INFO  BasePage - Starting of clickOnLoginButton method
2026-01-28 23:43:32 INFO  BasePage - Starting of click method
2026-01-28 23:43:32 INFO  BasePage - Ending of click method
2026-01-28 23:43:32 INFO  BasePage - Ending of clickOnLoginButton method
2026-01-28 23:43:32 INFO  BaseTest - Ending of TestInvaildLogin3 method
2026-01-28 23:43:32 INFO  Listeners - Test PassedC_TestInvaildLogin3
2026-01-28 23:43:32 INFO  Listeners - Test Started  : D_testVaildLogin4
2026-01-28 23:43:32 INFO  BaseTest - Starting of testVaildLogin4 method
2026-01-28 23:43:32 INFO  BasePage - Starting of enterEmail method
2026-01-28 23:43:32 INFO  BasePage - Starting of sendKeys method
2026-01-28 23:43:32 INFO  BasePage - Ending of sendKeys method
2026-01-28 23:43:32 INFO  BasePage - Ending of enterEmail method
2026-01-28 23:43:32 INFO  BasePage - Starting of enterPassword method
2026-01-28 23:43:32 INFO  BasePage - Starting of sendKeys method
2026-01-28 23:43:32 INFO  BasePage - Ending of sendKeys method
2026-01-28 23:43:32 INFO  BasePage - Ending of enterPassword method
2026-01-28 23:43:32 INFO  BasePage - Starting of clickOnRememberMe method
2026-01-28 23:43:32 INFO  BasePage - Starting of click method
2026-01-28 23:43:32 INFO  BasePage - Ending of click method
2026-01-28 23:43:32 INFO  BasePage - Ending of clickOnRememberMe method
2026-01-28 23:43:32 INFO  BasePage - Starting of clickOnLoginButton method
2026-01-28 23:43:32 INFO  BasePage - Starting of click method
2026-01-28 23:43:33 INFO  BasePage - Ending of click method
2026-01-28 23:43:33 INFO  BasePage - Ending of clickOnLoginButton method
2026-01-28 23:43:33 INFO  BaseTest - Ending of testVaildLogin4 method
2026-01-28 23:43:33 INFO  Listeners - Test PassedD_testVaildLogin4
2026-01-28 23:43:33 INFO  BaseTest - Starting of setup method
2026-01-28 23:43:33 INFO  BasePage - Starting of LoginPage constructor
2026-01-28 23:43:33 INFO  BasePage - Ending of LoginPage constructor
2026-01-28 23:43:34 INFO  BasePage - Starting of EmployeeDetails constructor
2026-01-28 23:43:34 INFO  BaseTest - Ending of setup method
2026-01-28 23:43:34 INFO  BasePage - Ending of EmployeeDetails constructor
2026-01-28 23:43:34 INFO  BasePage - Starting of LoginPage constructor
2026-01-28 23:43:34 INFO  BasePage - Ending of LoginPage constructor
2026-01-28 23:43:34 INFO  Listeners - Test Started  : A_TestInvaildLogin
2026-01-28 23:43:34 INFO  BaseTest - Starting of TestInvaildLogin method
2026-01-28 23:43:34 INFO  BasePage - Starting of enterEmail method
2026-01-28 23:43:34 INFO  BasePage - Starting of sendKeys method
2026-01-28 23:43:35 INFO  BasePage - Ending of sendKeys method
2026-01-28 23:43:35 INFO  BasePage - Ending of enterEmail method
2026-01-28 23:43:35 INFO  BasePage - Starting of enterPassword method
2026-01-28 23:43:35 INFO  BasePage - Starting of sendKeys method
2026-01-28 23:43:35 INFO  BasePage - Ending of sendKeys method
2026-01-28 23:43:35 INFO  BasePage - Ending of enterPassword method
2026-01-28 23:43:35 INFO  BasePage - Starting of clickOnRememberMe method
2026-01-28 23:43:35 INFO  BasePage - Starting of click method
2026-01-28 23:43:35 INFO  BasePage - Ending of click method
2026-01-28 23:43:35 INFO  BasePage - Ending of clickOnRememberMe method
2026-01-28 23:43:35 INFO  BasePage - Starting of clickOnLoginButton method
2026-01-28 23:43:35 INFO  BasePage - Starting of click method
2026-01-28 23:43:35 INFO  BasePage - Ending of click method
2026-01-28 23:43:35 INFO  BasePage - Ending of clickOnLoginButton method
2026-01-28 23:43:35 INFO  BaseTest - Ending of TestInvaildLogin method
2026-01-28 23:43:35 INFO  Listeners - Test PassedA_TestInvaildLogin
2026-01-28 23:43:35 INFO  Listeners - Test Started  : B_TestInvaildLogin2
2026-01-28 23:43:35 INFO  BaseTest - Starting of TestInvaildLogin2 method
2026-01-28 23:43:35 INFO  BasePage - Starting of enterEmail method
2026-01-28 23:43:35 INFO  BasePage - Starting of sendKeys method
2026-01-28 23:43:35 INFO  BasePage - Ending of sendKeys method
2026-01-28 23:43:35 INFO  BasePage - Ending of enterEmail method
2026-01-28 23:43:35 INFO  BasePage - Starting of enterPassword method
2026-01-28 23:43:35 INFO  BasePage - Starting of sendKeys method
2026-01-28 23:43:36 INFO  BasePage - Ending of sendKeys method
2026-01-28 23:43:36 INFO  BasePage - Ending of enterPassword method
2026-01-28 23:43:36 INFO  BasePage - Starting of clickOnRememberMe method
2026-01-28 23:43:36 INFO  BasePage - Starting of click method
2026-01-28 23:43:36 INFO  BasePage - Starting of enterEmail method
2026-01-28 23:43:36 INFO  BasePage - Starting of sendKeys method
2026-01-28 23:43:36 INFO  BasePage - Ending of click method
2026-01-28 23:43:36 INFO  BasePage - Ending of clickOnRememberMe method
2026-01-28 23:43:36 INFO  BasePage - Starting of clickOnLoginButton method
2026-01-28 23:43:36 INFO  BasePage - Starting of click method
2026-01-28 23:43:36 INFO  BasePage - Ending of click method
2026-01-28 23:43:36 INFO  BasePage - Ending of clickOnLoginButton method
2026-01-28 23:43:36 INFO  BaseTest - Ending of TestInvaildLogin2 method
2026-01-28 23:43:36 INFO  Listeners - Test PassedB_TestInvaildLogin2
2026-01-28 23:43:36 INFO  Listeners - Test Started  : C_TestInvaildLogin3
2026-01-28 23:43:36 INFO  BaseTest - Starting of TestInvaildLogin3 method
2026-01-28 23:43:36 INFO  BasePage - Starting of enterEmail method
2026-01-28 23:43:36 INFO  BasePage - Starting of sendKeys method
2026-01-28 23:43:36 INFO  BasePage - Ending of sendKeys method
2026-01-28 23:43:36 INFO  BasePage - Ending of enterEmail method
2026-01-28 23:43:36 INFO  BasePage - Starting of enterPassword method
2026-01-28 23:43:36 INFO  BasePage - Starting of sendKeys method
2026-01-28 23:43:36 INFO  BasePage - Ending of sendKeys method
2026-01-28 23:43:36 INFO  BasePage - Ending of enterPassword method
2026-01-28 23:43:36 INFO  BasePage - Starting of clickOnRememberMe method
2026-01-28 23:43:36 INFO  BasePage - Starting of click method
2026-01-28 23:43:36 INFO  BasePage - Ending of click method
2026-01-28 23:43:36 INFO  BasePage - Ending of clickOnRememberMe method
2026-01-28 23:43:36 INFO  BasePage - Starting of clickOnLoginButton method
2026-01-28 23:43:36 INFO  BasePage - Starting of click method
2026-01-28 23:43:36 INFO  BasePage - Ending of sendKeys method
2026-01-28 23:43:36 INFO  BasePage - Ending of enterEmail method
2026-01-28 23:43:36 INFO  BasePage - Starting of enterPassword method
2026-01-28 23:43:36 INFO  BasePage - Starting of sendKeys method
2026-01-28 23:43:36 INFO  BasePage - Ending of click method
2026-01-28 23:43:36 INFO  BasePage - Ending of clickOnLoginButton method
2026-01-28 23:43:36 INFO  BaseTest - Ending of TestInvaildLogin3 method
2026-01-28 23:43:36 INFO  Listeners - Test PassedC_TestInvaildLogin3
2026-01-28 23:43:36 INFO  Listeners - Test Started  : D_testVaildLogin4
2026-01-28 23:43:36 INFO  BaseTest - Starting of testVaildLogin4 method
2026-01-28 23:43:36 INFO  BasePage - Starting of enterEmail method
2026-01-28 23:43:36 INFO  BasePage - Starting of sendKeys method
2026-01-28 23:43:36 INFO  BasePage - Ending of sendKeys method
2026-01-28 23:43:36 INFO  BasePage - Ending of enterPassword method
2026-01-28 23:43:36 INFO  BasePage - Starting of clickOnRememberMe method
2026-01-28 23:43:36 INFO  BasePage - Starting of click method
2026-01-28 23:43:36 INFO  BasePage - Ending of sendKeys method
2026-01-28 23:43:36 INFO  BasePage - Ending of enterEmail method
2026-01-28 23:43:36 INFO  BasePage - Starting of enterPassword method
2026-01-28 23:43:36 INFO  BasePage - Starting of sendKeys method
2026-01-28 23:43:37 INFO  BasePage - Ending of sendKeys method
2026-01-28 23:43:37 INFO  BasePage - Ending of enterPassword method
2026-01-28 23:43:37 INFO  BasePage - Starting of clickOnRememberMe method
2026-01-28 23:43:37 INFO  BasePage - Starting of click method
2026-01-28 23:43:37 INFO  BasePage - Ending of click method
2026-01-28 23:43:37 INFO  BasePage - Ending of clickOnRememberMe method
2026-01-28 23:43:37 INFO  BasePage - Starting of clickOnLoginButton method
2026-01-28 23:43:37 INFO  BasePage - Starting of click method
2026-01-28 23:43:37 INFO  BasePage - Ending of click method
2026-01-28 23:43:37 INFO  BasePage - Ending of clickOnRememberMe method
2026-01-28 23:43:37 INFO  BasePage - Starting of clickOnLoginButton method
2026-01-28 23:43:37 INFO  BasePage - Starting of click method
2026-01-28 23:43:37 INFO  BasePage - Ending of click method
2026-01-28 23:43:37 INFO  BasePage - Ending of clickOnLoginButton method
2026-01-28 23:43:37 INFO  BaseTest - Ending of setup method
2026-01-28 23:43:37 INFO  Listeners - Test Started  : A_testVaildEmployeeDetails
2026-01-28 23:43:37 INFO  BaseTest - Starting of testVaildEmployeeDetails method
2026-01-28 23:43:37 INFO  BasePage - Starting of getWelcomeToJalaAcademy method
2026-01-28 23:43:37 INFO  BasePage - Ending of getWelcomeToJalaAcademy method
2026-01-28 23:43:37 INFO  BasePage - Starting of getText method
2026-01-28 23:43:37 INFO  BasePage - Ending of getText method
2026-01-28 23:43:37 INFO  BasePage - Ending of click method
2026-01-28 23:43:37 INFO  BasePage - Ending of clickOnLoginButton method
2026-01-28 23:43:37 INFO  BaseTest - Ending of testVaildLogin4 method
2026-01-28 23:43:37 INFO  Listeners - Test PassedD_testVaildLogin4
2026-01-28 23:43:37 INFO  BasePage - Starting of clickOnEmployeeButton method
2026-01-28 23:43:39 INFO  BaseTest - Starting of setup method
2026-01-28 23:43:39 INFO  BasePage - Starting of click method
2026-01-28 23:43:39 INFO  BasePage - Ending of click method
2026-01-28 23:43:39 INFO  BasePage - Ending of clickOnEmployeeButton method
2026-01-28 23:43:39 INFO  BasePage - Starting of clickOnCreateButton method
2026-01-28 23:43:41 INFO  BasePage - Starting of click method
2026-01-28 23:43:42 INFO  BasePage - Ending of click method
2026-01-28 23:43:42 INFO  BasePage - Ending of clickOnCreateButton method
2026-01-28 23:43:42 INFO  BasePage - Starting of enterFirstName method
2026-01-28 23:43:42 INFO  BasePage - Starting of sendKeys method
2026-01-28 23:43:42 INFO  BasePage - Ending of sendKeys method
2026-01-28 23:43:42 INFO  BasePage - Ending of enterFirstName method
2026-01-28 23:43:42 INFO  BasePage - Starting of enterFirstName method
2026-01-28 23:43:42 INFO  BasePage - Starting of sendKeys method
2026-01-28 23:43:42 INFO  BasePage - Ending of sendKeys method
2026-01-28 23:43:42 INFO  BasePage - Ending of enterFirstName method
2026-01-28 23:43:42 INFO  BasePage - Starting of enterEmailId method
2026-01-28 23:43:42 INFO  BasePage - Starting of sendKeys method
2026-01-28 23:43:42 INFO  BasePage - Ending of sendKeys method
2026-01-28 23:43:42 INFO  BasePage - Ending of enterEmailId method
2026-01-28 23:43:42 INFO  BasePage - Starting of enterMobileNumber method
2026-01-28 23:43:42 INFO  BasePage - Starting of sendKeys method
2026-01-28 23:43:43 INFO  BasePage - Ending of sendKeys method
2026-01-28 23:43:43 INFO  BasePage - Ending of enterMobileNumber method
2026-01-28 23:43:43 INFO  BasePage - Starting of enterDateOfBirth method
2026-01-28 23:43:43 INFO  BasePage - Starting of sendKeys method
2026-01-28 23:43:43 INFO  BasePage - Ending of sendKeys method
2026-01-28 23:43:43 INFO  BasePage - Ending of enterDateOfBirth method
2026-01-28 23:43:43 INFO  BasePage - Starting of clickOnEmployeeButton method
2026-01-28 23:43:44 INFO  BasePage - Starting of EmployeeDetails constructor
2026-01-28 23:43:44 INFO  BasePage - Ending of EmployeeDetails constructor
2026-01-28 23:43:44 INFO  BasePage - Starting of LoginPage constructor
2026-01-28 23:43:44 INFO  BasePage - Ending of LoginPage constructor
2026-01-28 23:43:45 INFO  BasePage - Starting of click method
2026-01-28 23:43:45 INFO  BasePage - Ending of click method
2026-01-28 23:43:45 INFO  BasePage - Ending of clickOnEmployeeButton method
2026-01-28 23:43:45 INFO  BasePage - Starting of enterAddress method
2026-01-28 23:43:45 INFO  BasePage - Starting of sendKeys method
2026-01-28 23:43:45 INFO  BasePage - Starting of enterEmail method
2026-01-28 23:43:45 INFO  BasePage - Starting of sendKeys method
2026-01-28 23:43:45 INFO  BasePage - Ending of sendKeys method
2026-01-28 23:43:45 INFO  BasePage - Ending of enterAddress method
2026-01-28 23:43:45 INFO  BasePage - Starting of clickOnSelectCity method
2026-01-28 23:43:45 INFO  BasePage - Starting of click method
2026-01-28 23:43:45 INFO  BasePage - Ending of sendKeys method
2026-01-28 23:43:45 INFO  BasePage - Ending of enterEmail method
2026-01-28 23:43:45 INFO  BasePage - Starting of enterPassword method
2026-01-28 23:43:45 INFO  BasePage - Starting of sendKeys method
2026-01-28 23:43:45 INFO  BasePage - Ending of sendKeys method
2026-01-28 23:43:45 INFO  BasePage - Ending of enterPassword method
2026-01-28 23:43:45 INFO  BasePage - Starting of clickOnRememberMe method
2026-01-28 23:43:45 INFO  BasePage - Starting of click method
2026-01-28 23:43:45 INFO  BasePage - Ending of click method
2026-01-28 23:43:45 INFO  BasePage - Ending of clickOnRememberMe method
2026-01-28 23:43:45 INFO  BasePage - Starting of clickOnLoginButton method
2026-01-28 23:43:45 INFO  BasePage - Starting of click method
2026-01-28 23:43:46 INFO  BasePage - Ending of click method
2026-01-28 23:43:46 INFO  BasePage - Ending of clickOnLoginButton method
2026-01-28 23:43:46 INFO  BaseTest - Ending of setup method
2026-01-28 23:43:46 INFO  Listeners - Test Started  : A_testVaildEmployeeDetails
2026-01-28 23:43:46 INFO  BaseTest - Starting of testVaildEmployeeDetails method
2026-01-28 23:43:46 INFO  BasePage - Starting of getWelcomeToJalaAcademy method
2026-01-28 23:43:46 INFO  BasePage - Ending of getWelcomeToJalaAcademy method
2026-01-28 23:43:46 INFO  BasePage - Starting of getText method
2026-01-28 23:43:46 INFO  BasePage - Ending of getText method
2026-01-28 23:43:46 INFO  BasePage - Ending of click method
2026-01-28 23:43:46 INFO  BasePage - Ending of clickOnSelectCity method
2026-01-28 23:43:46 INFO  BasePage - Starting of clickOnIndia method
2026-01-28 23:43:46 INFO  BasePage - Starting of click method
2026-01-28 23:43:46 INFO  BasePage - Ending of click method
2026-01-28 23:43:46 INFO  BasePage - Ending of clickOnIndia method
2026-01-28 23:43:46 INFO  BasePage - Starting of clickOnEmployeeButton method
2026-01-28 23:43:48 INFO  BasePage - Starting of click method
2026-01-28 23:43:48 INFO  BasePage - Ending of click method
2026-01-28 23:43:48 INFO  BasePage - Ending of clickOnEmployeeButton method
2026-01-28 23:43:48 INFO  BasePage - Starting of clickOnCreateButton method
2026-01-28 23:43:49 INFO  BasePage - Starting of clickOnSelectCity method
2026-01-28 23:43:49 INFO  BasePage - Starting of click method
2026-01-28 23:43:49 INFO  BasePage - Ending of click method
2026-01-28 23:43:49 INFO  BasePage - Ending of clickOnSelectCity method
2026-01-28 23:43:49 INFO  BasePage - Starting of clickOnHyderabad method
2026-01-28 23:43:49 INFO  BasePage - Starting of click method
2026-01-28 23:43:49 INFO  BasePage - Ending of click method
2026-01-28 23:43:49 INFO  BasePage - Ending of clickOnHyderabad method
2026-01-28 23:43:49 INFO  BasePage - Starting of clickOnQaAutomation method
2026-01-28 23:43:49 INFO  BasePage - Starting of click method
2026-01-28 23:43:49 INFO  BasePage - Ending of click method
2026-01-28 23:43:49 INFO  BasePage - Ending of clickOnQaAutomation method
2026-01-28 23:43:49 INFO  BasePage - Starting of clickOnIndia method
2026-01-28 23:43:49 INFO  BasePage - Starting of click method
2026-01-28 23:43:49 INFO  BasePage - Ending of click method
2026-01-28 23:43:49 INFO  BasePage - Ending of clickOnIndia method
2026-01-28 23:43:49 INFO  BaseTest - Ending of testVaildEmployeeDetails method
2026-01-28 23:43:49 INFO  Listeners - Test PassedA_testVaildEmployeeDetails
2026-01-28 23:43:50 INFO  BaseTest - Starting of setup method
2026-01-28 23:43:50 INFO  BasePage - Starting of click method
2026-01-28 23:43:51 INFO  BasePage - Ending of click method
2026-01-28 23:43:51 INFO  BasePage - Ending of clickOnCreateButton method
2026-01-28 23:43:51 INFO  BasePage - Starting of enterFirstName method
2026-01-28 23:43:51 INFO  BasePage - Starting of sendKeys method
2026-01-28 23:43:51 INFO  BasePage - Ending of sendKeys method
2026-01-28 23:43:51 INFO  BasePage - Ending of enterFirstName method
2026-01-28 23:43:51 INFO  BasePage - Starting of enterFirstName method
2026-01-28 23:43:51 INFO  BasePage - Starting of sendKeys method
2026-01-28 23:43:51 INFO  BasePage - Ending of sendKeys method
2026-01-28 23:43:51 INFO  BasePage - Ending of enterFirstName method
2026-01-28 23:43:51 INFO  BasePage - Starting of enterEmailId method
2026-01-28 23:43:51 INFO  BasePage - Starting of sendKeys method
2026-01-28 23:43:51 INFO  BasePage - Ending of sendKeys method
2026-01-28 23:43:51 INFO  BasePage - Ending of enterEmailId method
2026-01-28 23:43:51 INFO  BasePage - Starting of enterMobileNumber method
2026-01-28 23:43:51 INFO  BasePage - Starting of sendKeys method
2026-01-28 23:43:51 INFO  BasePage - Starting of LoginPage constructor
2026-01-28 23:43:51 INFO  BasePage - Ending of LoginPage constructor
2026-01-28 23:43:51 INFO  BasePage - Starting of EmployeeDetails constructor
2026-01-28 23:43:51 INFO  BasePage - Ending of EmployeeDetails constructor
2026-01-28 23:43:51 INFO  BasePage - Starting of SearchEmployee method
2026-01-28 23:43:51 INFO  BasePage - Ending of SearchEmployee method
2026-01-28 23:43:51 INFO  BasePage - Ending of sendKeys method
2026-01-28 23:43:51 INFO  BasePage - Ending of enterMobileNumber method
2026-01-28 23:43:51 INFO  BasePage - Starting of enterDateOfBirth method
2026-01-28 23:43:51 INFO  BasePage - Starting of sendKeys method
2026-01-28 23:43:52 INFO  BasePage - Ending of sendKeys method
2026-01-28 23:43:52 INFO  BasePage - Ending of enterDateOfBirth method
2026-01-28 23:43:52 INFO  BasePage - Starting of clickOnEmployeeButton method
2026-01-28 23:43:52 INFO  BasePage - Starting of enterEmail method
2026-01-28 23:43:52 INFO  BasePage - Starting of sendKeys method
2026-01-28 23:43:53 INFO  BasePage - Ending of sendKeys method
2026-01-28 23:43:53 INFO  BasePage - Ending of enterEmail method
2026-01-28 23:43:53 INFO  BasePage - Starting of enterPassword method
2026-01-28 23:43:53 INFO  BasePage - Starting of sendKeys method
2026-01-28 23:43:53 INFO  BasePage - Ending of sendKeys method
2026-01-28 23:43:53 INFO  BasePage - Ending of enterPassword method
2026-01-28 23:43:53 INFO  BasePage - Starting of clickOnRememberMe method
2026-01-28 23:43:53 INFO  BasePage - Starting of click method
2026-01-28 23:43:53 INFO  BasePage - Ending of click method
2026-01-28 23:43:53 INFO  BasePage - Ending of clickOnRememberMe method
2026-01-28 23:43:53 INFO  BasePage - Starting of clickOnLoginButton method
2026-01-28 23:43:53 INFO  BasePage - Starting of click method
2026-01-28 23:43:53 INFO  BasePage - Ending of click method
2026-01-28 23:43:53 INFO  BasePage - Ending of clickOnLoginButton method
2026-01-28 23:43:53 INFO  BasePage - Starting of clickOnEmployeeButton method
2026-01-28 23:43:54 INFO  BasePage - Starting of click method
2026-01-28 23:43:54 INFO  BasePage - Ending of click method
2026-01-28 23:43:54 INFO  BasePage - Ending of clickOnEmployeeButton method
2026-01-28 23:43:54 INFO  BasePage - Starting of enterAddress method
2026-01-28 23:43:54 INFO  BasePage - Starting of sendKeys method
2026-01-28 23:43:54 INFO  BasePage - Ending of sendKeys method
2026-01-28 23:43:54 INFO  BasePage - Ending of enterAddress method
2026-01-28 23:43:54 INFO  BasePage - Starting of clickOnSelectCity method
2026-01-28 23:43:54 INFO  BasePage - Starting of click method
2026-01-28 23:43:55 INFO  BasePage - Ending of click method
2026-01-28 23:43:55 INFO  BasePage - Ending of clickOnSelectCity method
2026-01-28 23:43:55 INFO  BasePage - Starting of clickOnIndia method
2026-01-28 23:43:55 INFO  BasePage - Starting of click method
2026-01-28 23:43:55 INFO  BasePage - Ending of click method
2026-01-28 23:43:55 INFO  BasePage - Ending of clickOnIndia method
2026-01-28 23:43:55 INFO  BasePage - Starting of click method
2026-01-28 23:43:55 INFO  BasePage - Ending of click method
2026-01-28 23:43:55 INFO  BasePage - Ending of clickOnEmployeeButton method
2026-01-28 23:43:55 INFO  BaseTest - Ending of setup method
2026-01-28 23:43:55 INFO  Listeners - Test Started  : A_testSearchEmployee
2026-01-28 23:43:55 INFO  BaseTest - Starting of testSearchEmployee method
2026-01-28 23:43:58 INFO  BasePage - Starting of clickOnSelectCity method
2026-01-28 23:43:58 INFO  BasePage - Starting of click method
2026-01-28 23:43:58 INFO  BasePage - Ending of click method
2026-01-28 23:43:58 INFO  BasePage - Ending of clickOnSelectCity method
2026-01-28 23:43:58 INFO  BasePage - Starting of clickOnHyderabad method
2026-01-28 23:43:58 INFO  BasePage - Starting of click method
2026-01-28 23:43:58 INFO  BasePage - Ending of click method
2026-01-28 23:43:58 INFO  BasePage - Ending of clickOnHyderabad method
2026-01-28 23:43:58 INFO  BasePage - Starting of clickOnQaAutomation method
2026-01-28 23:43:58 INFO  BasePage - Starting of click method
2026-01-28 23:43:58 INFO  BasePage - Ending of click method
2026-01-28 23:43:58 INFO  BasePage - Ending of clickOnQaAutomation method
2026-01-28 23:43:58 INFO  BasePage - Starting of clickOnIndia method
2026-01-28 23:43:58 INFO  BasePage - Starting of click method
2026-01-28 23:43:58 INFO  BasePage - Ending of click method
2026-01-28 23:43:58 INFO  BasePage - Ending of clickOnIndia method
2026-01-28 23:43:58 INFO  BaseTest - Ending of testVaildEmployeeDetails method
2026-01-28 23:43:58 INFO  Listeners - Test PassedA_testVaildEmployeeDetails
2026-01-28 23:43:58 INFO  BasePage - Starting of clickOnSearch method
2026-01-28 23:43:58 INFO  BasePage - Starting of click method
2026-01-28 23:44:00 INFO  BasePage - Ending of click method
2026-01-28 23:44:00 INFO  BasePage - Ending of clickOnSearch method
2026-01-28 23:44:00 INFO  BasePage - Starting of enterEmployeeName method
2026-01-28 23:44:00 INFO  BasePage - Starting of sendKeys method
2026-01-28 23:44:00 INFO  BasePage - Ending of sendKeys method
2026-01-28 23:44:00 INFO  BasePage - Ending of enterEmployeeName method
2026-01-28 23:44:00 INFO  BasePage - Starting of enterPassword method
2026-01-28 23:44:00 INFO  BasePage - Starting of sendKeys method
2026-01-28 23:44:00 INFO  BasePage - Ending of sendKeys method
2026-01-28 23:44:00 INFO  BasePage - Ending of enterPassword method
2026-01-28 23:44:00 INFO  BasePage - Starting of clickOnSearch1 method
2026-01-28 23:44:00 INFO  BasePage - Starting of click method
2026-01-28 23:44:00 INFO  BasePage - Ending of click method
2026-01-28 23:44:00 INFO  BasePage - Ending of setup method
2026-01-28 23:44:00 INFO  BaseTest - Starting of setup method
2026-01-28 23:44:03 INFO  BaseTest - Ending of testSearchEmployee method
2026-01-28 23:44:03 INFO  Listeners - Test PassedA_testSearchEmployee
2026-01-28 23:44:04 INFO  BaseTest - Starting of setup method
2026-01-28 23:44:05 INFO  BasePage - Starting of MenuPage constructor
2026-01-28 23:44:05 INFO  BasePage - Ending of MenuPage constructor
2026-01-28 23:44:05 INFO  BasePage - Starting of HomePage constructor
2026-01-28 23:44:05 INFO  BasePage - Ending of HomePage constructor
2026-01-28 23:44:05 INFO  BasePage - Starting of LoginPage constructor
2026-01-28 23:44:05 INFO  BasePage - Ending of LoginPage constructor
2026-01-28 23:44:06 INFO  BasePage - Starting of enterEmail method
2026-01-28 23:44:06 INFO  BasePage - Starting of sendKeys method
2026-01-28 23:44:06 INFO  BasePage - Ending of sendKeys method
2026-01-28 23:44:06 INFO  BasePage - Ending of enterEmail method
2026-01-28 23:44:06 INFO  BasePage - Starting of enterPassword method
2026-01-28 23:44:06 INFO  BasePage - Starting of sendKeys method
2026-01-28 23:44:06 INFO  BasePage - Ending of sendKeys method
2026-01-28 23:44:06 INFO  BasePage - Ending of enterPassword method
2026-01-28 23:44:06 INFO  BasePage - Starting of clickOnRememberMe method
2026-01-28 23:44:06 INFO  BasePage - Starting of click method
2026-01-28 23:44:06 INFO  BasePage - Ending of click method
2026-01-28 23:44:06 INFO  BasePage - Ending of clickOnRememberMe method
2026-01-28 23:44:06 INFO  BasePage - Starting of clickOnLoginButton method
2026-01-28 23:44:06 INFO  BasePage - Starting of click method
2026-01-28 23:44:07 INFO  BasePage - Ending of click method
2026-01-28 23:44:07 INFO  BasePage - Ending of clickOnLoginButton method
2026-01-28 23:44:07 INFO  BasePage - Starting of clickOnMoreButton method
2026-01-28 23:44:07 INFO  BasePage - Ending of clickOnMoreButton method
2026-01-28 23:44:08 INFO  BasePage - Starting of LoginPage constructor
2026-01-28 23:44:08 INFO  BasePage - Ending of LoginPage constructor
2026-01-28 23:44:08 INFO  BasePage - Starting of EmployeeDetails constructor
2026-01-28 23:44:08 INFO  BasePage - Ending of EmployeeDetails constructor
2026-01-28 23:44:08 INFO  BasePage - Starting of SearchEmployee method
2026-01-28 23:44:08 INFO  BasePage - Ending of SearchEmployee method
2026-01-28 23:44:09 INFO  BasePage - Starting of enterEmail method
2026-01-28 23:44:09 INFO  BasePage - Starting of sendKeys method
2026-01-28 23:44:09 INFO  BasePage - Ending of sendKeys method
2026-01-28 23:44:09 INFO  BasePage - Ending of enterEmail method
2026-01-28 23:44:09 INFO  BasePage - Starting of enterPassword method
2026-01-28 23:44:09 INFO  BasePage - Starting of sendKeys method
2026-01-28 23:44:09 INFO  BasePage - Ending of sendKeys method
2026-01-28 23:44:09 INFO  BasePage - Ending of enterPassword method
2026-01-28 23:44:09 INFO  BasePage - Starting of clickOnRememberMe method
2026-01-28 23:44:09 INFO  BasePage - Starting of click method
2026-01-28 23:44:09 INFO  BasePage - Ending of click method
2026-01-28 23:44:09 INFO  BasePage - Ending of clickOnRememberMe method
2026-01-28 23:44:09 INFO  BasePage - Starting of clickOnLoginButton method
2026-01-28 23:44:09 INFO  BasePage - Starting of click method
2026-01-28 23:44:10 INFO  BasePage - Ending of click method
2026-01-28 23:44:10 INFO  BasePage - Ending of clickOnLoginButton method
2026-01-28 23:44:10 INFO  BasePage - Starting of clickOnEmployeeButton method
2026-01-28 23:44:10 INFO  BasePage - Starting of clickOnMenuButton method
2026-01-28 23:44:10 INFO  BasePage - Starting of click method
2026-01-28 23:44:10 INFO  BasePage - Ending of click method
2026-01-28 23:44:10 INFO  BasePage - Ending of clickOnMenuButton method
2026-01-28 23:44:10 INFO  BaseTest - Ending of setup method
2026-01-28 23:44:11 INFO  Listeners - Test Started  : A_testMenu
2026-01-28 23:44:11 INFO  BaseTest - Starting of testMenu method
2026-01-28 23:44:11 INFO  BasePage - Starting of clickOnSubMenuButton method
2026-01-28 23:44:11 INFO  BasePage - Starting of click method
2026-01-28 23:44:11 INFO  BasePage - Ending of click method
2026-01-28 23:44:11 INFO  BasePage - Ending of clickOnSubMenuButton method
2026-01-28 23:44:11 INFO  BaseTest - Ending of testMenu method
2026-01-28 23:44:11 INFO  Listeners - Test PassedA_testMenu
2026-01-28 23:44:11 INFO  BaseTest - Starting of setup method
2026-01-28 23:44:12 INFO  BasePage - Starting of click method
2026-01-28 23:44:12 INFO  BasePage - Ending of click method
2026-01-28 23:44:12 INFO  BasePage - Ending of clickOnEmployeeButton method
2026-01-28 23:44:12 INFO  BaseTest - Ending of setup method
2026-01-28 23:44:12 INFO  Listeners - Test Started  : A_testSearchEmployee
2026-01-28 23:44:12 INFO  BaseTest - Starting of testSearchEmployee method
2026-01-28 23:44:12 INFO  BasePage - Starting of IframePage constructor
2026-01-28 23:44:12 INFO  BasePage - Ending of IframePage constructor
2026-01-28 23:44:12 INFO  BasePage - Starting of HomePage constructor
2026-01-28 23:44:12 INFO  BasePage - Ending of HomePage constructor
2026-01-28 23:44:12 INFO  BasePage - Starting of LoginPage constructor
2026-01-28 23:44:12 INFO  BasePage - Ending of LoginPage constructor
2026-01-28 23:44:13 INFO  BasePage - Starting of enterEmail method
2026-01-28 23:44:13 INFO  BasePage - Starting of sendKeys method
2026-01-28 23:44:13 INFO  BasePage - Ending of sendKeys method
2026-01-28 23:44:13 INFO  BasePage - Ending of enterEmail method
2026-01-28 23:44:13 INFO  BasePage - Starting of enterPassword method
2026-01-28 23:44:13 INFO  BasePage - Starting of sendKeys method
2026-01-28 23:44:14 INFO  BasePage - Ending of sendKeys method
2026-01-28 23:44:14 INFO  BasePage - Ending of enterPassword method
2026-01-28 23:44:14 INFO  BasePage - Starting of clickOnRememberMe method
2026-01-28 23:44:14 INFO  BasePage - Starting of click method
2026-01-28 23:44:14 INFO  BasePage - Ending of click method
2026-01-28 23:44:14 INFO  BasePage - Ending of clickOnRememberMe method
2026-01-28 23:44:14 INFO  BasePage - Starting of clickOnLoginButton method
2026-01-28 23:44:14 INFO  BasePage - Starting of click method
2026-01-28 23:44:14 INFO  BasePage - Ending of click method
2026-01-28 23:44:14 INFO  BasePage - Ending of clickOnLoginButton method
2026-01-28 23:44:14 INFO  BasePage - Starting of clickOnMoreButton method
2026-01-28 23:44:15 INFO  BasePage - Ending of clickOnMoreButton method
2026-01-28 23:44:15 INFO  BasePage - Starting of clickOnSearch method
2026-01-28 23:44:15 INFO  BasePage - Starting of click method
2026-01-28 23:44:15 INFO  BasePage - Ending of click method
2026-01-28 23:44:15 INFO  BasePage - Ending of clickOnSearch method
2026-01-28 23:44:15 INFO  BasePage - Starting of enterEmployeeName method
2026-01-28 23:44:15 INFO  BasePage - Starting of sendKeys method
2026-01-28 23:44:15 INFO  BasePage - Ending of sendKeys method
2026-01-28 23:44:15 INFO  BasePage - Ending of enterEmployeeName method
2026-01-28 23:44:15 INFO  BasePage - Starting of enterPassword method
2026-01-28 23:44:15 INFO  BasePage - Starting of sendKeys method
2026-01-28 23:44:15 INFO  BasePage - Ending of sendKeys method
2026-01-28 23:44:15 INFO  BasePage - Ending of enterPassword method
2026-01-28 23:44:15 INFO  BasePage - Starting of clickOnSearch1 method
2026-01-28 23:44:15 INFO  BasePage - Starting of click method
2026-01-28 23:44:16 INFO  BasePage - Ending of click method
2026-01-28 23:44:16 INFO  BasePage - Ending of setup method
2026-01-28 23:44:18 INFO  BasePage - Starting of clickOnMenuButton method
2026-01-28 23:44:18 INFO  BasePage - Starting of click method
2026-01-28 23:44:18 INFO  BasePage - Ending of click method
2026-01-28 23:44:18 INFO  BasePage - Ending of clickOnMenuButton method
2026-01-28 23:44:18 INFO  BasePage - Starting of clickOnIframeButton method
2026-01-28 23:44:18 INFO  BasePage - Starting of click method
2026-01-28 23:44:19 INFO  BaseTest - Ending of testSearchEmployee method
2026-01-28 23:44:19 INFO  Listeners - Test PassedA_testSearchEmployee
2026-01-28 23:44:19 INFO  BasePage - Ending of click method
2026-01-28 23:44:19 INFO  BasePage - Ending of clickOnIframeButton method
2026-01-28 23:44:19 INFO  BaseTest - Ending of setup method
2026-01-28 23:44:19 INFO  Listeners - Test Started  : A_testIframe
2026-01-28 23:44:19 INFO  BaseTest - Starting of testIframe method
2026-01-28 23:44:19 INFO  BasePage - Starting of getFrameOneText method
2026-01-28 23:44:19 INFO  BasePage - Ending of getFrameOneText method
2026-01-28 23:44:19 INFO  BasePage - Starting of getText method
2026-01-28 23:44:19 INFO  BasePage - Ending of getText method
2026-01-28 23:44:19 INFO  BasePage - Starting of getFrameTwoText method
2026-01-28 23:44:19 INFO  BasePage - Ending of getFrameTwoText method
2026-01-28 23:44:19 INFO  BasePage - Starting of getText method
2026-01-28 23:44:19 INFO  BasePage - Ending of getText method
2026-01-28 23:44:19 INFO  BasePage - Starting of getWelcomeToJalaAcademyText method
2026-01-28 23:44:19 INFO  BasePage - Ending of getWelcomeToJalaAcademyText method
2026-01-28 23:44:19 INFO  BasePage - Starting of getText method
2026-01-28 23:44:19 INFO  BasePage - Ending of getText method
2026-01-28 23:44:19 INFO  BaseTest - Ending of testIframe method
2026-01-28 23:44:19 INFO  Listeners - Test PassedA_testIframe
2026-01-28 23:44:19 INFO  BaseTest - Starting of setup method
2026-01-28 23:44:20 INFO  BasePage - Starting of ImagesPage constructor
2026-01-28 23:44:20 INFO  BasePage - Ending of ImagesPage constructor
2026-01-28 23:44:20 INFO  BasePage - Starting of HomePage constructor
2026-01-28 23:44:20 INFO  BasePage - Ending of HomePage constructor
2026-01-28 23:44:20 INFO  BasePage - Starting of LoginPage constructor
2026-01-28 23:44:20 INFO  BasePage - Ending of LoginPage constructor
2026-01-28 23:44:21 INFO  BaseTest - Starting of setup method
2026-01-28 23:44:21 INFO  BasePage - Starting of enterEmail method
2026-01-28 23:44:21 INFO  BasePage - Starting of sendKeys method
2026-01-28 23:44:22 INFO  BasePage - Ending of sendKeys method
2026-01-28 23:44:22 INFO  BasePage - Ending of enterEmail method
2026-01-28 23:44:22 INFO  BasePage - Starting of enterPassword method
2026-01-28 23:44:22 INFO  BasePage - Starting of sendKeys method
2026-01-28 23:44:22 INFO  BasePage - Ending of sendKeys method
2026-01-28 23:44:22 INFO  BasePage - Ending of enterPassword method
2026-01-28 23:44:22 INFO  BasePage - Starting of clickOnRememberMe method
2026-01-28 23:44:22 INFO  BasePage - Starting of click method
2026-01-28 23:44:22 INFO  BasePage - Ending of click method
2026-01-28 23:44:22 INFO  BasePage - Ending of clickOnRememberMe method
2026-01-28 23:44:22 INFO  BasePage - Starting of clickOnLoginButton method
2026-01-28 23:44:22 INFO  BasePage - Starting of click method
2026-01-28 23:44:22 INFO  BasePage - Ending of click method
2026-01-28 23:44:22 INFO  BasePage - Ending of clickOnLoginButton method
2026-01-28 23:44:22 INFO  BasePage - Starting of clickOnMoreButton method
2026-01-28 23:44:23 INFO  BasePage - Ending of clickOnMoreButton method
2026-01-28 23:44:26 INFO  BasePage - Starting of clickOnImageButton method
2026-01-28 23:44:26 INFO  BasePage - Starting of click method
2026-01-28 23:44:26 INFO  BasePage - Starting of MenuPage constructor
2026-01-28 23:44:26 INFO  BasePage - Ending of MenuPage constructor
2026-01-28 23:44:26 INFO  BasePage - Starting of HomePage constructor
2026-01-28 23:44:26 INFO  BasePage - Ending of HomePage constructor
2026-01-28 23:44:26 INFO  BasePage - Starting of LoginPage constructor
2026-01-28 23:44:26 INFO  BasePage - Ending of LoginPage constructor
2026-01-28 23:44:26 INFO  BasePage - Ending of click method
2026-01-28 23:44:26 INFO  BasePage - Ending of clickOnImageButton method
2026-01-28 23:44:26 INFO  BaseTest - Ending of setup method
2026-01-28 23:44:26 INFO  Listeners - Test Started  : A_testUploadImages
2026-01-28 23:44:26 INFO  BaseTest - Starting of testUploadImages method
2026-01-28 23:44:26 INFO  BasePage - Starting of uploadImage method
2026-01-28 23:44:26 INFO  BasePage - Starting of sendKeys method
2026-01-28 23:44:26 INFO  BasePage - Ending of sendKeys method
2026-01-28 23:44:26 INFO  BasePage - Ending of uploadImage method
2026-01-28 23:44:27 INFO  BasePage - Starting of enterEmail method
2026-01-28 23:44:27 INFO  BasePage - Starting of sendKeys method
2026-01-28 23:44:27 INFO  BasePage - Ending of sendKeys method
2026-01-28 23:44:27 INFO  BasePage - Ending of enterEmail method
2026-01-28 23:44:27 INFO  BasePage - Starting of enterPassword method
2026-01-28 23:44:27 INFO  BasePage - Starting of sendKeys method
2026-01-28 23:44:27 INFO  BasePage - Ending of sendKeys method
2026-01-28 23:44:27 INFO  BasePage - Ending of enterPassword method
2026-01-28 23:44:27 INFO  BasePage - Starting of clickOnRememberMe method
2026-01-28 23:44:27 INFO  BasePage - Starting of click method
2026-01-28 23:44:27 INFO  BasePage - Ending of click method
2026-01-28 23:44:27 INFO  BasePage - Ending of clickOnRememberMe method
2026-01-28 23:44:27 INFO  BasePage - Starting of clickOnLoginButton method
2026-01-28 23:44:27 INFO  BasePage - Starting of click method
2026-01-28 23:44:28 INFO  BasePage - Ending of click method
2026-01-28 23:44:28 INFO  BasePage - Ending of clickOnLoginButton method
2026-01-28 23:44:28 INFO  BasePage - Starting of clickOnMoreButton method
2026-01-28 23:44:28 INFO  BasePage - Ending of clickOnMoreButton method
2026-01-28 23:44:28 INFO  BasePage - Starting of clickOnUploadButton method
2026-01-28 23:44:28 INFO  BasePage - Starting of click method
2026-01-28 23:44:29 INFO  BasePage - Ending of click method
2026-01-28 23:44:29 INFO  BasePage - Ending of clickOnUploadButton method
2026-01-28 23:44:29 INFO  BasePage - Starting of getImageLabel method
2026-01-28 23:44:29 INFO  BasePage - Ending of getImageLabel method
2026-01-28 23:44:29 INFO  BasePage - Starting of getText method
2026-01-28 23:44:29 INFO  BasePage - Ending of getText method
2026-01-28 23:44:29 INFO  BaseTest - Ending of testUploadImages method
2026-01-28 23:44:29 INFO  Listeners - Test PassedA_testUploadImages
2026-01-28 23:44:31 INFO  BasePage - Starting of clickOnMenuButton method
2026-01-28 23:44:31 INFO  BasePage - Starting of click method
2026-01-28 23:44:31 INFO  BasePage - Ending of click method
2026-01-28 23:44:31 INFO  BasePage - Ending of clickOnMenuButton method
2026-01-28 23:44:31 INFO  BaseTest - Ending of setup method
2026-01-28 23:44:31 INFO  Listeners - Test Started  : A_testMenu
2026-01-28 23:44:31 INFO  BaseTest - Starting of testMenu method
2026-01-28 23:44:31 INFO  BasePage - Starting of clickOnSubMenuButton method
2026-01-28 23:44:31 INFO  BasePage - Starting of click method
2026-01-28 23:44:32 INFO  BasePage - Ending of click method
2026-01-28 23:44:32 INFO  BasePage - Ending of clickOnSubMenuButton method
2026-01-28 23:44:32 INFO  BaseTest - Ending of testMenu method
2026-01-28 23:44:32 INFO  Listeners - Test PassedA_testMenu
2026-01-28 23:44:33 INFO  BaseTest - Starting of setup method
2026-01-28 23:44:37 INFO  BasePage - Starting of IframePage constructor
2026-01-28 23:44:37 INFO  BasePage - Ending of IframePage constructor
2026-01-28 23:44:37 INFO  BasePage - Starting of HomePage constructor
2026-01-28 23:44:37 INFO  BasePage - Ending of HomePage constructor
2026-01-28 23:44:37 INFO  BasePage - Starting of LoginPage constructor
2026-01-28 23:44:37 INFO  BasePage - Ending of LoginPage constructor
2026-01-28 23:44:38 INFO  BasePage - Starting of enterEmail method
2026-01-28 23:44:38 INFO  BasePage - Starting of sendKeys method
2026-01-28 23:44:38 INFO  BasePage - Ending of sendKeys method
2026-01-28 23:44:38 INFO  BasePage - Ending of enterEmail method
2026-01-28 23:44:38 INFO  BasePage - Starting of enterPassword method
2026-01-28 23:44:38 INFO  BasePage - Starting of sendKeys method
2026-01-28 23:44:38 INFO  BasePage - Ending of sendKeys method
2026-01-28 23:44:38 INFO  BasePage - Ending of enterPassword method
2026-01-28 23:44:38 INFO  BasePage - Starting of clickOnRememberMe method
2026-01-28 23:44:38 INFO  BasePage - Starting of click method
2026-01-28 23:44:38 INFO  BasePage - Ending of click method
2026-01-28 23:44:38 INFO  BasePage - Ending of clickOnRememberMe method
2026-01-28 23:44:38 INFO  BasePage - Starting of clickOnLoginButton method
2026-01-28 23:44:38 INFO  BasePage - Starting of click method
2026-01-28 23:44:38 INFO  BasePage - Ending of click method
2026-01-28 23:44:38 INFO  BasePage - Ending of clickOnLoginButton method
2026-01-28 23:44:38 INFO  BasePage - Starting of clickOnMoreButton method
2026-01-28 23:44:39 INFO  BasePage - Ending of clickOnMoreButton method
2026-01-28 23:44:42 INFO  BasePage - Starting of clickOnMenuButton method
2026-01-28 23:44:42 INFO  BasePage - Starting of click method
2026-01-28 23:44:42 INFO  BasePage - Ending of click method
2026-01-28 23:44:42 INFO  BasePage - Ending of clickOnMenuButton method
2026-01-28 23:44:42 INFO  BasePage - Starting of clickOnIframeButton method
2026-01-28 23:44:42 INFO  BasePage - Starting of click method
2026-01-28 23:44:43 INFO  BasePage - Ending of click method
2026-01-28 23:44:43 INFO  BasePage - Ending of clickOnIframeButton method
2026-01-28 23:44:43 INFO  BaseTest - Ending of setup method
2026-01-28 23:44:43 INFO  Listeners - Test Started  : A_testIframe
2026-01-28 23:44:43 INFO  BaseTest - Starting of testIframe method
2026-01-28 23:44:43 INFO  BasePage - Starting of getFrameOneText method
2026-01-28 23:44:43 INFO  BasePage - Ending of getFrameOneText method
2026-01-28 23:44:43 INFO  BasePage - Starting of getText method
2026-01-28 23:44:43 INFO  BasePage - Ending of getText method
2026-01-28 23:44:43 INFO  BasePage - Starting of getFrameTwoText method
2026-01-28 23:44:43 INFO  BasePage - Ending of getFrameTwoText method
2026-01-28 23:44:43 INFO  BasePage - Starting of getText method
2026-01-28 23:44:43 INFO  BasePage - Ending of getText method
2026-01-28 23:44:43 INFO  BasePage - Starting of getWelcomeToJalaAcademyText method
2026-01-28 23:44:43 INFO  BasePage - Ending of getWelcomeToJalaAcademyText method
2026-01-28 23:44:43 INFO  BasePage - Starting of getText method
2026-01-28 23:44:43 INFO  BasePage - Ending of getText method
2026-01-28 23:44:43 INFO  BaseTest - Ending of testIframe method
2026-01-28 23:44:43 INFO  Listeners - Test PassedA_testIframe
2026-01-28 23:44:44 INFO  BaseTest - Starting of setup method
2026-01-28 23:44:48 INFO  BasePage - Starting of ImagesPage constructor
2026-01-28 23:44:48 INFO  BasePage - Ending of ImagesPage constructor
2026-01-28 23:44:48 INFO  BasePage - Starting of HomePage constructor
2026-01-28 23:44:48 INFO  BasePage - Ending of HomePage constructor
2026-01-28 23:44:48 INFO  BasePage - Starting of LoginPage constructor
2026-01-28 23:44:48 INFO  BasePage - Ending of LoginPage constructor
2026-01-28 23:44:49 INFO  BasePage - Starting of enterEmail method
2026-01-28 23:44:49 INFO  BasePage - Starting of sendKeys method
2026-01-28 23:44:49 INFO  BasePage - Ending of sendKeys method
2026-01-28 23:44:49 INFO  BasePage - Ending of enterEmail method
2026-01-28 23:44:49 INFO  BasePage - Starting of enterPassword method
2026-01-28 23:44:49 INFO  BasePage - Starting of sendKeys method
2026-01-28 23:44:49 INFO  BasePage - Ending of sendKeys method
2026-01-28 23:44:49 INFO  BasePage - Ending of enterPassword method
2026-01-28 23:44:49 INFO  BasePage - Starting of clickOnRememberMe method
2026-01-28 23:44:49 INFO  BasePage - Starting of click method
2026-01-28 23:44:49 INFO  BasePage - Ending of click method
2026-01-28 23:44:49 INFO  BasePage - Ending of clickOnRememberMe method
2026-01-28 23:44:49 INFO  BasePage - Starting of clickOnLoginButton method
2026-01-28 23:44:49 INFO  BasePage - Starting of click method
2026-01-28 23:44:49 INFO  BasePage - Ending of click method
2026-01-28 23:44:49 INFO  BasePage - Ending of clickOnLoginButton method
2026-01-28 23:44:49 INFO  BasePage - Starting of clickOnMoreButton method
2026-01-28 23:44:50 INFO  BasePage - Ending of clickOnMoreButton method
2026-01-28 23:44:53 INFO  BasePage - Starting of clickOnImageButton method
2026-01-28 23:44:53 INFO  BasePage - Starting of click method
2026-01-28 23:44:53 INFO  BasePage - Ending of click method
2026-01-28 23:44:53 INFO  BasePage - Ending of clickOnImageButton method
2026-01-28 23:44:53 INFO  BaseTest - Ending of setup method
2026-01-28 23:44:53 INFO  Listeners - Test Started  : A_testUploadImages
2026-01-28 23:44:53 INFO  BaseTest - Starting of testUploadImages method
2026-01-28 23:44:53 INFO  BasePage - Starting of uploadImage method
2026-01-28 23:44:53 INFO  BasePage - Starting of sendKeys method
2026-01-28 23:44:53 INFO  BasePage - Ending of sendKeys method
2026-01-28 23:44:53 INFO  BasePage - Ending of uploadImage method
2026-01-28 23:44:55 INFO  BasePage - Starting of clickOnUploadButton method
2026-01-28 23:44:55 INFO  BasePage - Starting of click method
2026-01-28 23:44:55 INFO  BasePage - Ending of click method
2026-01-28 23:44:55 INFO  BasePage - Ending of clickOnUploadButton method
2026-01-28 23:44:55 INFO  BasePage - Starting of getImageLabel method
2026-01-28 23:44:55 INFO  BasePage - Ending of getImageLabel method
2026-01-28 23:44:55 INFO  BasePage - Starting of getText method
2026-01-28 23:44:55 INFO  BasePage - Ending of getText method
2026-01-28 23:44:55 INFO  BaseTest - Ending of testUploadImages method
2026-01-28 23:44:55 INFO  Listeners - Test PassedA_testUploadImages
2026-01-29 00:33:58 INFO  BaseTest - Starting of setup method
2026-01-29 00:33:58 INFO  BaseTest - Starting of setup method
2026-01-29 00:33:58 INFO  BaseTest - Starting of setup method
2026-01-29 00:33:58 INFO  BaseTest - Starting of setup method
2026-01-29 00:34:05 INFO  BasePage - Starting of LoginPage constructor
2026-01-29 00:34:05 INFO  BasePage - Starting of LoginPage constructor
2026-01-29 00:34:05 INFO  BasePage - Ending of LoginPage constructor
2026-01-29 00:34:05 INFO  BasePage - Ending of LoginPage constructor
2026-01-29 00:34:08 INFO  BaseTest - Ending of setup method
2026-01-29 00:34:08 INFO  BaseTest - Ending of setup method
2026-01-29 00:34:09 INFO  Listeners - Test Started  : A_TestInvaildLogin
2026-01-29 00:34:09 INFO  BaseTest - Starting of TestInvaildLogin method
2026-01-29 00:34:09 INFO  BasePage - Starting of enterEmail method
2026-01-29 00:34:09 INFO  BasePage - Starting of sendKeys method
2026-01-29 00:34:09 INFO  Listeners - Test Started  : A_TestInvaildLogin
2026-01-29 00:34:09 INFO  BaseTest - Starting of TestInvaildLogin method
2026-01-29 00:34:09 INFO  BasePage - Starting of enterEmail method
2026-01-29 00:34:09 INFO  BasePage - Starting of sendKeys method
2026-01-29 00:34:09 INFO  BasePage - Ending of sendKeys method
2026-01-29 00:34:09 INFO  BasePage - Ending of enterEmail method
2026-01-29 00:34:09 INFO  BasePage - Starting of enterPassword method
2026-01-29 00:34:09 INFO  BasePage - Starting of sendKeys method
2026-01-29 00:34:09 INFO  BasePage - Ending of sendKeys method
2026-01-29 00:34:09 INFO  BasePage - Ending of enterEmail method
2026-01-29 00:34:09 INFO  BasePage - Starting of enterPassword method
2026-01-29 00:34:09 INFO  BasePage - Starting of sendKeys method
2026-01-29 00:34:09 INFO  BasePage - Ending of sendKeys method
2026-01-29 00:34:09 INFO  BasePage - Ending of enterPassword method
2026-01-29 00:34:09 INFO  BasePage - Starting of clickOnRememberMe method
2026-01-29 00:34:09 INFO  BasePage - Starting of click method
2026-01-29 00:34:09 INFO  BasePage - Ending of sendKeys method
2026-01-29 00:34:09 INFO  BasePage - Ending of enterPassword method
2026-01-29 00:34:09 INFO  BasePage - Starting of clickOnRememberMe method
2026-01-29 00:34:09 INFO  BasePage - Starting of click method
2026-01-29 00:34:09 INFO  BasePage - Ending of click method
2026-01-29 00:34:09 INFO  BasePage - Ending of clickOnRememberMe method
2026-01-29 00:34:09 INFO  BasePage - Starting of clickOnLoginButton method
2026-01-29 00:34:09 INFO  BasePage - Starting of click method
2026-01-29 00:34:10 INFO  BasePage - Ending of click method
2026-01-29 00:34:10 INFO  BasePage - Ending of clickOnRememberMe method
2026-01-29 00:34:10 INFO  BasePage - Starting of clickOnLoginButton method
2026-01-29 00:34:10 INFO  BasePage - Starting of click method
2026-01-29 00:34:10 INFO  BasePage - Ending of click method
2026-01-29 00:34:10 INFO  BasePage - Ending of clickOnLoginButton method
2026-01-29 00:34:10 INFO  BaseTest - Ending of TestInvaildLogin method
2026-01-29 00:34:10 INFO  Listeners - Test PassedA_TestInvaildLogin
2026-01-29 00:34:10 INFO  BasePage - Ending of click method
2026-01-29 00:34:10 INFO  BasePage - Ending of clickOnLoginButton method
2026-01-29 00:34:10 INFO  BaseTest - Ending of TestInvaildLogin method
2026-01-29 00:34:10 INFO  Listeners - Test PassedA_TestInvaildLogin
2026-01-29 00:34:10 INFO  Listeners - Test Started  : B_TestInvaildLogin2
2026-01-29 00:34:10 INFO  BaseTest - Starting of TestInvaildLogin2 method
2026-01-29 00:34:10 INFO  BasePage - Starting of enterEmail method
2026-01-29 00:34:10 INFO  BasePage - Starting of sendKeys method
2026-01-29 00:34:10 INFO  Listeners - Test Started  : B_TestInvaildLogin2
2026-01-29 00:34:10 INFO  BaseTest - Starting of TestInvaildLogin2 method
2026-01-29 00:34:10 INFO  BasePage - Starting of enterEmail method
2026-01-29 00:34:10 INFO  BasePage - Starting of sendKeys method
2026-01-29 00:34:11 INFO  BasePage - Ending of sendKeys method
2026-01-29 00:34:11 INFO  BasePage - Ending of enterEmail method
2026-01-29 00:34:11 INFO  BasePage - Starting of enterPassword method
2026-01-29 00:34:11 INFO  BasePage - Starting of sendKeys method
2026-01-29 00:34:11 INFO  BasePage - Ending of sendKeys method
2026-01-29 00:34:11 INFO  BasePage - Ending of enterEmail method
2026-01-29 00:34:11 INFO  BasePage - Starting of enterPassword method
2026-01-29 00:34:11 INFO  BasePage - Starting of sendKeys method
2026-01-29 00:34:11 INFO  BasePage - Ending of sendKeys method
2026-01-29 00:34:11 INFO  BasePage - Ending of enterPassword method
2026-01-29 00:34:11 INFO  BasePage - Starting of clickOnRememberMe method
2026-01-29 00:34:11 INFO  BasePage - Starting of click method
2026-01-29 00:34:11 INFO  BasePage - Ending of sendKeys method
2026-01-29 00:34:11 INFO  BasePage - Ending of enterPassword method
2026-01-29 00:34:11 INFO  BasePage - Starting of clickOnRememberMe method
2026-01-29 00:34:11 INFO  BasePage - Starting of click method
2026-01-29 00:34:11 INFO  BasePage - Ending of click method
2026-01-29 00:34:11 INFO  BasePage - Ending of clickOnRememberMe method
2026-01-29 00:34:11 INFO  BasePage - Starting of clickOnLoginButton method
2026-01-29 00:34:11 INFO  BasePage - Starting of click method
2026-01-29 00:34:11 INFO  BasePage - Ending of click method
2026-01-29 00:34:11 INFO  BasePage - Ending of clickOnRememberMe method
2026-01-29 00:34:11 INFO  BasePage - Starting of clickOnLoginButton method
2026-01-29 00:34:11 INFO  BasePage - Starting of click method
2026-01-29 00:34:12 INFO  BasePage - Ending of click method
2026-01-29 00:34:12 INFO  BasePage - Ending of clickOnLoginButton method
2026-01-29 00:34:12 INFO  BaseTest - Ending of TestInvaildLogin2 method
2026-01-29 00:34:12 INFO  Listeners - Test PassedB_TestInvaildLogin2
2026-01-29 00:34:12 INFO  Listeners - Test Started  : C_TestInvaildLogin3
2026-01-29 00:34:12 INFO  BaseTest - Starting of TestInvaildLogin3 method
2026-01-29 00:34:12 INFO  BasePage - Starting of enterEmail method
2026-01-29 00:34:12 INFO  BasePage - Starting of sendKeys method
2026-01-29 00:34:12 INFO  BasePage - Ending of click method
2026-01-29 00:34:12 INFO  BasePage - Ending of clickOnLoginButton method
2026-01-29 00:34:12 INFO  BaseTest - Ending of TestInvaildLogin2 method
2026-01-29 00:34:12 INFO  Listeners - Test PassedB_TestInvaildLogin2
2026-01-29 00:34:12 INFO  Listeners - Test Started  : C_TestInvaildLogin3
2026-01-29 00:34:12 INFO  BaseTest - Starting of TestInvaildLogin3 method
2026-01-29 00:34:12 INFO  BasePage - Starting of enterEmail method
2026-01-29 00:34:12 INFO  BasePage - Starting of sendKeys method
2026-01-29 00:34:12 INFO  BasePage - Ending of sendKeys method
2026-01-29 00:34:12 INFO  BasePage - Ending of enterEmail method
2026-01-29 00:34:12 INFO  BasePage - Starting of enterPassword method
2026-01-29 00:34:12 INFO  BasePage - Starting of sendKeys method
2026-01-29 00:34:12 INFO  BasePage - Ending of sendKeys method
2026-01-29 00:34:12 INFO  BasePage - Ending of enterEmail method
2026-01-29 00:34:12 INFO  BasePage - Starting of enterPassword method
2026-01-29 00:34:12 INFO  BasePage - Starting of sendKeys method
2026-01-29 00:34:12 INFO  BasePage - Ending of sendKeys method
2026-01-29 00:34:12 INFO  BasePage - Ending of enterPassword method
2026-01-29 00:34:12 INFO  BasePage - Starting of clickOnRememberMe method
2026-01-29 00:34:12 INFO  BasePage - Starting of click method
2026-01-29 00:34:13 INFO  BasePage - Ending of sendKeys method
2026-01-29 00:34:13 INFO  BasePage - Ending of enterPassword method
2026-01-29 00:34:13 INFO  BasePage - Starting of clickOnRememberMe method
2026-01-29 00:34:13 INFO  BasePage - Starting of click method
2026-01-29 00:34:13 INFO  BasePage - Ending of click method
2026-01-29 00:34:13 INFO  BasePage - Ending of clickOnRememberMe method
2026-01-29 00:34:13 INFO  BasePage - Starting of clickOnLoginButton method
2026-01-29 00:34:13 INFO  BasePage - Starting of click method
2026-01-29 00:34:13 INFO  BasePage - Ending of click method
2026-01-29 00:34:13 INFO  BasePage - Ending of clickOnRememberMe method
2026-01-29 00:34:13 INFO  BasePage - Starting of clickOnLoginButton method
2026-01-29 00:34:13 INFO  BasePage - Starting of click method
2026-01-29 00:34:13 INFO  BasePage - Ending of click method
2026-01-29 00:34:13 INFO  BasePage - Ending of clickOnLoginButton method
2026-01-29 00:34:13 INFO  BaseTest - Ending of TestInvaildLogin3 method
2026-01-29 00:34:13 INFO  Listeners - Test PassedC_TestInvaildLogin3
2026-01-29 00:34:13 INFO  Listeners - Test Started  : D_testVaildLogin4
2026-01-29 00:34:13 INFO  BaseTest - Starting of testVaildLogin4 method
2026-01-29 00:34:13 INFO  BasePage - Starting of enterEmail method
2026-01-29 00:34:13 INFO  BasePage - Starting of sendKeys method
2026-01-29 00:34:13 INFO  BasePage - Starting of LoginPage constructor
2026-01-29 00:34:13 INFO  BasePage - Ending of LoginPage constructor
2026-01-29 00:34:13 INFO  BasePage - Ending of click method
2026-01-29 00:34:13 INFO  BasePage - Ending of clickOnLoginButton method
2026-01-29 00:34:13 INFO  BaseTest - Ending of TestInvaildLogin3 method
2026-01-29 00:34:13 INFO  Listeners - Test PassedC_TestInvaildLogin3
2026-01-29 00:34:13 INFO  Listeners - Test Started  : D_testVaildLogin4
2026-01-29 00:34:13 INFO  BaseTest - Starting of testVaildLogin4 method
2026-01-29 00:34:13 INFO  BasePage - Starting of enterEmail method
2026-01-29 00:34:13 INFO  BasePage - Starting of sendKeys method
2026-01-29 00:34:14 INFO  BasePage - Ending of sendKeys method
2026-01-29 00:34:14 INFO  BasePage - Ending of enterEmail method
2026-01-29 00:34:14 INFO  BasePage - Starting of enterPassword method
2026-01-29 00:34:14 INFO  BasePage - Starting of sendKeys method
2026-01-29 00:34:14 INFO  BasePage - Ending of sendKeys method
2026-01-29 00:34:14 INFO  BasePage - Ending of enterEmail method
2026-01-29 00:34:14 INFO  BasePage - Starting of enterPassword method
2026-01-29 00:34:14 INFO  BasePage - Starting of sendKeys method
2026-01-29 00:34:15 INFO  BasePage - Ending of sendKeys method
2026-01-29 00:34:15 INFO  BasePage - Ending of enterPassword method
2026-01-29 00:34:15 INFO  BasePage - Starting of clickOnRememberMe method
2026-01-29 00:34:15 INFO  BasePage - Starting of click method
2026-01-29 00:34:15 INFO  BasePage - Starting of LoginPage constructor
2026-01-29 00:34:15 INFO  BasePage - Ending of LoginPage constructor
2026-01-29 00:34:15 INFO  BasePage - Ending of sendKeys method
2026-01-29 00:34:15 INFO  BasePage - Ending of enterPassword method
2026-01-29 00:34:15 INFO  BasePage - Starting of clickOnRememberMe method
2026-01-29 00:34:15 INFO  BasePage - Starting of click method
2026-01-29 00:34:15 INFO  BasePage - Ending of click method
2026-01-29 00:34:15 INFO  BasePage - Ending of clickOnRememberMe method
2026-01-29 00:34:15 INFO  BasePage - Starting of clickOnLoginButton method
2026-01-29 00:34:15 INFO  BasePage - Starting of click method
2026-01-29 00:34:15 INFO  BaseTest - Ending of setup method
2026-01-29 00:34:15 INFO  Listeners - Test Started  : A_TestInvaildLogin
2026-01-29 00:34:15 INFO  BaseTest - Starting of TestInvaildLogin method
2026-01-29 00:34:15 INFO  BasePage - Starting of enterEmail method
2026-01-29 00:34:15 INFO  BasePage - Starting of sendKeys method
2026-01-29 00:34:15 INFO  BasePage - Ending of sendKeys method
2026-01-29 00:34:15 INFO  BasePage - Ending of enterEmail method
2026-01-29 00:34:15 INFO  BasePage - Starting of enterPassword method
2026-01-29 00:34:15 INFO  BasePage - Starting of sendKeys method
2026-01-29 00:34:16 INFO  BasePage - Ending of sendKeys method
2026-01-29 00:34:16 INFO  BasePage - Ending of enterPassword method
2026-01-29 00:34:16 INFO  BasePage - Starting of clickOnRememberMe method
2026-01-29 00:34:16 INFO  BasePage - Starting of click method
2026-01-29 00:34:16 INFO  BasePage - Ending of click method
2026-01-29 00:34:16 INFO  BasePage - Ending of clickOnRememberMe method
2026-01-29 00:34:16 INFO  BasePage - Starting of clickOnLoginButton method
2026-01-29 00:34:16 INFO  BasePage - Starting of click method
2026-01-29 00:34:16 INFO  BasePage - Ending of click method
2026-01-29 00:34:16 INFO  BasePage - Ending of clickOnLoginButton method
2026-01-29 00:34:16 INFO  BaseTest - Ending of testVaildLogin4 method
2026-01-29 00:34:16 INFO  Listeners - Test PassedD_testVaildLogin4
2026-01-29 00:34:17 INFO  BasePage - Ending of click method
2026-01-29 00:34:17 INFO  BasePage - Ending of clickOnLoginButton method
2026-01-29 00:34:17 INFO  BaseTest - Ending of TestInvaildLogin method
2026-01-29 00:34:17 INFO  Listeners - Test PassedA_TestInvaildLogin
2026-01-29 00:34:17 INFO  Listeners - Test Started  : B_TestInvaildLogin2
2026-01-29 00:34:17 INFO  BaseTest - Starting of TestInvaildLogin2 method
2026-01-29 00:34:17 INFO  BasePage - Starting of enterEmail method
2026-01-29 00:34:17 INFO  BasePage - Starting of sendKeys method
2026-01-29 00:34:17 INFO  BasePage - Ending of sendKeys method
2026-01-29 00:34:17 INFO  BasePage - Ending of enterEmail method
2026-01-29 00:34:17 INFO  BasePage - Starting of enterPassword method
2026-01-29 00:34:17 INFO  BasePage - Starting of sendKeys method
2026-01-29 00:34:17 INFO  BasePage - Ending of sendKeys method
2026-01-29 00:34:17 INFO  BasePage - Ending of enterPassword method
2026-01-29 00:34:17 INFO  BasePage - Starting of clickOnRememberMe method
2026-01-29 00:34:17 INFO  BasePage - Starting of click method
2026-01-29 00:34:17 INFO  BasePage - Ending of click method
2026-01-29 00:34:17 INFO  BasePage - Ending of clickOnRememberMe method
2026-01-29 00:34:17 INFO  BasePage - Starting of clickOnLoginButton method
2026-01-29 00:34:17 INFO  BasePage - Starting of click method
2026-01-29 00:34:17 INFO  BasePage - Ending of click method
2026-01-29 00:34:17 INFO  BasePage - Ending of clickOnRememberMe method
2026-01-29 00:34:17 INFO  BasePage - Starting of clickOnLoginButton method
2026-01-29 00:34:17 INFO  BasePage - Starting of click method
2026-01-29 00:34:17 INFO  BasePage - Ending of click method
2026-01-29 00:34:17 INFO  BasePage - Ending of clickOnLoginButton method
2026-01-29 00:34:17 INFO  BaseTest - Ending of TestInvaildLogin2 method
2026-01-29 00:34:17 INFO  Listeners - Test PassedB_TestInvaildLogin2
2026-01-29 00:34:17 INFO  Listeners - Test Started  : C_TestInvaildLogin3
2026-01-29 00:34:17 INFO  BaseTest - Starting of TestInvaildLogin3 method
2026-01-29 00:34:17 INFO  BasePage - Starting of enterEmail method
2026-01-29 00:34:17 INFO  BasePage - Starting of sendKeys method
2026-01-29 00:34:17 INFO  BasePage - Ending of sendKeys method
2026-01-29 00:34:17 INFO  BasePage - Ending of enterEmail method
2026-01-29 00:34:17 INFO  BasePage - Starting of enterPassword method
2026-01-29 00:34:17 INFO  BasePage - Starting of sendKeys method
2026-01-29 00:34:17 INFO  BasePage - Ending of sendKeys method
2026-01-29 00:34:17 INFO  BasePage - Ending of enterPassword method
2026-01-29 00:34:17 INFO  BasePage - Starting of clickOnRememberMe method
2026-01-29 00:34:17 INFO  BasePage - Starting of click method
2026-01-29 00:34:17 INFO  BaseTest - Ending of setup method
2026-01-29 00:34:17 INFO  BasePage - Ending of click method
2026-01-29 00:34:17 INFO  BasePage - Ending of clickOnRememberMe method
2026-01-29 00:34:17 INFO  BasePage - Starting of clickOnLoginButton method
2026-01-29 00:34:17 INFO  BasePage - Starting of click method
2026-01-29 00:34:17 INFO  Listeners - Test Started  : A_TestInvaildLogin
2026-01-29 00:34:17 INFO  BaseTest - Starting of TestInvaildLogin method
2026-01-29 00:34:17 INFO  BasePage - Starting of enterEmail method
2026-01-29 00:34:17 INFO  BasePage - Starting of sendKeys method
2026-01-29 00:34:18 INFO  BasePage - Ending of click method
2026-01-29 00:34:18 INFO  BasePage - Ending of clickOnLoginButton method
2026-01-29 00:34:18 INFO  BaseTest - Ending of TestInvaildLogin3 method
2026-01-29 00:34:18 INFO  Listeners - Test PassedC_TestInvaildLogin3
2026-01-29 00:34:18 INFO  Listeners - Test Started  : D_testVaildLogin4
2026-01-29 00:34:18 INFO  BaseTest - Starting of testVaildLogin4 method
2026-01-29 00:34:18 INFO  BasePage - Starting of enterEmail method
2026-01-29 00:34:18 INFO  BasePage - Starting of sendKeys method
2026-01-29 00:34:18 INFO  BasePage - Ending of click method
2026-01-29 00:34:18 INFO  BasePage - Ending of clickOnLoginButton method
2026-01-29 00:34:18 INFO  BaseTest - Ending of testVaildLogin4 method
2026-01-29 00:34:18 INFO  Listeners - Test PassedD_testVaildLogin4
2026-01-29 00:34:18 INFO  BasePage - Ending of sendKeys method
2026-01-29 00:34:18 INFO  BasePage - Ending of enterEmail method
2026-01-29 00:34:18 INFO  BasePage - Starting of enterPassword method
2026-01-29 00:34:18 INFO  BasePage - Starting of sendKeys method
2026-01-29 00:34:18 INFO  BasePage - Ending of sendKeys method
2026-01-29 00:34:18 INFO  BasePage - Ending of enterPassword method
2026-01-29 00:34:18 INFO  BasePage - Starting of clickOnRememberMe method
2026-01-29 00:34:18 INFO  BasePage - Starting of click method
2026-01-29 00:34:18 INFO  BasePage - Ending of sendKeys method
2026-01-29 00:34:18 INFO  BasePage - Ending of enterEmail method
2026-01-29 00:34:18 INFO  BasePage - Starting of enterPassword method
2026-01-29 00:34:18 INFO  BasePage - Starting of sendKeys method
2026-01-29 00:34:18 INFO  BasePage - Ending of click method
2026-01-29 00:34:18 INFO  BasePage - Ending of clickOnRememberMe method
2026-01-29 00:34:18 INFO  BasePage - Starting of clickOnLoginButton method
2026-01-29 00:34:18 INFO  BasePage - Starting of click method
2026-01-29 00:34:18 INFO  BasePage - Ending of click method
2026-01-29 00:34:18 INFO  BasePage - Ending of clickOnLoginButton method
2026-01-29 00:34:18 INFO  BaseTest - Ending of testVaildLogin4 method
2026-01-29 00:34:18 INFO  Listeners - Test PassedD_testVaildLogin4
2026-01-29 00:34:18 INFO  BasePage - Ending of sendKeys method
2026-01-29 00:34:18 INFO  BasePage - Ending of enterPassword method
2026-01-29 00:34:18 INFO  BasePage - Starting of clickOnRememberMe method
2026-01-29 00:34:18 INFO  BasePage - Starting of click method
2026-01-29 00:34:18 INFO  BasePage - Ending of click method
2026-01-29 00:34:18 INFO  BasePage - Ending of clickOnRememberMe method
2026-01-29 00:34:18 INFO  BasePage - Starting of clickOnLoginButton method
2026-01-29 00:34:18 INFO  BasePage - Starting of click method
2026-01-29 00:34:19 INFO  BasePage - Ending of click method
2026-01-29 00:34:19 INFO  BasePage - Ending of clickOnLoginButton method
2026-01-29 00:34:19 INFO  BaseTest - Ending of TestInvaildLogin method
2026-01-29 00:34:19 INFO  Listeners - Test PassedA_TestInvaildLogin
2026-01-29 00:34:19 INFO  Listeners - Test Started  : B_TestInvaildLogin2
2026-01-29 00:34:19 INFO  BaseTest - Starting of TestInvaildLogin2 method
2026-01-29 00:34:19 INFO  BasePage - Starting of enterEmail method
2026-01-29 00:34:19 INFO  BasePage - Starting of sendKeys method
2026-01-29 00:34:19 INFO  BasePage - Ending of sendKeys method
2026-01-29 00:34:19 INFO  BasePage - Ending of enterEmail method
2026-01-29 00:34:19 INFO  BasePage - Starting of enterPassword method
2026-01-29 00:34:19 INFO  BasePage - Starting of sendKeys method
2026-01-29 00:34:19 INFO  BasePage - Ending of sendKeys method
2026-01-29 00:34:19 INFO  BasePage - Ending of enterPassword method
2026-01-29 00:34:19 INFO  BasePage - Starting of clickOnRememberMe method
2026-01-29 00:34:19 INFO  BasePage - Starting of click method
2026-01-29 00:34:19 INFO  BasePage - Ending of click method
2026-01-29 00:34:19 INFO  BasePage - Ending of clickOnRememberMe method
2026-01-29 00:34:19 INFO  BasePage - Starting of clickOnLoginButton method
2026-01-29 00:34:19 INFO  BasePage - Starting of click method
2026-01-29 00:34:19 INFO  BasePage - Ending of click method
2026-01-29 00:34:19 INFO  BasePage - Ending of clickOnLoginButton method
2026-01-29 00:34:19 INFO  BaseTest - Ending of TestInvaildLogin2 method
2026-01-29 00:34:19 INFO  Listeners - Test PassedB_TestInvaildLogin2
2026-01-29 00:34:19 INFO  Listeners - Test Started  : C_TestInvaildLogin3
2026-01-29 00:34:19 INFO  BaseTest - Starting of TestInvaildLogin3 method
2026-01-29 00:34:19 INFO  BasePage - Starting of enterEmail method
2026-01-29 00:34:19 INFO  BasePage - Starting of sendKeys method
2026-01-29 00:34:19 INFO  BasePage - Ending of sendKeys method
2026-01-29 00:34:19 INFO  BasePage - Ending of enterEmail method
2026-01-29 00:34:19 INFO  BasePage - Starting of enterPassword method
2026-01-29 00:34:19 INFO  BasePage - Starting of sendKeys method
2026-01-29 00:34:19 INFO  BasePage - Ending of sendKeys method
2026-01-29 00:34:19 INFO  BasePage - Ending of enterPassword method
2026-01-29 00:34:19 INFO  BasePage - Starting of clickOnRememberMe method
2026-01-29 00:34:19 INFO  BasePage - Starting of click method
2026-01-29 00:34:20 INFO  BasePage - Ending of click method
2026-01-29 00:34:20 INFO  BasePage - Ending of clickOnRememberMe method
2026-01-29 00:34:20 INFO  BasePage - Starting of clickOnLoginButton method
2026-01-29 00:34:20 INFO  BasePage - Starting of click method
2026-01-29 00:34:20 INFO  BasePage - Ending of click method
2026-01-29 00:34:20 INFO  BasePage - Ending of clickOnLoginButton method
2026-01-29 00:34:20 INFO  BaseTest - Ending of TestInvaildLogin3 method
2026-01-29 00:34:20 INFO  Listeners - Test PassedC_TestInvaildLogin3
2026-01-29 00:34:20 INFO  Listeners - Test Started  : D_testVaildLogin4
2026-01-29 00:34:20 INFO  BaseTest - Starting of testVaildLogin4 method
2026-01-29 00:34:20 INFO  BasePage - Starting of enterEmail method
2026-01-29 00:34:20 INFO  BasePage - Starting of sendKeys method
2026-01-29 00:34:20 INFO  BasePage - Ending of sendKeys method
2026-01-29 00:34:20 INFO  BasePage - Ending of enterEmail method
2026-01-29 00:34:20 INFO  BasePage - Starting of enterPassword method
2026-01-29 00:34:20 INFO  BasePage - Starting of sendKeys method
2026-01-29 00:34:20 INFO  BaseTest - Starting of setup method
2026-01-29 00:34:20 INFO  BaseTest - Starting of setup method
2026-01-29 00:34:20 INFO  BasePage - Ending of sendKeys method
2026-01-29 00:34:20 INFO  BasePage - Ending of enterPassword method
2026-01-29 00:34:20 INFO  BasePage - Starting of clickOnRememberMe method
2026-01-29 00:34:20 INFO  BasePage - Starting of click method
2026-01-29 00:34:20 INFO  BasePage - Ending of click method
2026-01-29 00:34:20 INFO  BasePage - Ending of clickOnRememberMe method
2026-01-29 00:34:20 INFO  BasePage - Starting of clickOnLoginButton method
2026-01-29 00:34:20 INFO  BasePage - Starting of click method
2026-01-29 00:34:20 INFO  BasePage - Ending of click method
2026-01-29 00:34:20 INFO  BasePage - Ending of clickOnLoginButton method
2026-01-29 00:34:20 INFO  BaseTest - Ending of testVaildLogin4 method
2026-01-29 00:34:20 INFO  Listeners - Test PassedD_testVaildLogin4
2026-01-29 00:34:21 INFO  BaseTest - Starting of setup method
2026-01-29 00:34:24 INFO  BasePage - Starting of EmployeeDetails constructor
2026-01-29 00:34:24 INFO  BasePage - Ending of EmployeeDetails constructor
2026-01-29 00:34:24 INFO  BasePage - Starting of LoginPage constructor
2026-01-29 00:34:24 INFO  BasePage - Ending of LoginPage constructor
2026-01-29 00:34:24 INFO  BasePage - Starting of EmployeeDetails constructor
2026-01-29 00:34:24 INFO  BasePage - Ending of EmployeeDetails constructor
2026-01-29 00:34:24 INFO  BasePage - Starting of LoginPage constructor
2026-01-29 00:34:24 INFO  BasePage - Ending of LoginPage constructor
2026-01-29 00:34:24 INFO  BasePage - Starting of enterEmail method
2026-01-29 00:34:24 INFO  BasePage - Starting of sendKeys method
2026-01-29 00:34:24 INFO  BaseTest - Starting of setup method
2026-01-29 00:34:25 INFO  BasePage - Starting of enterEmail method
2026-01-29 00:34:25 INFO  BasePage - Starting of sendKeys method
2026-01-29 00:34:25 INFO  BasePage - Ending of sendKeys method
2026-01-29 00:34:25 INFO  BasePage - Ending of enterEmail method
2026-01-29 00:34:25 INFO  BasePage - Starting of enterPassword method
2026-01-29 00:34:25 INFO  BasePage - Starting of sendKeys method
2026-01-29 00:34:26 INFO  BasePage - Ending of sendKeys method
2026-01-29 00:34:26 INFO  BasePage - Ending of enterPassword method
2026-01-29 00:34:26 INFO  BasePage - Starting of clickOnRememberMe method
2026-01-29 00:34:26 INFO  BasePage - Starting of click method
2026-01-29 00:34:26 INFO  BasePage - Ending of sendKeys method
2026-01-29 00:34:26 INFO  BasePage - Ending of enterEmail method
2026-01-29 00:34:26 INFO  BasePage - Starting of enterPassword method
2026-01-29 00:34:26 INFO  BasePage - Starting of sendKeys method
2026-01-29 00:34:26 INFO  BasePage - Ending of click method
2026-01-29 00:34:26 INFO  BasePage - Ending of clickOnRememberMe method
2026-01-29 00:34:26 INFO  BasePage - Starting of clickOnLoginButton method
2026-01-29 00:34:26 INFO  BasePage - Starting of click method
2026-01-29 00:34:26 INFO  BasePage - Ending of sendKeys method
2026-01-29 00:34:26 INFO  BasePage - Ending of enterPassword method
2026-01-29 00:34:26 INFO  BasePage - Starting of clickOnRememberMe method
2026-01-29 00:34:26 INFO  BasePage - Starting of click method
2026-01-29 00:34:26 INFO  BasePage - Ending of click method
2026-01-29 00:34:26 INFO  BasePage - Ending of clickOnLoginButton method
2026-01-29 00:34:26 INFO  BaseTest - Ending of setup method
2026-01-29 00:34:26 INFO  Listeners - Test Started  : A_testVaildEmployeeDetails
2026-01-29 00:34:26 INFO  BaseTest - Starting of testVaildEmployeeDetails method
2026-01-29 00:34:26 INFO  BasePage - Starting of getWelcomeToJalaAcademy method
2026-01-29 00:34:26 INFO  BasePage - Ending of getWelcomeToJalaAcademy method
2026-01-29 00:34:26 INFO  BasePage - Starting of getText method
2026-01-29 00:34:26 INFO  BasePage - Ending of getText method
2026-01-29 00:34:26 INFO  BasePage - Ending of click method
2026-01-29 00:34:26 INFO  BasePage - Ending of clickOnRememberMe method
2026-01-29 00:34:26 INFO  BasePage - Starting of clickOnLoginButton method
2026-01-29 00:34:26 INFO  BasePage - Starting of click method
2026-01-29 00:34:27 INFO  BasePage - Starting of clickOnEmployeeButton method
2026-01-29 00:34:27 INFO  BasePage - Ending of click method
2026-01-29 00:34:27 INFO  BasePage - Ending of clickOnLoginButton method
2026-01-29 00:34:27 INFO  BaseTest - Ending of setup method
2026-01-29 00:34:27 INFO  Listeners - Test Started  : A_testVaildEmployeeDetails
2026-01-29 00:34:27 INFO  BaseTest - Starting of testVaildEmployeeDetails method
2026-01-29 00:34:27 INFO  BasePage - Starting of getWelcomeToJalaAcademy method
2026-01-29 00:34:27 INFO  BasePage - Ending of getWelcomeToJalaAcademy method
2026-01-29 00:34:27 INFO  BasePage - Starting of getText method
2026-01-29 00:34:27 INFO  BasePage - Ending of getText method
2026-01-29 00:34:27 INFO  BasePage - Starting of clickOnEmployeeButton method
2026-01-29 00:34:29 INFO  BasePage - Starting of click method
2026-01-29 00:34:29 INFO  BasePage - Ending of click method
2026-01-29 00:34:29 INFO  BasePage - Ending of clickOnEmployeeButton method
2026-01-29 00:34:29 INFO  BasePage - Starting of clickOnCreateButton method
2026-01-29 00:34:29 INFO  BasePage - Starting of click method
2026-01-29 00:34:30 INFO  BasePage - Ending of click method
2026-01-29 00:34:30 INFO  BasePage - Ending of clickOnEmployeeButton method
2026-01-29 00:34:30 INFO  BasePage - Starting of clickOnCreateButton method
2026-01-29 00:34:31 INFO  BasePage - Starting of click method
2026-01-29 00:34:31 INFO  BasePage - Starting of EmployeeDetails constructor
2026-01-29 00:34:31 INFO  BasePage - Ending of EmployeeDetails constructor
2026-01-29 00:34:31 INFO  BasePage - Starting of LoginPage constructor
2026-01-29 00:34:31 INFO  BasePage - Ending of LoginPage constructor
2026-01-29 00:34:31 INFO  BasePage - Ending of click method
2026-01-29 00:34:31 INFO  BasePage - Ending of clickOnCreateButton method
2026-01-29 00:34:31 INFO  BasePage - Starting of enterFirstName method
2026-01-29 00:34:31 INFO  BasePage - Starting of sendKeys method
2026-01-29 00:34:32 INFO  BasePage - Starting of EmployeeDetails constructor
2026-01-29 00:34:32 INFO  BasePage - Ending of EmployeeDetails constructor
2026-01-29 00:34:32 INFO  BasePage - Starting of LoginPage constructor
2026-01-29 00:34:32 INFO  BasePage - Ending of LoginPage constructor
2026-01-29 00:34:32 INFO  BasePage - Starting of click method
2026-01-29 00:34:32 INFO  BasePage - Ending of sendKeys method
2026-01-29 00:34:32 INFO  BasePage - Ending of enterFirstName method
2026-01-29 00:34:32 INFO  BasePage - Starting of enterFirstName method
2026-01-29 00:34:32 INFO  BasePage - Starting of sendKeys method
2026-01-29 00:34:32 INFO  BasePage - Ending of click method
2026-01-29 00:34:32 INFO  BasePage - Ending of clickOnCreateButton method
2026-01-29 00:34:32 INFO  BasePage - Starting of enterFirstName method
2026-01-29 00:34:32 INFO  BasePage - Starting of sendKeys method
2026-01-29 00:34:33 INFO  BasePage - Starting of enterEmail method
2026-01-29 00:34:33 INFO  BasePage - Starting of sendKeys method
2026-01-29 00:34:33 INFO  BasePage - Ending of sendKeys method
2026-01-29 00:34:33 INFO  BasePage - Ending of enterEmail method
2026-01-29 00:34:33 INFO  BasePage - Starting of enterPassword method
2026-01-29 00:34:33 INFO  BasePage - Starting of sendKeys method
2026-01-29 00:34:33 INFO  BasePage - Ending of sendKeys method
2026-01-29 00:34:33 INFO  BasePage - Ending of enterPassword method
2026-01-29 00:34:33 INFO  BasePage - Starting of clickOnRememberMe method
2026-01-29 00:34:33 INFO  BasePage - Starting of click method
2026-01-29 00:34:33 INFO  BasePage - Ending of click method
2026-01-29 00:34:33 INFO  BasePage - Ending of clickOnRememberMe method
2026-01-29 00:34:33 INFO  BasePage - Starting of clickOnLoginButton method
2026-01-29 00:34:33 INFO  BasePage - Starting of click method
2026-01-29 00:34:33 INFO  BasePage - Starting of enterEmail method
2026-01-29 00:34:33 INFO  BasePage - Starting of sendKeys method
2026-01-29 00:34:34 INFO  BasePage - Ending of click method
2026-01-29 00:34:34 INFO  BasePage - Ending of clickOnLoginButton method
2026-01-29 00:34:34 INFO  BaseTest - Ending of setup method
2026-01-29 00:34:34 INFO  Listeners - Test Started  : A_testVaildEmployeeDetails
2026-01-29 00:34:34 INFO  BaseTest - Starting of testVaildEmployeeDetails method
2026-01-29 00:34:34 INFO  BasePage - Starting of getWelcomeToJalaAcademy method
2026-01-29 00:34:34 INFO  BasePage - Ending of getWelcomeToJalaAcademy method
2026-01-29 00:34:34 INFO  BasePage - Starting of getText method
2026-01-29 00:34:34 INFO  BasePage - Ending of getText method
2026-01-29 00:34:34 INFO  BasePage - Ending of sendKeys method
2026-01-29 00:34:34 INFO  BasePage - Ending of enterFirstName method
2026-01-29 00:34:34 INFO  BasePage - Starting of enterEmailId method
2026-01-29 00:34:34 INFO  BasePage - Starting of sendKeys method
2026-01-29 00:34:34 INFO  BasePage - Ending of sendKeys method
2026-01-29 00:34:34 INFO  BasePage - Ending of enterFirstName method
2026-01-29 00:34:34 INFO  BasePage - Starting of enterFirstName method
2026-01-29 00:34:34 INFO  BasePage - Starting of sendKeys method
2026-01-29 00:34:34 INFO  BasePage - Starting of clickOnEmployeeButton method
2026-01-29 00:34:34 INFO  BasePage - Ending of sendKeys method
2026-01-29 00:34:34 INFO  BasePage - Ending of enterEmail method
2026-01-29 00:34:34 INFO  BasePage - Starting of enterPassword method
2026-01-29 00:34:34 INFO  BasePage - Starting of sendKeys method
2026-01-29 00:34:34 INFO  BasePage - Ending of sendKeys method
2026-01-29 00:34:34 INFO  BasePage - Ending of enterPassword method
2026-01-29 00:34:34 INFO  BasePage - Starting of clickOnRememberMe method
2026-01-29 00:34:34 INFO  BasePage - Starting of click method
2026-01-29 00:34:34 INFO  BasePage - Ending of sendKeys method
2026-01-29 00:34:34 INFO  BasePage - Ending of enterFirstName method
2026-01-29 00:34:34 INFO  BasePage - Starting of enterEmailId method
2026-01-29 00:34:34 INFO  BasePage - Starting of sendKeys method
2026-01-29 00:34:34 INFO  BasePage - Ending of sendKeys method
2026-01-29 00:34:34 INFO  BasePage - Ending of enterEmailId method
2026-01-29 00:34:34 INFO  BasePage - Starting of enterMobileNumber method
2026-01-29 00:34:34 INFO  BasePage - Starting of sendKeys method
2026-01-29 00:34:35 INFO  BasePage - Ending of click method
2026-01-29 00:34:35 INFO  BasePage - Ending of clickOnRememberMe method
2026-01-29 00:34:35 INFO  BasePage - Starting of clickOnLoginButton method
2026-01-29 00:34:35 INFO  BasePage - Starting of click method
2026-01-29 00:34:35 INFO  BasePage - Ending of sendKeys method
2026-01-29 00:34:35 INFO  BasePage - Ending of enterMobileNumber method
2026-01-29 00:34:35 INFO  BasePage - Starting of enterDateOfBirth method
2026-01-29 00:34:35 INFO  BasePage - Starting of sendKeys method
2026-01-29 00:34:35 INFO  BasePage - Ending of click method
2026-01-29 00:34:35 INFO  BasePage - Ending of clickOnLoginButton method
2026-01-29 00:34:35 INFO  BaseTest - Ending of setup method
2026-01-29 00:34:35 INFO  BasePage - Ending of sendKeys method
2026-01-29 00:34:35 INFO  BasePage - Ending of enterEmailId method
2026-01-29 00:34:35 INFO  BasePage - Starting of enterMobileNumber method
2026-01-29 00:34:35 INFO  BasePage - Starting of sendKeys method
2026-01-29 00:34:35 INFO  Listeners - Test Started  : A_testVaildEmployeeDetails
2026-01-29 00:34:35 INFO  BaseTest - Starting of testVaildEmployeeDetails method
2026-01-29 00:34:35 INFO  BasePage - Starting of getWelcomeToJalaAcademy method
2026-01-29 00:34:35 INFO  BasePage - Ending of getWelcomeToJalaAcademy method
2026-01-29 00:34:35 INFO  BasePage - Starting of getText method
2026-01-29 00:34:35 INFO  BasePage - Ending of getText method
2026-01-29 00:34:35 INFO  BasePage - Ending of sendKeys method
2026-01-29 00:34:35 INFO  BasePage - Ending of enterMobileNumber method
2026-01-29 00:34:35 INFO  BasePage - Starting of enterDateOfBirth method
2026-01-29 00:34:35 INFO  BasePage - Starting of sendKeys method
2026-01-29 00:34:35 INFO  BasePage - Ending of sendKeys method
2026-01-29 00:34:35 INFO  BasePage - Ending of enterDateOfBirth method
2026-01-29 00:34:35 INFO  BasePage - Starting of clickOnEmployeeButton method
2026-01-29 00:34:35 INFO  BasePage - Starting of clickOnEmployeeButton method
2026-01-29 00:34:36 INFO  BasePage - Ending of sendKeys method
2026-01-29 00:34:36 INFO  BasePage - Ending of enterDateOfBirth method
2026-01-29 00:34:36 INFO  BasePage - Starting of clickOnEmployeeButton method
2026-01-29 00:34:36 INFO  BasePage - Starting of click method
2026-01-29 00:34:36 INFO  BasePage - Ending of click method
2026-01-29 00:34:36 INFO  BasePage - Ending of clickOnEmployeeButton method
2026-01-29 00:34:36 INFO  BasePage - Starting of clickOnCreateButton method
2026-01-29 00:34:37 INFO  BasePage - Starting of click method
2026-01-29 00:34:37 INFO  BasePage - Ending of click method
2026-01-29 00:34:37 INFO  BasePage - Ending of clickOnEmployeeButton method
2026-01-29 00:34:37 INFO  BasePage - Starting of enterAddress method
2026-01-29 00:34:37 INFO  BasePage - Starting of sendKeys method
2026-01-29 00:34:37 INFO  BasePage - Starting of click method
2026-01-29 00:34:37 INFO  BasePage - Ending of click method
2026-01-29 00:34:37 INFO  BasePage - Ending of clickOnEmployeeButton method
2026-01-29 00:34:37 INFO  BasePage - Starting of clickOnCreateButton method
2026-01-29 00:34:38 INFO  BasePage - Starting of click method
2026-01-29 00:34:38 INFO  BasePage - Ending of sendKeys method
2026-01-29 00:34:38 INFO  BasePage - Ending of enterAddress method
2026-01-29 00:34:38 INFO  BasePage - Starting of clickOnSelectCity method
2026-01-29 00:34:38 INFO  BasePage - Starting of click method
2026-01-29 00:34:38 INFO  BasePage - Ending of click method
2026-01-29 00:34:38 INFO  BasePage - Ending of clickOnEmployeeButton method
2026-01-29 00:34:38 INFO  BasePage - Starting of enterAddress method
2026-01-29 00:34:38 INFO  BasePage - Starting of sendKeys method
2026-01-29 00:34:38 INFO  BasePage - Ending of click method
2026-01-29 00:34:38 INFO  BasePage - Ending of clickOnSelectCity method
2026-01-29 00:34:38 INFO  BasePage - Starting of clickOnIndia method
2026-01-29 00:34:38 INFO  BasePage - Starting of click method
2026-01-29 00:34:38 INFO  BasePage - Starting of click method
2026-01-29 00:34:38 INFO  BasePage - Ending of click method
2026-01-29 00:34:38 INFO  BasePage - Ending of clickOnIndia method
2026-01-29 00:34:38 INFO  BasePage - Ending of sendKeys method
2026-01-29 00:34:38 INFO  BasePage - Ending of enterAddress method
2026-01-29 00:34:38 INFO  BasePage - Starting of clickOnSelectCity method
2026-01-29 00:34:38 INFO  BasePage - Starting of click method
2026-01-29 00:34:39 INFO  BasePage - Ending of click method
2026-01-29 00:34:39 INFO  BasePage - Ending of clickOnSelectCity method
2026-01-29 00:34:39 INFO  BasePage - Starting of clickOnIndia method
2026-01-29 00:34:39 INFO  BasePage - Starting of click method
2026-01-29 00:34:39 INFO  BasePage - Ending of click method
2026-01-29 00:34:39 INFO  BasePage - Ending of clickOnIndia method
2026-01-29 00:34:39 INFO  BasePage - Ending of click method
2026-01-29 00:34:39 INFO  BasePage - Ending of clickOnCreateButton method
2026-01-29 00:34:39 INFO  BasePage - Starting of enterFirstName method
2026-01-29 00:34:39 INFO  BasePage - Starting of sendKeys method
2026-01-29 00:34:39 INFO  BasePage - Ending of sendKeys method
2026-01-29 00:34:39 INFO  BasePage - Ending of enterFirstName method
2026-01-29 00:34:39 INFO  BasePage - Starting of enterFirstName method
2026-01-29 00:34:39 INFO  BasePage - Starting of sendKeys method
2026-01-29 00:34:39 INFO  BasePage - Ending of sendKeys method
2026-01-29 00:34:39 INFO  BasePage - Ending of enterFirstName method
2026-01-29 00:34:39 INFO  BasePage - Starting of enterEmailId method
2026-01-29 00:34:39 INFO  BasePage - Starting of sendKeys method
2026-01-29 00:34:39 INFO  BasePage - Ending of sendKeys method
2026-01-29 00:34:39 INFO  BasePage - Ending of enterEmailId method
2026-01-29 00:34:39 INFO  BasePage - Starting of enterMobileNumber method
2026-01-29 00:34:39 INFO  BasePage - Starting of sendKeys method
2026-01-29 00:34:39 INFO  BasePage - Ending of sendKeys method
2026-01-29 00:34:39 INFO  BasePage - Ending of enterMobileNumber method
2026-01-29 00:34:39 INFO  BasePage - Starting of enterDateOfBirth method
2026-01-29 00:34:39 INFO  BasePage - Starting of sendKeys method
2026-01-29 00:34:39 INFO  BasePage - Starting of click method
2026-01-29 00:34:39 INFO  BasePage - Ending of sendKeys method
2026-01-29 00:34:39 INFO  BasePage - Ending of enterDateOfBirth method
2026-01-29 00:34:39 INFO  BasePage - Starting of clickOnEmployeeButton method
2026-01-29 00:34:40 INFO  BasePage - Ending of click method
2026-01-29 00:34:40 INFO  BasePage - Ending of clickOnCreateButton method
2026-01-29 00:34:40 INFO  BasePage - Starting of enterFirstName method
2026-01-29 00:34:40 INFO  BasePage - Starting of sendKeys method
2026-01-29 00:34:40 INFO  BasePage - Ending of sendKeys method
2026-01-29 00:34:40 INFO  BasePage - Ending of enterFirstName method
2026-01-29 00:34:40 INFO  BasePage - Starting of enterFirstName method
2026-01-29 00:34:40 INFO  BasePage - Starting of sendKeys method
2026-01-29 00:34:40 INFO  BasePage - Ending of sendKeys method
2026-01-29 00:34:40 INFO  BasePage - Ending of enterFirstName method
2026-01-29 00:34:40 INFO  BasePage - Starting of enterEmailId method
2026-01-29 00:34:40 INFO  BasePage - Starting of sendKeys method
2026-01-29 00:34:40 INFO  BasePage - Ending of sendKeys method
2026-01-29 00:34:40 INFO  BasePage - Ending of enterEmailId method
2026-01-29 00:34:40 INFO  BasePage - Starting of enterMobileNumber method
2026-01-29 00:34:40 INFO  BasePage - Starting of sendKeys method
2026-01-29 00:34:40 INFO  BasePage - Ending of sendKeys method
2026-01-29 00:34:40 INFO  BasePage - Ending of enterMobileNumber method
2026-01-29 00:34:40 INFO  BasePage - Starting of enterDateOfBirth method
2026-01-29 00:34:40 INFO  BasePage - Starting of sendKeys method
2026-01-29 00:34:40 INFO  BasePage - Ending of sendKeys method
2026-01-29 00:34:40 INFO  BasePage - Ending of enterDateOfBirth method
2026-01-29 00:34:40 INFO  BasePage - Starting of clickOnEmployeeButton method
2026-01-29 00:34:41 INFO  BasePage - Starting of clickOnSelectCity method
2026-01-29 00:34:41 INFO  BasePage - Starting of click method
2026-01-29 00:34:41 INFO  BasePage - Ending of click method
2026-01-29 00:34:41 INFO  BasePage - Ending of clickOnSelectCity method
2026-01-29 00:34:41 INFO  BasePage - Starting of clickOnHyderabad method
2026-01-29 00:34:41 INFO  BasePage - Starting of click method
2026-01-29 00:34:41 INFO  BasePage - Ending of click method
2026-01-29 00:34:41 INFO  BasePage - Ending of clickOnHyderabad method
2026-01-29 00:34:41 INFO  BasePage - Starting of clickOnQaAutomation method
2026-01-29 00:34:41 INFO  BasePage - Starting of click method
2026-01-29 00:34:41 INFO  BasePage - Starting of click method
2026-01-29 00:34:42 INFO  BasePage - Ending of click method
2026-01-29 00:34:42 INFO  BasePage - Ending of clickOnEmployeeButton method
2026-01-29 00:34:42 INFO  BasePage - Starting of enterAddress method
2026-01-29 00:34:42 INFO  BasePage - Starting of sendKeys method
2026-01-29 00:34:42 INFO  BasePage - Ending of click method
2026-01-29 00:34:42 INFO  BasePage - Ending of clickOnQaAutomation method
2026-01-29 00:34:42 INFO  BasePage - Starting of clickOnIndia method
2026-01-29 00:34:42 INFO  BasePage - Starting of click method
2026-01-29 00:34:42 INFO  BasePage - Ending of click method
2026-01-29 00:34:42 INFO  BasePage - Ending of clickOnIndia method
2026-01-29 00:34:42 INFO  BaseTest - Ending of testVaildEmployeeDetails method
2026-01-29 00:34:42 INFO  Listeners - Test PassedA_testVaildEmployeeDetails
2026-01-29 00:34:42 INFO  BasePage - Ending of sendKeys method
2026-01-29 00:34:42 INFO  BasePage - Ending of enterAddress method
2026-01-29 00:34:42 INFO  BasePage - Starting of clickOnSelectCity method
2026-01-29 00:34:42 INFO  BasePage - Starting of click method
2026-01-29 00:34:42 INFO  BasePage - Starting of clickOnSelectCity method
2026-01-29 00:34:42 INFO  BasePage - Starting of click method
2026-01-29 00:34:42 INFO  BaseTest - Starting of setup method
2026-01-29 00:34:42 INFO  BasePage - Ending of click method
2026-01-29 00:34:42 INFO  BasePage - Ending of clickOnSelectCity method
2026-01-29 00:34:42 INFO  BasePage - Starting of clickOnHyderabad method
2026-01-29 00:34:42 INFO  BasePage - Starting of click method
2026-01-29 00:34:42 INFO  BasePage - Ending of click method
2026-01-29 00:34:42 INFO  BasePage - Ending of clickOnHyderabad method
2026-01-29 00:34:42 INFO  BasePage - Starting of clickOnQaAutomation method
2026-01-29 00:34:42 INFO  BasePage - Starting of click method
2026-01-29 00:34:42 INFO  BasePage - Ending of click method
2026-01-29 00:34:42 INFO  BasePage - Ending of clickOnSelectCity method
2026-01-29 00:34:42 INFO  BasePage - Starting of clickOnIndia method
2026-01-29 00:34:42 INFO  BasePage - Starting of click method
2026-01-29 00:34:42 INFO  BasePage - Ending of click method
2026-01-29 00:34:42 INFO  BasePage - Ending of clickOnIndia method
2026-01-29 00:34:42 INFO  BasePage - Ending of click method
2026-01-29 00:34:42 INFO  BasePage - Ending of clickOnQaAutomation method
2026-01-29 00:34:42 INFO  BasePage - Starting of clickOnIndia method
2026-01-29 00:34:42 INFO  BasePage - Starting of click method
2026-01-29 00:34:42 INFO  BasePage - Ending of click method
2026-01-29 00:34:42 INFO  BasePage - Ending of clickOnIndia method
2026-01-29 00:34:42 INFO  BaseTest - Ending of testVaildEmployeeDetails method
2026-01-29 00:34:42 INFO  Listeners - Test PassedA_testVaildEmployeeDetails
2026-01-29 00:34:42 INFO  BasePage - Starting of click method
2026-01-29 00:34:43 INFO  BasePage - Ending of click method
2026-01-29 00:34:43 INFO  BasePage - Ending of clickOnEmployeeButton method
2026-01-29 00:34:43 INFO  BasePage - Starting of enterAddress method
2026-01-29 00:34:43 INFO  BasePage - Starting of sendKeys method
2026-01-29 00:34:43 INFO  BasePage - Ending of sendKeys method
2026-01-29 00:34:43 INFO  BasePage - Ending of enterAddress method
2026-01-29 00:34:43 INFO  BasePage - Starting of clickOnSelectCity method
2026-01-29 00:34:43 INFO  BasePage - Starting of click method
2026-01-29 00:34:43 INFO  BaseTest - Starting of setup method
2026-01-29 00:34:44 INFO  BasePage - Starting of LoginPage constructor
2026-01-29 00:34:44 INFO  BasePage - Ending of LoginPage constructor
2026-01-29 00:34:44 INFO  BasePage - Starting of EmployeeDetails constructor
2026-01-29 00:34:44 INFO  BasePage - Ending of EmployeeDetails constructor
2026-01-29 00:34:44 INFO  BasePage - Starting of SearchEmployee method
2026-01-29 00:34:44 INFO  BasePage - Ending of SearchEmployee method
2026-01-29 00:34:44 INFO  BasePage - Ending of click method
2026-01-29 00:34:44 INFO  BasePage - Ending of clickOnSelectCity method
2026-01-29 00:34:44 INFO  BasePage - Starting of clickOnIndia method
2026-01-29 00:34:44 INFO  BasePage - Starting of click method
2026-01-29 00:34:44 INFO  BasePage - Ending of click method
2026-01-29 00:34:44 INFO  BasePage - Ending of clickOnIndia method
2026-01-29 00:34:45 INFO  BasePage - Starting of LoginPage constructor
2026-01-29 00:34:45 INFO  BasePage - Ending of LoginPage constructor
2026-01-29 00:34:45 INFO  BasePage - Starting of EmployeeDetails constructor
2026-01-29 00:34:45 INFO  BasePage - Ending of EmployeeDetails constructor
2026-01-29 00:34:45 INFO  BasePage - Starting of SearchEmployee method
2026-01-29 00:34:45 INFO  BasePage - Ending of SearchEmployee method
2026-01-29 00:34:45 INFO  BasePage - Starting of enterEmail method
2026-01-29 00:34:45 INFO  BasePage - Starting of sendKeys method
2026-01-29 00:34:45 INFO  BasePage - Starting of enterEmail method
2026-01-29 00:34:45 INFO  BasePage - Starting of sendKeys method
2026-01-29 00:34:45 INFO  BasePage - Starting of clickOnSelectCity method
2026-01-29 00:34:45 INFO  BasePage - Starting of click method
2026-01-29 00:34:45 INFO  BasePage - Ending of sendKeys method
2026-01-29 00:34:45 INFO  BasePage - Ending of enterEmail method
2026-01-29 00:34:45 INFO  BasePage - Starting of enterPassword method
2026-01-29 00:34:45 INFO  BasePage - Starting of sendKeys method
2026-01-29 00:34:46 INFO  BasePage - Ending of click method
2026-01-29 00:34:46 INFO  BasePage - Ending of clickOnSelectCity method
2026-01-29 00:34:46 INFO  BasePage - Starting of clickOnHyderabad method
2026-01-29 00:34:46 INFO  BasePage - Starting of click method
2026-01-29 00:34:46 INFO  BasePage - Ending of sendKeys method
2026-01-29 00:34:46 INFO  BasePage - Ending of enterPassword method
2026-01-29 00:34:46 INFO  BasePage - Starting of clickOnRememberMe method
2026-01-29 00:34:46 INFO  BasePage - Starting of click method
2026-01-29 00:34:46 INFO  BasePage - Ending of click method
2026-01-29 00:34:46 INFO  BasePage - Ending of clickOnHyderabad method
2026-01-29 00:34:46 INFO  BasePage - Starting of clickOnQaAutomation method
2026-01-29 00:34:46 INFO  BasePage - Starting of click method
2026-01-29 00:34:46 INFO  BasePage - Ending of click method
2026-01-29 00:34:46 INFO  BasePage - Ending of clickOnQaAutomation method
2026-01-29 00:34:46 INFO  BasePage - Starting of clickOnIndia method
2026-01-29 00:34:46 INFO  BasePage - Starting of click method
2026-01-29 00:34:46 INFO  BasePage - Ending of click method
2026-01-29 00:34:46 INFO  BasePage - Ending of clickOnRememberMe method
2026-01-29 00:34:46 INFO  BasePage - Starting of clickOnLoginButton method
2026-01-29 00:34:46 INFO  BasePage - Starting of click method
2026-01-29 00:34:46 INFO  BasePage - Ending of click method
2026-01-29 00:34:46 INFO  BasePage - Ending of clickOnIndia method
2026-01-29 00:34:46 INFO  BaseTest - Ending of testVaildEmployeeDetails method
2026-01-29 00:34:46 INFO  Listeners - Test PassedA_testVaildEmployeeDetails
2026-01-29 00:34:46 INFO  BasePage - Ending of click method
2026-01-29 00:34:46 INFO  BasePage - Ending of clickOnLoginButton method
2026-01-29 00:34:46 INFO  BasePage - Starting of clickOnEmployeeButton method
2026-01-29 00:34:46 INFO  BasePage - Ending of sendKeys method
2026-01-29 00:34:46 INFO  BasePage - Ending of enterEmail method
2026-01-29 00:34:46 INFO  BasePage - Starting of enterPassword method
2026-01-29 00:34:46 INFO  BasePage - Starting of sendKeys method
2026-01-29 00:34:46 INFO  BasePage - Ending of sendKeys method
2026-01-29 00:34:46 INFO  BasePage - Ending of enterPassword method
2026-01-29 00:34:46 INFO  BasePage - Starting of clickOnRememberMe method
2026-01-29 00:34:46 INFO  BasePage - Starting of click method
2026-01-29 00:34:46 INFO  BasePage - Ending of click method
2026-01-29 00:34:46 INFO  BasePage - Ending of clickOnRememberMe method
2026-01-29 00:34:46 INFO  BasePage - Starting of clickOnLoginButton method
2026-01-29 00:34:46 INFO  BasePage - Starting of click method
2026-01-29 00:34:46 INFO  BasePage - Ending of click method
2026-01-29 00:34:46 INFO  BasePage - Ending of clickOnLoginButton method
2026-01-29 00:34:46 INFO  BasePage - Starting of clickOnEmployeeButton method
2026-01-29 00:34:47 INFO  BasePage - Starting of clickOnSelectCity method
2026-01-29 00:34:47 INFO  BasePage - Starting of click method
2026-01-29 00:34:47 INFO  BasePage - Ending of click method
2026-01-29 00:34:47 INFO  BasePage - Ending of clickOnSelectCity method
2026-01-29 00:34:47 INFO  BasePage - Starting of clickOnHyderabad method
2026-01-29 00:34:47 INFO  BasePage - Starting of click method
2026-01-29 00:34:47 INFO  BaseTest - Starting of setup method
2026-01-29 00:34:47 INFO  BasePage - Ending of click method
2026-01-29 00:34:47 INFO  BasePage - Ending of clickOnHyderabad method
2026-01-29 00:34:47 INFO  BasePage - Starting of clickOnQaAutomation method
2026-01-29 00:34:47 INFO  BasePage - Starting of click method
2026-01-29 00:34:47 INFO  BasePage - Ending of click method
2026-01-29 00:34:47 INFO  BasePage - Ending of clickOnQaAutomation method
2026-01-29 00:34:47 INFO  BasePage - Starting of clickOnIndia method
2026-01-29 00:34:47 INFO  BasePage - Starting of click method
2026-01-29 00:34:48 INFO  BasePage - Ending of click method
2026-01-29 00:34:48 INFO  BasePage - Ending of clickOnIndia method
2026-01-29 00:34:48 INFO  BaseTest - Ending of testVaildEmployeeDetails method
2026-01-29 00:34:48 INFO  Listeners - Test PassedA_testVaildEmployeeDetails
2026-01-29 00:34:48 INFO  BasePage - Starting of click method
2026-01-29 00:34:48 INFO  BasePage - Ending of click method
2026-01-29 00:34:48 INFO  BasePage - Ending of clickOnEmployeeButton method
2026-01-29 00:34:48 INFO  BaseTest - Ending of setup method
2026-01-29 00:34:48 INFO  Listeners - Test Started  : A_testSearchEmployee
2026-01-29 00:34:48 INFO  BaseTest - Starting of testSearchEmployee method
2026-01-29 00:34:48 INFO  BasePage - Starting of click method
2026-01-29 00:34:49 INFO  BasePage - Ending of click method
2026-01-29 00:34:49 INFO  BasePage - Ending of clickOnEmployeeButton method
2026-01-29 00:34:49 INFO  BaseTest - Ending of setup method
2026-01-29 00:34:49 INFO  Listeners - Test Started  : A_testSearchEmployee
2026-01-29 00:34:49 INFO  BaseTest - Starting of testSearchEmployee method
2026-01-29 00:34:50 INFO  BaseTest - Starting of setup method
2026-01-29 00:34:51 INFO  BasePage - Starting of clickOnSearch method
2026-01-29 00:34:51 INFO  BasePage - Starting of click method
2026-01-29 00:34:52 INFO  BasePage - Starting of clickOnSearch method
2026-01-29 00:34:52 INFO  BasePage - Starting of click method
2026-01-29 00:34:52 INFO  BasePage - Ending of click method
2026-01-29 00:34:52 INFO  BasePage - Ending of clickOnSearch method
2026-01-29 00:34:52 INFO  BasePage - Starting of enterEmployeeName method
2026-01-29 00:34:52 INFO  BasePage - Starting of sendKeys method
2026-01-29 00:34:53 INFO  BasePage - Ending of sendKeys method
2026-01-29 00:34:53 INFO  BasePage - Ending of enterEmployeeName method
2026-01-29 00:34:53 INFO  BasePage - Starting of enterPassword method
2026-01-29 00:34:53 INFO  BasePage - Starting of sendKeys method
2026-01-29 00:34:53 INFO  BasePage - Ending of sendKeys method
2026-01-29 00:34:53 INFO  BasePage - Ending of enterPassword method
2026-01-29 00:34:53 INFO  BasePage - Starting of clickOnSearch1 method
2026-01-29 00:34:53 INFO  BasePage - Starting of click method
2026-01-29 00:34:53 INFO  BasePage - Ending of click method
2026-01-29 00:34:53 INFO  BasePage - Ending of clickOnSearch method
2026-01-29 00:34:53 INFO  BasePage - Starting of enterEmployeeName method
2026-01-29 00:34:53 INFO  BasePage - Starting of sendKeys method
2026-01-29 00:34:53 INFO  BasePage - Ending of click method
2026-01-29 00:34:53 INFO  BasePage - Ending of setup method
2026-01-29 00:34:53 INFO  BasePage - Ending of sendKeys method
2026-01-29 00:34:53 INFO  BasePage - Ending of enterEmployeeName method
2026-01-29 00:34:53 INFO  BasePage - Starting of enterPassword method
2026-01-29 00:34:53 INFO  BasePage - Starting of sendKeys method
2026-01-29 00:34:53 INFO  BasePage - Ending of sendKeys method
2026-01-29 00:34:53 INFO  BasePage - Ending of enterPassword method
2026-01-29 00:34:53 INFO  BasePage - Starting of clickOnSearch1 method
2026-01-29 00:34:53 INFO  BasePage - Starting of click method
2026-01-29 00:34:54 INFO  BasePage - Ending of click method
2026-01-29 00:34:54 INFO  BasePage - Ending of setup method
2026-01-29 00:34:54 INFO  BasePage - Starting of LoginPage constructor
2026-01-29 00:34:54 INFO  BasePage - Ending of LoginPage constructor
2026-01-29 00:34:54 INFO  BasePage - Starting of EmployeeDetails constructor
2026-01-29 00:34:54 INFO  BasePage - Ending of EmployeeDetails constructor
2026-01-29 00:34:54 INFO  BasePage - Starting of SearchEmployee method
2026-01-29 00:34:54 INFO  BasePage - Ending of SearchEmployee method
2026-01-29 00:34:55 INFO  BasePage - Starting of enterEmail method
2026-01-29 00:34:55 INFO  BasePage - Starting of sendKeys method
2026-01-29 00:34:55 INFO  BasePage - Ending of sendKeys method
2026-01-29 00:34:55 INFO  BasePage - Ending of enterEmail method
2026-01-29 00:34:55 INFO  BasePage - Starting of enterPassword method
2026-01-29 00:34:55 INFO  BasePage - Starting of sendKeys method
2026-01-29 00:34:55 INFO  BasePage - Ending of sendKeys method
2026-01-29 00:34:55 INFO  BasePage - Ending of enterPassword method
2026-01-29 00:34:55 INFO  BasePage - Starting of clickOnRememberMe method
2026-01-29 00:34:55 INFO  BasePage - Starting of click method
2026-01-29 00:34:55 INFO  BasePage - Ending of click method
2026-01-29 00:34:55 INFO  BasePage - Ending of clickOnRememberMe method
2026-01-29 00:34:55 INFO  BasePage - Starting of clickOnLoginButton method
2026-01-29 00:34:55 INFO  BasePage - Starting of click method
2026-01-29 00:34:55 INFO  BasePage - Ending of click method
2026-01-29 00:34:55 INFO  BasePage - Ending of clickOnLoginButton method
2026-01-29 00:34:55 INFO  BasePage - Starting of clickOnEmployeeButton method
2026-01-29 00:34:56 INFO  BaseTest - Ending of testSearchEmployee method
2026-01-29 00:34:56 INFO  Listeners - Test PassedA_testSearchEmployee
2026-01-29 00:34:56 INFO  BasePage - Starting of LoginPage constructor
2026-01-29 00:34:56 INFO  BasePage - Ending of LoginPage constructor
2026-01-29 00:34:56 INFO  BasePage - Starting of EmployeeDetails constructor
2026-01-29 00:34:56 INFO  BasePage - Ending of EmployeeDetails constructor
2026-01-29 00:34:56 INFO  BasePage - Starting of SearchEmployee method
2026-01-29 00:34:56 INFO  BasePage - Ending of SearchEmployee method
2026-01-29 00:34:57 INFO  BaseTest - Ending of testSearchEmployee method
2026-01-29 00:34:57 INFO  Listeners - Test PassedA_testSearchEmployee
2026-01-29 00:34:57 INFO  BasePage - Starting of enterEmail method
2026-01-29 00:34:57 INFO  BasePage - Starting of sendKeys method
2026-01-29 00:34:57 INFO  BasePage - Starting of click method
2026-01-29 00:34:58 INFO  BasePage - Ending of click method
2026-01-29 00:34:58 INFO  BasePage - Ending of clickOnEmployeeButton method
2026-01-29 00:34:58 INFO  BaseTest - Ending of setup method
2026-01-29 00:34:58 INFO  Listeners - Test Started  : A_testSearchEmployee
2026-01-29 00:34:58 INFO  BaseTest - Starting of testSearchEmployee method
2026-01-29 00:34:58 INFO  BasePage - Ending of sendKeys method
2026-01-29 00:34:58 INFO  BasePage - Ending of enterEmail method
2026-01-29 00:34:58 INFO  BasePage - Starting of enterPassword method
2026-01-29 00:34:58 INFO  BasePage - Starting of sendKeys method
2026-01-29 00:34:58 INFO  BasePage - Ending of sendKeys method
2026-01-29 00:34:58 INFO  BasePage - Ending of enterPassword method
2026-01-29 00:34:58 INFO  BasePage - Starting of clickOnRememberMe method
2026-01-29 00:34:58 INFO  BasePage - Starting of click method
2026-01-29 00:34:58 INFO  BasePage - Ending of click method
2026-01-29 00:34:58 INFO  BasePage - Ending of clickOnRememberMe method
2026-01-29 00:34:58 INFO  BasePage - Starting of clickOnLoginButton method
2026-01-29 00:34:58 INFO  BasePage - Starting of click method
2026-01-29 00:34:58 INFO  BasePage - Ending of click method
2026-01-29 00:34:58 INFO  BasePage - Ending of clickOnLoginButton method
2026-01-29 00:34:58 INFO  BasePage - Starting of clickOnEmployeeButton method
2026-01-29 00:34:59 INFO  BaseTest - Starting of setup method
2026-01-29 00:35:00 INFO  BasePage - Starting of MenuPage constructor
2026-01-29 00:35:00 INFO  BasePage - Ending of MenuPage constructor
2026-01-29 00:35:00 INFO  BasePage - Starting of HomePage constructor
2026-01-29 00:35:00 INFO  BasePage - Ending of HomePage constructor
2026-01-29 00:35:00 INFO  BasePage - Starting of LoginPage constructor
2026-01-29 00:35:00 INFO  BasePage - Ending of LoginPage constructor
2026-01-29 00:35:00 INFO  BaseTest - Starting of setup method
2026-01-29 00:35:00 INFO  BasePage - Starting of click method
2026-01-29 00:35:00 INFO  BasePage - Ending of click method
2026-01-29 00:35:00 INFO  BasePage - Ending of clickOnEmployeeButton method
2026-01-29 00:35:00 INFO  BaseTest - Ending of setup method
2026-01-29 00:35:00 INFO  Listeners - Test Started  : A_testSearchEmployee
2026-01-29 00:35:00 INFO  BaseTest - Starting of testSearchEmployee method
2026-01-29 00:35:01 INFO  BasePage - Starting of clickOnSearch method
2026-01-29 00:35:01 INFO  BasePage - Starting of click method
2026-01-29 00:35:01 INFO  BasePage - Starting of enterEmail method
2026-01-29 00:35:01 INFO  BasePage - Starting of sendKeys method
2026-01-29 00:35:01 INFO  BasePage - Starting of MenuPage constructor
2026-01-29 00:35:01 INFO  BasePage - Ending of MenuPage constructor
2026-01-29 00:35:01 INFO  BasePage - Starting of HomePage constructor
2026-01-29 00:35:01 INFO  BasePage - Ending of HomePage constructor
2026-01-29 00:35:01 INFO  BasePage - Starting of LoginPage constructor
2026-01-29 00:35:01 INFO  BasePage - Ending of LoginPage constructor
2026-01-29 00:35:02 INFO  BasePage - Starting of enterEmail method
2026-01-29 00:35:02 INFO  BasePage - Starting of sendKeys method
2026-01-29 00:35:02 INFO  BasePage - Ending of sendKeys method
2026-01-29 00:35:02 INFO  BasePage - Ending of enterEmail method
2026-01-29 00:35:02 INFO  BasePage - Starting of enterPassword method
2026-01-29 00:35:02 INFO  BasePage - Starting of sendKeys method
2026-01-29 00:35:02 INFO  BasePage - Ending of click method
2026-01-29 00:35:02 INFO  BasePage - Ending of clickOnSearch method
2026-01-29 00:35:02 INFO  BasePage - Starting of enterEmployeeName method
2026-01-29 00:35:02 INFO  BasePage - Starting of sendKeys method
2026-01-29 00:35:02 INFO  BasePage - Ending of sendKeys method
2026-01-29 00:35:02 INFO  BasePage - Ending of enterPassword method
2026-01-29 00:35:02 INFO  BasePage - Starting of clickOnRememberMe method
2026-01-29 00:35:02 INFO  BasePage - Starting of click method
2026-01-29 00:35:02 INFO  BasePage - Ending of sendKeys method
2026-01-29 00:35:02 INFO  BasePage - Ending of enterEmployeeName method
2026-01-29 00:35:02 INFO  BasePage - Starting of enterPassword method
2026-01-29 00:35:02 INFO  BasePage - Starting of sendKeys method
2026-01-29 00:35:02 INFO  BasePage - Ending of sendKeys method
2026-01-29 00:35:02 INFO  BasePage - Ending of enterPassword method
2026-01-29 00:35:02 INFO  BasePage - Starting of clickOnSearch1 method
2026-01-29 00:35:02 INFO  BasePage - Starting of click method
2026-01-29 00:35:02 INFO  BasePage - Ending of click method
2026-01-29 00:35:02 INFO  BasePage - Ending of clickOnRememberMe method
2026-01-29 00:35:02 INFO  BasePage - Starting of clickOnLoginButton method
2026-01-29 00:35:02 INFO  BasePage - Starting of click method
2026-01-29 00:35:02 INFO  BasePage - Ending of click method
2026-01-29 00:35:02 INFO  BasePage - Ending of setup method
2026-01-29 00:35:02 INFO  BasePage - Ending of click method
2026-01-29 00:35:02 INFO  BasePage - Ending of clickOnLoginButton method
2026-01-29 00:35:02 INFO  BasePage - Starting of clickOnMoreButton method
2026-01-29 00:35:03 INFO  BasePage - Ending of sendKeys method
2026-01-29 00:35:03 INFO  BasePage - Ending of enterEmail method
2026-01-29 00:35:03 INFO  BasePage - Starting of enterPassword method
2026-01-29 00:35:03 INFO  BasePage - Starting of sendKeys method
2026-01-29 00:35:03 INFO  BasePage - Ending of clickOnMoreButton method
2026-01-29 00:35:03 INFO  BasePage - Ending of sendKeys method
2026-01-29 00:35:03 INFO  BasePage - Ending of enterPassword method
2026-01-29 00:35:03 INFO  BasePage - Starting of clickOnRememberMe method
2026-01-29 00:35:03 INFO  BasePage - Starting of click method
2026-01-29 00:35:03 INFO  BasePage - Ending of click method
2026-01-29 00:35:03 INFO  BasePage - Ending of clickOnRememberMe method
2026-01-29 00:35:03 INFO  BasePage - Starting of clickOnLoginButton method
2026-01-29 00:35:03 INFO  BasePage - Starting of click method
2026-01-29 00:35:03 INFO  BasePage - Ending of click method
2026-01-29 00:35:03 INFO  BasePage - Ending of clickOnLoginButton method
2026-01-29 00:35:03 INFO  BasePage - Starting of clickOnMoreButton method
2026-01-29 00:35:03 INFO  BasePage - Starting of clickOnSearch method
2026-01-29 00:35:03 INFO  BasePage - Starting of click method
2026-01-29 00:35:04 INFO  BasePage - Ending of clickOnMoreButton method
2026-01-29 00:35:04 INFO  BasePage - Ending of click method
2026-01-29 00:35:04 INFO  BasePage - Ending of clickOnSearch method
2026-01-29 00:35:04 INFO  BasePage - Starting of enterEmployeeName method
2026-01-29 00:35:04 INFO  BasePage - Starting of sendKeys method
2026-01-29 00:35:04 INFO  BasePage - Ending of sendKeys method
2026-01-29 00:35:04 INFO  BasePage - Ending of enterEmployeeName method
2026-01-29 00:35:04 INFO  BasePage - Starting of enterPassword method
2026-01-29 00:35:04 INFO  BasePage - Starting of sendKeys method
2026-01-29 00:35:04 INFO  BasePage - Ending of sendKeys method
2026-01-29 00:35:04 INFO  BasePage - Ending of enterPassword method
2026-01-29 00:35:04 INFO  BasePage - Starting of clickOnSearch1 method
2026-01-29 00:35:04 INFO  BasePage - Starting of click method
2026-01-29 00:35:05 INFO  BaseTest - Ending of testSearchEmployee method
2026-01-29 00:35:05 INFO  Listeners - Test PassedA_testSearchEmployee
2026-01-29 00:35:05 INFO  BaseTest - Starting of setup method
2026-01-29 00:35:06 INFO  BasePage - Starting of clickOnMenuButton method
2026-01-29 00:35:06 INFO  BasePage - Starting of click method
2026-01-29 00:35:06 INFO  BasePage - Ending of click method
2026-01-29 00:35:06 INFO  BasePage - Ending of clickOnMenuButton method
2026-01-29 00:35:06 INFO  BaseTest - Ending of setup method
2026-01-29 00:35:06 INFO  Listeners - Test Started  : A_testMenu
2026-01-29 00:35:06 INFO  BaseTest - Starting of testMenu method
2026-01-29 00:35:06 INFO  BasePage - Starting of clickOnSubMenuButton method
2026-01-29 00:35:06 INFO  BasePage - Starting of click method
2026-01-29 00:35:07 INFO  BasePage - Ending of click method
2026-01-29 00:35:07 INFO  BasePage - Ending of clickOnSubMenuButton method
2026-01-29 00:35:07 INFO  BaseTest - Ending of testMenu method
2026-01-29 00:35:07 INFO  Listeners - Test PassedA_testMenu
2026-01-29 00:35:07 INFO  BasePage - Starting of clickOnMenuButton method
2026-01-29 00:35:07 INFO  BasePage - Starting of click method
2026-01-29 00:35:07 INFO  BaseTest - Starting of setup method
2026-01-29 00:35:07 INFO  BasePage - Ending of click method
2026-01-29 00:35:07 INFO  BasePage - Ending of clickOnMenuButton method
2026-01-29 00:35:07 INFO  BaseTest - Ending of setup method
2026-01-29 00:35:07 INFO  Listeners - Test Started  : A_testMenu
2026-01-29 00:35:07 INFO  BaseTest - Starting of testMenu method
2026-01-29 00:35:07 INFO  BasePage - Starting of clickOnSubMenuButton method
2026-01-29 00:35:07 INFO  BasePage - Starting of click method
2026-01-29 00:35:07 INFO  BasePage - Ending of click method
2026-01-29 00:35:07 INFO  BasePage - Ending of clickOnSubMenuButton method
2026-01-29 00:35:07 INFO  BaseTest - Ending of testMenu method
2026-01-29 00:35:07 INFO  Listeners - Test PassedA_testMenu
2026-01-29 00:35:07 INFO  BaseTest - Starting of setup method
2026-01-29 00:35:09 INFO  BasePage - Starting of IframePage constructor
2026-01-29 00:35:09 INFO  BasePage - Ending of IframePage constructor
2026-01-29 00:35:09 INFO  BasePage - Starting of HomePage constructor
2026-01-29 00:35:09 INFO  BasePage - Ending of HomePage constructor
2026-01-29 00:35:09 INFO  BasePage - Starting of LoginPage constructor
2026-01-29 00:35:09 INFO  BasePage - Ending of LoginPage constructor
2026-01-29 00:35:09 INFO  BasePage - Starting of enterEmail method
2026-01-29 00:35:09 INFO  BasePage - Starting of sendKeys method
2026-01-29 00:35:09 INFO  BaseTest - Starting of setup method
2026-01-29 00:35:10 INFO  BasePage - Starting of IframePage constructor
2026-01-29 00:35:10 INFO  BasePage - Ending of IframePage constructor
2026-01-29 00:35:10 INFO  BasePage - Starting of HomePage constructor
2026-01-29 00:35:10 INFO  BasePage - Ending of HomePage constructor
2026-01-29 00:35:10 INFO  BasePage - Starting of LoginPage constructor
2026-01-29 00:35:10 INFO  BasePage - Ending of LoginPage constructor
2026-01-29 00:35:11 INFO  BasePage - Starting of enterEmail method
2026-01-29 00:35:11 INFO  BasePage - Starting of sendKeys method
2026-01-29 00:35:11 INFO  BasePage - Ending of sendKeys method
2026-01-29 00:35:11 INFO  BasePage - Ending of enterEmail method
2026-01-29 00:35:11 INFO  BasePage - Starting of enterPassword method
2026-01-29 00:35:11 INFO  BasePage - Starting of sendKeys method
2026-01-29 00:35:11 INFO  BasePage - Ending of sendKeys method
2026-01-29 00:35:11 INFO  BasePage - Ending of enterPassword method
2026-01-29 00:35:11 INFO  BasePage - Starting of clickOnRememberMe method
2026-01-29 00:35:11 INFO  BasePage - Starting of click method
2026-01-29 00:35:11 INFO  BasePage - Ending of click method
2026-01-29 00:35:11 INFO  BasePage - Ending of clickOnRememberMe method
2026-01-29 00:35:11 INFO  BasePage - Starting of clickOnLoginButton method
2026-01-29 00:35:11 INFO  BasePage - Starting of click method
2026-01-29 00:35:12 INFO  BasePage - Ending of click method
2026-01-29 00:35:12 INFO  BasePage - Ending of clickOnLoginButton method
2026-01-29 00:35:12 INFO  BasePage - Starting of clickOnMoreButton method
2026-01-29 00:35:12 INFO  BasePage - Ending of sendKeys method
2026-01-29 00:35:12 INFO  BasePage - Ending of enterEmail method
2026-01-29 00:35:12 INFO  BasePage - Starting of enterPassword method
2026-01-29 00:35:12 INFO  BasePage - Starting of sendKeys method
2026-01-29 00:35:12 INFO  BasePage - Ending of sendKeys method
2026-01-29 00:35:12 INFO  BasePage - Ending of enterPassword method
2026-01-29 00:35:12 INFO  BasePage - Starting of clickOnRememberMe method
2026-01-29 00:35:12 INFO  BasePage - Starting of click method
2026-01-29 00:35:12 INFO  BasePage - Ending of clickOnMoreButton method
2026-01-29 00:35:13 INFO  BasePage - Ending of click method
2026-01-29 00:35:13 INFO  BasePage - Ending of clickOnRememberMe method
2026-01-29 00:35:13 INFO  BasePage - Starting of clickOnLoginButton method
2026-01-29 00:35:13 INFO  BasePage - Starting of click method
2026-01-29 00:35:13 INFO  BasePage - Ending of click method
2026-01-29 00:35:13 INFO  BasePage - Ending of clickOnLoginButton method
2026-01-29 00:35:13 INFO  BasePage - Starting of clickOnMoreButton method
2026-01-29 00:35:14 INFO  BasePage - Ending of clickOnMoreButton method
2026-01-29 00:35:14 INFO  BasePage - Starting of MenuPage constructor
2026-01-29 00:35:14 INFO  BasePage - Ending of MenuPage constructor
2026-01-29 00:35:14 INFO  BasePage - Starting of HomePage constructor
2026-01-29 00:35:14 INFO  BasePage - Ending of HomePage constructor
2026-01-29 00:35:14 INFO  BasePage - Starting of LoginPage constructor
2026-01-29 00:35:14 INFO  BasePage - Ending of LoginPage constructor
2026-01-29 00:35:15 INFO  BasePage - Starting of clickOnMenuButton method
2026-01-29 00:35:15 INFO  BasePage - Starting of click method
2026-01-29 00:35:15 INFO  BasePage - Starting of enterEmail method
2026-01-29 00:35:15 INFO  BasePage - Starting of sendKeys method
2026-01-29 00:35:16 INFO  BasePage - Starting of MenuPage constructor
2026-01-29 00:35:16 INFO  BasePage - Ending of sendKeys method
2026-01-29 00:35:16 INFO  BasePage - Ending of enterEmail method
2026-01-29 00:35:16 INFO  BasePage - Starting of enterPassword method
2026-01-29 00:35:16 INFO  BasePage - Starting of sendKeys method
2026-01-29 00:35:16 INFO  BasePage - Ending of MenuPage constructor
2026-01-29 00:35:16 INFO  BasePage - Starting of HomePage constructor
2026-01-29 00:35:16 INFO  BasePage - Ending of HomePage constructor
2026-01-29 00:35:16 INFO  BasePage - Starting of LoginPage constructor
2026-01-29 00:35:16 INFO  BasePage - Ending of LoginPage constructor
2026-01-29 00:35:16 INFO  BasePage - Ending of sendKeys method
2026-01-29 00:35:16 INFO  BasePage - Ending of enterPassword method
2026-01-29 00:35:16 INFO  BasePage - Starting of clickOnRememberMe method
2026-01-29 00:35:16 INFO  BasePage - Starting of click method
2026-01-29 00:35:17 INFO  BasePage - Ending of click method
2026-01-29 00:35:17 INFO  BasePage - Ending of clickOnMenuButton method
2026-01-29 00:35:17 INFO  BasePage - Starting of clickOnIframeButton method
2026-01-29 00:35:17 INFO  BasePage - Starting of click method
2026-01-29 00:35:17 INFO  BasePage - Starting of clickOnMenuButton method
2026-01-29 00:35:17 INFO  BasePage - Starting of click method
2026-01-29 00:35:17 INFO  BasePage - Ending of click method
2026-01-29 00:35:17 INFO  BasePage - Ending of clickOnRememberMe method
2026-01-29 00:35:17 INFO  BasePage - Starting of clickOnLoginButton method
2026-01-29 00:35:17 INFO  BasePage - Starting of click method
2026-01-29 00:35:17 INFO  BasePage - Ending of click method
2026-01-29 00:35:17 INFO  BasePage - Ending of clickOnLoginButton method
2026-01-29 00:35:17 INFO  BasePage - Starting of clickOnMoreButton method
2026-01-29 00:35:17 INFO  BasePage - Starting of enterEmail method
2026-01-29 00:35:17 INFO  BasePage - Starting of sendKeys method
2026-01-29 00:35:17 INFO  BasePage - Ending of click method
2026-01-29 00:35:17 INFO  BasePage - Ending of clickOnMenuButton method
2026-01-29 00:35:17 INFO  BasePage - Starting of clickOnIframeButton method
2026-01-29 00:35:17 INFO  BasePage - Starting of click method
2026-01-29 00:35:18 INFO  BasePage - Ending of sendKeys method
2026-01-29 00:35:18 INFO  BasePage - Ending of enterEmail method
2026-01-29 00:35:18 INFO  BasePage - Starting of enterPassword method
2026-01-29 00:35:18 INFO  BasePage - Starting of sendKeys method
2026-01-29 00:35:18 INFO  BasePage - Ending of click method
2026-01-29 00:35:18 INFO  BasePage - Ending of clickOnIframeButton method
2026-01-29 00:35:18 INFO  BaseTest - Ending of setup method
2026-01-29 00:35:18 INFO  Listeners - Test Started  : A_testIframe
2026-01-29 00:35:18 INFO  BaseTest - Starting of testIframe method
2026-01-29 00:35:18 INFO  BasePage - Starting of getFrameOneText method
2026-01-29 00:35:18 INFO  BasePage - Ending of sendKeys method
2026-01-29 00:35:18 INFO  BasePage - Ending of enterPassword method
2026-01-29 00:35:18 INFO  BasePage - Starting of clickOnRememberMe method
2026-01-29 00:35:18 INFO  BasePage - Starting of click method
2026-01-29 00:35:18 INFO  BasePage - Ending of getFrameOneText method
2026-01-29 00:35:18 INFO  BasePage - Starting of getText method
2026-01-29 00:35:18 INFO  BasePage - Ending of getText method
2026-01-29 00:35:18 INFO  BasePage - Starting of getFrameTwoText method
2026-01-29 00:35:18 INFO  BasePage - Ending of getFrameTwoText method
2026-01-29 00:35:18 INFO  BasePage - Starting of getText method
2026-01-29 00:35:18 INFO  BasePage - Ending of getText method
2026-01-29 00:35:18 INFO  BasePage - Ending of click method
2026-01-29 00:35:18 INFO  BasePage - Ending of clickOnRememberMe method
2026-01-29 00:35:18 INFO  BasePage - Starting of clickOnLoginButton method
2026-01-29 00:35:18 INFO  BasePage - Starting of click method
2026-01-29 00:35:18 INFO  BasePage - Ending of click method
2026-01-29 00:35:18 INFO  BasePage - Ending of clickOnLoginButton method
2026-01-29 00:35:18 INFO  BasePage - Starting of clickOnMoreButton method
2026-01-29 00:35:18 INFO  BasePage - Starting of getWelcomeToJalaAcademyText method
2026-01-29 00:35:19 INFO  BasePage - Ending of click method
2026-01-29 00:35:19 INFO  BasePage - Ending of clickOnIframeButton method
2026-01-29 00:35:19 INFO  BaseTest - Ending of setup method
2026-01-29 00:35:19 INFO  Listeners - Test Started  : A_testIframe
2026-01-29 00:35:19 INFO  BaseTest - Starting of testIframe method
2026-01-29 00:35:19 INFO  BasePage - Starting of getFrameOneText method
2026-01-29 00:35:19 INFO  BasePage - Ending of getFrameOneText method
2026-01-29 00:35:19 INFO  BasePage - Starting of getText method
2026-01-29 00:35:19 INFO  BasePage - Ending of getText method
2026-01-29 00:35:19 INFO  BasePage - Ending of getWelcomeToJalaAcademyText method
2026-01-29 00:35:19 INFO  BasePage - Starting of getText method
2026-01-29 00:35:19 INFO  BasePage - Ending of getText method
2026-01-29 00:35:19 INFO  BasePage - Ending of clickOnMoreButton method
2026-01-29 00:35:19 INFO  BasePage - Starting of getFrameTwoText method
2026-01-29 00:35:19 INFO  BasePage - Ending of getFrameTwoText method
2026-01-29 00:35:19 INFO  BasePage - Starting of getText method
2026-01-29 00:35:19 INFO  BasePage - Ending of getText method
2026-01-29 00:35:19 INFO  BaseTest - Ending of testIframe method
2026-01-29 00:35:19 INFO  Listeners - Test PassedA_testIframe
2026-01-29 00:35:19 INFO  BasePage - Starting of getWelcomeToJalaAcademyText method
2026-01-29 00:35:19 INFO  BasePage - Ending of clickOnMoreButton method
2026-01-29 00:35:19 INFO  BasePage - Ending of getWelcomeToJalaAcademyText method
2026-01-29 00:35:19 INFO  BasePage - Starting of getText method
2026-01-29 00:35:19 INFO  BasePage - Ending of getText method
2026-01-29 00:35:19 INFO  BaseTest - Ending of testIframe method
2026-01-29 00:35:19 INFO  Listeners - Test PassedA_testIframe
2026-01-29 00:35:20 INFO  BaseTest - Starting of setup method
2026-01-29 00:35:20 INFO  BaseTest - Starting of setup method
2026-01-29 00:35:22 INFO  BasePage - Starting of ImagesPage constructor
2026-01-29 00:35:22 INFO  BasePage - Ending of ImagesPage constructor
2026-01-29 00:35:22 INFO  BasePage - Starting of HomePage constructor
2026-01-29 00:35:22 INFO  BasePage - Ending of HomePage constructor
2026-01-29 00:35:22 INFO  BasePage - Starting of LoginPage constructor
2026-01-29 00:35:22 INFO  BasePage - Ending of LoginPage constructor
2026-01-29 00:35:22 INFO  BasePage - Starting of ImagesPage constructor
2026-01-29 00:35:22 INFO  BasePage - Ending of ImagesPage constructor
2026-01-29 00:35:22 INFO  BasePage - Starting of HomePage constructor
2026-01-29 00:35:22 INFO  BasePage - Ending of HomePage constructor
2026-01-29 00:35:22 INFO  BasePage - Starting of LoginPage constructor
2026-01-29 00:35:22 INFO  BasePage - Ending of LoginPage constructor
2026-01-29 00:35:22 INFO  BasePage - Starting of enterEmail method
2026-01-29 00:35:22 INFO  BasePage - Starting of sendKeys method
2026-01-29 00:35:22 INFO  BasePage - Starting of clickOnMenuButton method
2026-01-29 00:35:22 INFO  BasePage - Starting of click method
2026-01-29 00:35:22 INFO  BasePage - Starting of clickOnMenuButton method
2026-01-29 00:35:22 INFO  BasePage - Starting of click method
2026-01-29 00:35:23 INFO  BasePage - Ending of click method
2026-01-29 00:35:23 INFO  BasePage - Ending of clickOnMenuButton method
2026-01-29 00:35:23 INFO  BaseTest - Ending of setup method
2026-01-29 00:35:23 INFO  Listeners - Test Started  : A_testMenu
2026-01-29 00:35:23 INFO  BaseTest - Starting of testMenu method
2026-01-29 00:35:23 INFO  BasePage - Starting of clickOnSubMenuButton method
2026-01-29 00:35:23 INFO  BasePage - Starting of click method
2026-01-29 00:35:23 INFO  BasePage - Ending of click method
2026-01-29 00:35:23 INFO  BasePage - Ending of clickOnSubMenuButton method
2026-01-29 00:35:23 INFO  BaseTest - Ending of testMenu method
2026-01-29 00:35:23 INFO  Listeners - Test PassedA_testMenu
2026-01-29 00:35:23 INFO  BasePage - Ending of click method
2026-01-29 00:35:23 INFO  BasePage - Ending of clickOnMenuButton method
2026-01-29 00:35:23 INFO  BaseTest - Ending of setup method
2026-01-29 00:35:23 INFO  Listeners - Test Started  : A_testMenu
2026-01-29 00:35:23 INFO  BaseTest - Starting of testMenu method
2026-01-29 00:35:23 INFO  BasePage - Starting of clickOnSubMenuButton method
2026-01-29 00:35:23 INFO  BasePage - Starting of click method
2026-01-29 00:35:23 INFO  BasePage - Starting of enterEmail method
2026-01-29 00:35:23 INFO  BasePage - Starting of sendKeys method
2026-01-29 00:35:23 INFO  BasePage - Ending of click method
2026-01-29 00:35:23 INFO  BasePage - Ending of clickOnSubMenuButton method
2026-01-29 00:35:23 INFO  BaseTest - Ending of testMenu method
2026-01-29 00:35:23 INFO  Listeners - Test PassedA_testMenu
2026-01-29 00:35:23 INFO  BasePage - Ending of sendKeys method
2026-01-29 00:35:23 INFO  BasePage - Ending of enterEmail method
2026-01-29 00:35:23 INFO  BasePage - Starting of enterPassword method
2026-01-29 00:35:23 INFO  BasePage - Starting of sendKeys method
2026-01-29 00:35:24 INFO  BasePage - Ending of sendKeys method
2026-01-29 00:35:24 INFO  BasePage - Ending of enterPassword method
2026-01-29 00:35:24 INFO  BasePage - Starting of clickOnRememberMe method
2026-01-29 00:35:24 INFO  BasePage - Starting of click method
2026-01-29 00:35:24 INFO  BasePage - Ending of sendKeys method
2026-01-29 00:35:24 INFO  BasePage - Ending of enterEmail method
2026-01-29 00:35:24 INFO  BasePage - Starting of enterPassword method
2026-01-29 00:35:24 INFO  BasePage - Starting of sendKeys method
2026-01-29 00:35:24 INFO  BasePage - Ending of click method
2026-01-29 00:35:24 INFO  BasePage - Ending of clickOnRememberMe method
2026-01-29 00:35:24 INFO  BasePage - Starting of clickOnLoginButton method
2026-01-29 00:35:24 INFO  BasePage - Starting of click method
2026-01-29 00:35:24 INFO  BasePage - Ending of click method
2026-01-29 00:35:24 INFO  BasePage - Ending of clickOnLoginButton method
2026-01-29 00:35:24 INFO  BasePage - Starting of clickOnMoreButton method
2026-01-29 00:35:24 INFO  BasePage - Ending of sendKeys method
2026-01-29 00:35:24 INFO  BasePage - Ending of enterPassword method
2026-01-29 00:35:24 INFO  BasePage - Starting of clickOnRememberMe method
2026-01-29 00:35:24 INFO  BasePage - Starting of click method
2026-01-29 00:35:24 INFO  BasePage - Ending of click method
2026-01-29 00:35:24 INFO  BasePage - Ending of clickOnRememberMe method
2026-01-29 00:35:24 INFO  BasePage - Starting of clickOnLoginButton method
2026-01-29 00:35:24 INFO  BasePage - Starting of click method
2026-01-29 00:35:25 INFO  BasePage - Ending of clickOnMoreButton method
2026-01-29 00:35:25 INFO  BasePage - Ending of click method
2026-01-29 00:35:25 INFO  BasePage - Ending of clickOnLoginButton method
2026-01-29 00:35:25 INFO  BasePage - Starting of clickOnMoreButton method
2026-01-29 00:35:26 INFO  BasePage - Ending of clickOnMoreButton method
2026-01-29 00:35:26 INFO  BaseTest - Starting of setup method
2026-01-29 00:35:26 INFO  BaseTest - Starting of setup method
2026-01-29 00:35:28 INFO  BasePage - Starting of clickOnImageButton method
2026-01-29 00:35:28 INFO  BasePage - Starting of click method
2026-01-29 00:35:28 INFO  BasePage - Ending of click method
2026-01-29 00:35:28 INFO  BasePage - Ending of clickOnImageButton method
2026-01-29 00:35:28 INFO  BaseTest - Ending of setup method
2026-01-29 00:35:28 INFO  Listeners - Test Started  : A_testUploadImages
2026-01-29 00:35:28 INFO  BaseTest - Starting of testUploadImages method
2026-01-29 00:35:28 INFO  BasePage - Starting of uploadImage method
2026-01-29 00:35:28 INFO  BasePage - Starting of sendKeys method
2026-01-29 00:35:28 INFO  BasePage - Ending of sendKeys method
2026-01-29 00:35:28 INFO  BasePage - Ending of uploadImage method
2026-01-29 00:35:29 INFO  BasePage - Starting of clickOnImageButton method
2026-01-29 00:35:29 INFO  BasePage - Starting of click method
2026-01-29 00:35:29 INFO  BasePage - Ending of click method
2026-01-29 00:35:29 INFO  BasePage - Ending of clickOnImageButton method
2026-01-29 00:35:29 INFO  BaseTest - Ending of setup method
2026-01-29 00:35:29 INFO  Listeners - Test Started  : A_testUploadImages
2026-01-29 00:35:29 INFO  BaseTest - Starting of testUploadImages method
2026-01-29 00:35:29 INFO  BasePage - Starting of uploadImage method
2026-01-29 00:35:29 INFO  BasePage - Starting of sendKeys method
2026-01-29 00:35:29 INFO  BasePage - Ending of sendKeys method
2026-01-29 00:35:29 INFO  BasePage - Ending of uploadImage method
2026-01-29 00:35:30 INFO  BasePage - Starting of clickOnUploadButton method
2026-01-29 00:35:30 INFO  BasePage - Starting of click method
2026-01-29 00:35:30 INFO  BasePage - Ending of click method
2026-01-29 00:35:30 INFO  BasePage - Ending of clickOnUploadButton method
2026-01-29 00:35:30 INFO  BasePage - Starting of getImageLabel method
2026-01-29 00:35:30 INFO  BasePage - Ending of getImageLabel method
2026-01-29 00:35:30 INFO  BasePage - Starting of getText method
2026-01-29 00:35:30 INFO  BasePage - Ending of getText method
2026-01-29 00:35:30 INFO  BaseTest - Ending of testUploadImages method
2026-01-29 00:35:30 INFO  Listeners - Test PassedA_testUploadImages
2026-01-29 00:35:31 INFO  BasePage - Starting of clickOnUploadButton method
2026-01-29 00:35:31 INFO  BasePage - Starting of click method
2026-01-29 00:35:32 INFO  BasePage - Ending of click method
2026-01-29 00:35:32 INFO  BasePage - Ending of clickOnUploadButton method
2026-01-29 00:35:32 INFO  BasePage - Starting of getImageLabel method
2026-01-29 00:35:32 INFO  BasePage - Ending of getImageLabel method
2026-01-29 00:35:32 INFO  BasePage - Starting of getText method
2026-01-29 00:35:32 INFO  BasePage - Ending of getText method
2026-01-29 00:35:32 INFO  BaseTest - Ending of testUploadImages method
2026-01-29 00:35:32 INFO  Listeners - Test PassedA_testUploadImages
2026-01-29 00:35:32 INFO  BasePage - Starting of IframePage constructor
2026-01-29 00:35:32 INFO  BasePage - Ending of IframePage constructor
2026-01-29 00:35:32 INFO  BasePage - Starting of HomePage constructor
2026-01-29 00:35:32 INFO  BasePage - Ending of HomePage constructor
2026-01-29 00:35:32 INFO  BasePage - Starting of LoginPage constructor
2026-01-29 00:35:32 INFO  BasePage - Ending of LoginPage constructor
2026-01-29 00:35:33 INFO  BasePage - Starting of IframePage constructor
2026-01-29 00:35:33 INFO  BasePage - Ending of IframePage constructor
2026-01-29 00:35:33 INFO  BasePage - Starting of HomePage constructor
2026-01-29 00:35:33 INFO  BasePage - Ending of HomePage constructor
2026-01-29 00:35:33 INFO  BasePage - Starting of LoginPage constructor
2026-01-29 00:35:33 INFO  BasePage - Ending of LoginPage constructor
2026-01-29 00:35:33 INFO  BasePage - Starting of enterEmail method
2026-01-29 00:35:33 INFO  BasePage - Starting of sendKeys method
2026-01-29 00:35:34 INFO  BasePage - Starting of enterEmail method
2026-01-29 00:35:34 INFO  BasePage - Starting of sendKeys method
2026-01-29 00:35:34 INFO  BasePage - Ending of sendKeys method
2026-01-29 00:35:34 INFO  BasePage - Ending of enterEmail method
2026-01-29 00:35:34 INFO  BasePage - Starting of enterPassword method
2026-01-29 00:35:34 INFO  BasePage - Starting of sendKeys method
2026-01-29 00:35:34 INFO  BasePage - Ending of sendKeys method
2026-01-29 00:35:34 INFO  BasePage - Ending of enterEmail method
2026-01-29 00:35:34 INFO  BasePage - Starting of enterPassword method
2026-01-29 00:35:34 INFO  BasePage - Starting of sendKeys method
2026-01-29 00:35:34 INFO  BasePage - Ending of sendKeys method
2026-01-29 00:35:34 INFO  BasePage - Ending of enterPassword method
2026-01-29 00:35:34 INFO  BasePage - Starting of clickOnRememberMe method
2026-01-29 00:35:34 INFO  BasePage - Starting of click method
2026-01-29 00:35:34 INFO  BasePage - Ending of click method
2026-01-29 00:35:34 INFO  BasePage - Ending of clickOnRememberMe method
2026-01-29 00:35:34 INFO  BasePage - Starting of clickOnLoginButton method
2026-01-29 00:35:34 INFO  BasePage - Starting of click method
2026-01-29 00:35:35 INFO  BasePage - Ending of sendKeys method
2026-01-29 00:35:35 INFO  BasePage - Ending of enterPassword method
2026-01-29 00:35:35 INFO  BasePage - Starting of clickOnRememberMe method
2026-01-29 00:35:35 INFO  BasePage - Starting of click method
2026-01-29 00:35:35 INFO  BasePage - Ending of click method
2026-01-29 00:35:35 INFO  BasePage - Ending of clickOnLoginButton method
2026-01-29 00:35:35 INFO  BasePage - Starting of clickOnMoreButton method
2026-01-29 00:35:35 INFO  BasePage - Ending of click method
2026-01-29 00:35:35 INFO  BasePage - Ending of clickOnRememberMe method
2026-01-29 00:35:35 INFO  BasePage - Starting of clickOnLoginButton method
2026-01-29 00:35:35 INFO  BasePage - Starting of click method
2026-01-29 00:35:35 INFO  BasePage - Ending of click method
2026-01-29 00:35:35 INFO  BasePage - Ending of clickOnLoginButton method
2026-01-29 00:35:35 INFO  BasePage - Starting of clickOnMoreButton method
2026-01-29 00:35:35 INFO  BasePage - Ending of clickOnMoreButton method
2026-01-29 00:35:36 INFO  BasePage - Ending of clickOnMoreButton method
2026-01-29 00:35:38 INFO  BasePage - Starting of clickOnMenuButton method
2026-01-29 00:35:38 INFO  BasePage - Starting of click method
2026-01-29 00:35:38 INFO  BasePage - Ending of click method
2026-01-29 00:35:38 INFO  BasePage - Ending of clickOnMenuButton method
2026-01-29 00:35:38 INFO  BasePage - Starting of clickOnIframeButton method
2026-01-29 00:35:38 INFO  BasePage - Starting of click method
2026-01-29 00:35:39 INFO  BasePage - Starting of clickOnMenuButton method
2026-01-29 00:35:39 INFO  BasePage - Starting of click method
2026-01-29 00:35:39 INFO  BasePage - Ending of click method
2026-01-29 00:35:39 INFO  BasePage - Ending of clickOnIframeButton method
2026-01-29 00:35:39 INFO  BaseTest - Ending of setup method
2026-01-29 00:35:39 INFO  Listeners - Test Started  : A_testIframe
2026-01-29 00:35:39 INFO  BaseTest - Starting of testIframe method
2026-01-29 00:35:39 INFO  BasePage - Starting of getFrameOneText method
2026-01-29 00:35:39 INFO  BasePage - Ending of getFrameOneText method
2026-01-29 00:35:39 INFO  BasePage - Starting of getText method
2026-01-29 00:35:39 INFO  BasePage - Ending of getText method
2026-01-29 00:35:39 INFO  BasePage - Starting of getFrameTwoText method
2026-01-29 00:35:39 INFO  BasePage - Ending of getFrameTwoText method
2026-01-29 00:35:39 INFO  BasePage - Starting of getText method
2026-01-29 00:35:39 INFO  BasePage - Ending of getText method
2026-01-29 00:35:39 INFO  BasePage - Starting of getWelcomeToJalaAcademyText method
2026-01-29 00:35:39 INFO  BasePage - Ending of getWelcomeToJalaAcademyText method
2026-01-29 00:35:39 INFO  BasePage - Starting of getText method
2026-01-29 00:35:39 INFO  BasePage - Ending of getText method
2026-01-29 00:35:39 INFO  BaseTest - Ending of testIframe method
2026-01-29 00:35:39 INFO  Listeners - Test PassedA_testIframe
2026-01-29 00:35:39 INFO  BasePage - Ending of click method
2026-01-29 00:35:39 INFO  BasePage - Ending of clickOnMenuButton method
2026-01-29 00:35:39 INFO  BasePage - Starting of clickOnIframeButton method
2026-01-29 00:35:39 INFO  BasePage - Starting of click method
2026-01-29 00:35:40 INFO  BasePage - Ending of click method
2026-01-29 00:35:40 INFO  BasePage - Ending of clickOnIframeButton method
2026-01-29 00:35:40 INFO  BaseTest - Ending of setup method
2026-01-29 00:35:40 INFO  Listeners - Test Started  : A_testIframe
2026-01-29 00:35:40 INFO  BaseTest - Starting of testIframe method
2026-01-29 00:35:40 INFO  BasePage - Starting of getFrameOneText method
2026-01-29 00:35:40 INFO  BasePage - Ending of getFrameOneText method
2026-01-29 00:35:40 INFO  BasePage - Starting of getText method
2026-01-29 00:35:40 INFO  BasePage - Ending of getText method
2026-01-29 00:35:40 INFO  BasePage - Starting of getFrameTwoText method
2026-01-29 00:35:40 INFO  BasePage - Ending of getFrameTwoText method
2026-01-29 00:35:40 INFO  BasePage - Starting of getText method
2026-01-29 00:35:40 INFO  BasePage - Ending of getText method
2026-01-29 00:35:40 INFO  BasePage - Starting of getWelcomeToJalaAcademyText method
2026-01-29 00:35:40 INFO  BasePage - Ending of getWelcomeToJalaAcademyText method
2026-01-29 00:35:40 INFO  BasePage - Starting of getText method
2026-01-29 00:35:40 INFO  BasePage - Ending of getText method
2026-01-29 00:35:40 INFO  BaseTest - Ending of testIframe method
2026-01-29 00:35:40 INFO  Listeners - Test PassedA_testIframe
2026-01-29 00:35:40 INFO  BaseTest - Starting of setup method
2026-01-29 00:35:41 INFO  BaseTest - Starting of setup method
2026-01-29 00:35:46 INFO  BasePage - Starting of ImagesPage constructor
2026-01-29 00:35:46 INFO  BasePage - Ending of ImagesPage constructor
2026-01-29 00:35:46 INFO  BasePage - Starting of HomePage constructor
2026-01-29 00:35:46 INFO  BasePage - Ending of HomePage constructor
2026-01-29 00:35:46 INFO  BasePage - Starting of LoginPage constructor
2026-01-29 00:35:46 INFO  BasePage - Ending of LoginPage constructor
2026-01-29 00:35:46 INFO  BasePage - Starting of ImagesPage constructor
2026-01-29 00:35:46 INFO  BasePage - Ending of ImagesPage constructor
2026-01-29 00:35:46 INFO  BasePage - Starting of HomePage constructor
2026-01-29 00:35:46 INFO  BasePage - Ending of HomePage constructor
2026-01-29 00:35:46 INFO  BasePage - Starting of LoginPage constructor
2026-01-29 00:35:46 INFO  BasePage - Ending of LoginPage constructor
2026-01-29 00:35:47 INFO  BasePage - Starting of enterEmail method
2026-01-29 00:35:47 INFO  BasePage - Starting of sendKeys method
2026-01-29 00:35:47 INFO  BasePage - Starting of enterEmail method
2026-01-29 00:35:47 INFO  BasePage - Starting of sendKeys method
2026-01-29 00:35:48 INFO  BasePage - Ending of sendKeys method
2026-01-29 00:35:48 INFO  BasePage - Ending of enterEmail method
2026-01-29 00:35:48 INFO  BasePage - Starting of enterPassword method
2026-01-29 00:35:48 INFO  BasePage - Starting of sendKeys method
2026-01-29 00:35:48 INFO  BasePage - Ending of sendKeys method
2026-01-29 00:35:48 INFO  BasePage - Ending of enterPassword method
2026-01-29 00:35:48 INFO  BasePage - Starting of clickOnRememberMe method
2026-01-29 00:35:48 INFO  BasePage - Starting of click method
2026-01-29 00:35:48 INFO  BasePage - Ending of sendKeys method
2026-01-29 00:35:48 INFO  BasePage - Ending of enterEmail method
2026-01-29 00:35:48 INFO  BasePage - Starting of enterPassword method
2026-01-29 00:35:48 INFO  BasePage - Starting of sendKeys method
2026-01-29 00:35:48 INFO  BasePage - Ending of click method
2026-01-29 00:35:48 INFO  BasePage - Ending of clickOnRememberMe method
2026-01-29 00:35:48 INFO  BasePage - Starting of clickOnLoginButton method
2026-01-29 00:35:48 INFO  BasePage - Starting of click method
2026-01-29 00:35:48 INFO  BasePage - Ending of click method
2026-01-29 00:35:48 INFO  BasePage - Ending of clickOnLoginButton method
2026-01-29 00:35:48 INFO  BasePage - Starting of clickOnMoreButton method
2026-01-29 00:35:48 INFO  BasePage - Ending of sendKeys method
2026-01-29 00:35:48 INFO  BasePage - Ending of enterPassword method
2026-01-29 00:35:48 INFO  BasePage - Starting of clickOnRememberMe method
2026-01-29 00:35:48 INFO  BasePage - Starting of click method
2026-01-29 00:35:48 INFO  BasePage - Ending of click method
2026-01-29 00:35:48 INFO  BasePage - Ending of clickOnRememberMe method
2026-01-29 00:35:48 INFO  BasePage - Starting of clickOnLoginButton method
2026-01-29 00:35:48 INFO  BasePage - Starting of click method
2026-01-29 00:35:48 INFO  BasePage - Ending of click method
2026-01-29 00:35:48 INFO  BasePage - Ending of clickOnLoginButton method
2026-01-29 00:35:48 INFO  BasePage - Starting of clickOnMoreButton method
2026-01-29 00:35:49 INFO  BasePage - Ending of clickOnMoreButton method
2026-01-29 00:35:49 INFO  BasePage - Ending of clickOnMoreButton method
2026-01-29 00:35:52 INFO  BasePage - Starting of clickOnImageButton method
2026-01-29 00:35:52 INFO  BasePage - Starting of click method
2026-01-29 00:35:52 INFO  BasePage - Ending of click method
2026-01-29 00:35:52 INFO  BasePage - Ending of clickOnImageButton method
2026-01-29 00:35:52 INFO  BaseTest - Ending of setup method
2026-01-29 00:35:52 INFO  Listeners - Test Started  : A_testUploadImages
2026-01-29 00:35:52 INFO  BaseTest - Starting of testUploadImages method
2026-01-29 00:35:52 INFO  BasePage - Starting of uploadImage method
2026-01-29 00:35:52 INFO  BasePage - Starting of sendKeys method
2026-01-29 00:35:52 INFO  BasePage - Ending of sendKeys method
2026-01-29 00:35:52 INFO  BasePage - Ending of uploadImage method
2026-01-29 00:35:52 INFO  BasePage - Starting of clickOnImageButton method
2026-01-29 00:35:52 INFO  BasePage - Starting of click method
2026-01-29 00:35:52 INFO  BasePage - Ending of click method
2026-01-29 00:35:52 INFO  BasePage - Ending of clickOnImageButton method
2026-01-29 00:35:52 INFO  BaseTest - Ending of setup method
2026-01-29 00:35:52 INFO  Listeners - Test Started  : A_testUploadImages
2026-01-29 00:35:52 INFO  BaseTest - Starting of testUploadImages method
2026-01-29 00:35:52 INFO  BasePage - Starting of uploadImage method
2026-01-29 00:35:52 INFO  BasePage - Starting of sendKeys method
2026-01-29 00:35:52 INFO  BasePage - Ending of sendKeys method
2026-01-29 00:35:52 INFO  BasePage - Ending of uploadImage method
2026-01-29 00:35:54 INFO  BasePage - Starting of clickOnUploadButton method
2026-01-29 00:35:54 INFO  BasePage - Starting of click method
2026-01-29 00:35:54 INFO  BasePage - Ending of click method
2026-01-29 00:35:54 INFO  BasePage - Ending of clickOnUploadButton method
2026-01-29 00:35:54 INFO  BasePage - Starting of getImageLabel method
2026-01-29 00:35:54 INFO  BasePage - Ending of getImageLabel method
2026-01-29 00:35:54 INFO  BasePage - Starting of getText method
2026-01-29 00:35:54 INFO  BasePage - Ending of getText method
2026-01-29 00:35:54 INFO  BaseTest - Ending of testUploadImages method
2026-01-29 00:35:54 INFO  Listeners - Test PassedA_testUploadImages
2026-01-29 00:35:54 INFO  BasePage - Starting of clickOnUploadButton method
2026-01-29 00:35:54 INFO  BasePage - Starting of click method
2026-01-29 00:35:55 INFO  BasePage - Ending of click method
2026-01-29 00:35:55 INFO  BasePage - Ending of clickOnUploadButton method
2026-01-29 00:35:55 INFO  BasePage - Starting of getImageLabel method
2026-01-29 00:35:55 INFO  BasePage - Ending of getImageLabel method
2026-01-29 00:35:55 INFO  BasePage - Starting of getText method
2026-01-29 00:35:55 INFO  BasePage - Ending of getText method
2026-01-29 00:35:55 INFO  BaseTest - Ending of testUploadImages method
2026-01-29 00:35:55 INFO  Listeners - Test PassedA_testUploadImages
2026-02-02 10:15:30 INFO  BaseTest - Starting of setup method
2026-02-02 10:15:30 INFO  BaseTest - Starting of setup method
2026-02-02 10:15:39 INFO  BasePage - Starting of LoginPage constructor
2026-02-02 10:15:39 INFO  BasePage - Ending of LoginPage constructor
2026-02-02 10:15:42 INFO  BaseTest - Ending of setup method
2026-02-02 10:15:42 INFO  Listeners - Test Started  : A_TestInvaildLogin
2026-02-02 10:15:42 INFO  BaseTest - Starting of TestInvaildLogin method
2026-02-02 10:15:42 INFO  BasePage - Starting of enterEmail method
2026-02-02 10:15:42 INFO  BasePage - Starting of sendKeys method
2026-02-02 10:15:42 INFO  BasePage - Ending of sendKeys method
2026-02-02 10:15:42 INFO  BasePage - Ending of enterEmail method
2026-02-02 10:15:42 INFO  BasePage - Starting of enterPassword method
2026-02-02 10:15:42 INFO  BasePage - Starting of sendKeys method
2026-02-02 10:15:42 INFO  BasePage - Ending of sendKeys method
2026-02-02 10:15:42 INFO  BasePage - Ending of enterPassword method
2026-02-02 10:15:42 INFO  BasePage - Starting of clickOnRememberMe method
2026-02-02 10:15:42 INFO  BasePage - Starting of click method
2026-02-02 10:15:43 INFO  BasePage - Ending of click method
2026-02-02 10:15:43 INFO  BasePage - Ending of clickOnRememberMe method
2026-02-02 10:15:43 INFO  BasePage - Starting of clickOnLoginButton method
2026-02-02 10:15:43 INFO  BasePage - Starting of click method
2026-02-02 10:15:43 INFO  BasePage - Ending of click method
2026-02-02 10:15:43 INFO  BasePage - Ending of clickOnLoginButton method
2026-02-02 10:15:43 INFO  BaseTest - Ending of TestInvaildLogin method
2026-02-02 10:15:43 INFO  Listeners - Test PassedA_TestInvaildLogin
2026-02-02 10:15:43 INFO  Listeners - Test Started  : B_TestInvaildLogin2
2026-02-02 10:15:43 INFO  BaseTest - Starting of TestInvaildLogin2 method
2026-02-02 10:15:43 INFO  BasePage - Starting of enterEmail method
2026-02-02 10:15:43 INFO  BasePage - Starting of sendKeys method
2026-02-02 10:15:43 INFO  BasePage - Ending of sendKeys method
2026-02-02 10:15:43 INFO  BasePage - Ending of enterEmail method
2026-02-02 10:15:43 INFO  BasePage - Starting of enterPassword method
2026-02-02 10:15:43 INFO  BasePage - Starting of sendKeys method
2026-02-02 10:15:44 INFO  BasePage - Ending of sendKeys method
2026-02-02 10:15:44 INFO  BasePage - Ending of enterPassword method
2026-02-02 10:15:44 INFO  BasePage - Starting of clickOnRememberMe method
2026-02-02 10:15:44 INFO  BasePage - Starting of click method
2026-02-02 10:15:44 INFO  BasePage - Starting of LoginPage constructor
2026-02-02 10:15:44 INFO  BasePage - Ending of LoginPage constructor
2026-02-02 10:15:44 INFO  BasePage - Ending of click method
2026-02-02 10:15:44 INFO  BasePage - Ending of clickOnRememberMe method
2026-02-02 10:15:44 INFO  BasePage - Starting of clickOnLoginButton method
2026-02-02 10:15:44 INFO  BasePage - Starting of click method
2026-02-02 10:15:44 INFO  BasePage - Ending of click method
2026-02-02 10:15:44 INFO  BasePage - Ending of clickOnLoginButton method
2026-02-02 10:15:44 INFO  BaseTest - Ending of TestInvaildLogin2 method
2026-02-02 10:15:44 INFO  Listeners - Test PassedB_TestInvaildLogin2
2026-02-02 10:15:44 INFO  Listeners - Test Started  : C_TestInvaildLogin3
2026-02-02 10:15:44 INFO  BaseTest - Starting of TestInvaildLogin3 method
2026-02-02 10:15:44 INFO  BasePage - Starting of enterEmail method
2026-02-02 10:15:44 INFO  BasePage - Starting of sendKeys method
2026-02-02 10:15:45 INFO  BasePage - Ending of sendKeys method
2026-02-02 10:15:45 INFO  BasePage - Ending of enterEmail method
2026-02-02 10:15:45 INFO  BasePage - Starting of enterPassword method
2026-02-02 10:15:45 INFO  BasePage - Starting of sendKeys method
2026-02-02 10:15:45 INFO  BasePage - Ending of sendKeys method
2026-02-02 10:15:45 INFO  BasePage - Ending of enterPassword method
2026-02-02 10:15:45 INFO  BasePage - Starting of clickOnRememberMe method
2026-02-02 10:15:45 INFO  BasePage - Starting of click method
2026-02-02 10:15:45 INFO  BasePage - Ending of click method
2026-02-02 10:15:45 INFO  BasePage - Ending of clickOnRememberMe method
2026-02-02 10:15:45 INFO  BasePage - Starting of clickOnLoginButton method
2026-02-02 10:15:45 INFO  BasePage - Starting of click method
2026-02-02 10:15:45 INFO  BasePage - Ending of click method
2026-02-02 10:15:45 INFO  BasePage - Ending of clickOnLoginButton method
2026-02-02 10:15:45 INFO  BaseTest - Ending of TestInvaildLogin3 method
2026-02-02 10:15:45 INFO  Listeners - Test PassedC_TestInvaildLogin3
2026-02-02 10:15:45 INFO  Listeners - Test Started  : D_testVaildLogin4
2026-02-02 10:15:45 INFO  BaseTest - Starting of testVaildLogin4 method
2026-02-02 10:15:45 INFO  BasePage - Starting of enterEmail method
2026-02-02 10:15:45 INFO  BasePage - Starting of sendKeys method
2026-02-02 10:15:45 INFO  BaseTest - Ending of setup method
2026-02-02 10:15:45 INFO  Listeners - Test Started  : A_TestInvaildLogin
2026-02-02 10:15:45 INFO  BaseTest - Starting of TestInvaildLogin method
2026-02-02 10:15:45 INFO  BasePage - Starting of enterEmail method
2026-02-02 10:15:45 INFO  BasePage - Starting of sendKeys method
2026-02-02 10:15:46 INFO  BasePage - Ending of sendKeys method
2026-02-02 10:15:46 INFO  BasePage - Ending of enterEmail method
2026-02-02 10:15:46 INFO  BasePage - Starting of enterPassword method
2026-02-02 10:15:46 INFO  BasePage - Starting of sendKeys method
2026-02-02 10:15:46 INFO  BasePage - Ending of sendKeys method
2026-02-02 10:15:46 INFO  BasePage - Ending of enterEmail method
2026-02-02 10:15:46 INFO  BasePage - Starting of enterPassword method
2026-02-02 10:15:46 INFO  BasePage - Starting of sendKeys method
2026-02-02 10:15:46 INFO  BasePage - Ending of sendKeys method
2026-02-02 10:15:46 INFO  BasePage - Ending of enterPassword method
2026-02-02 10:15:46 INFO  BasePage - Starting of clickOnRememberMe method
2026-02-02 10:15:46 INFO  BasePage - Starting of click method
2026-02-02 10:15:46 INFO  BasePage - Ending of sendKeys method
2026-02-02 10:15:46 INFO  BasePage - Ending of enterPassword method
2026-02-02 10:15:46 INFO  BasePage - Starting of clickOnRememberMe method
2026-02-02 10:15:46 INFO  BasePage - Starting of click method
2026-02-02 10:15:46 INFO  BasePage - Ending of click method
2026-02-02 10:15:46 INFO  BasePage - Ending of clickOnRememberMe method
2026-02-02 10:15:46 INFO  BasePage - Starting of clickOnLoginButton method
2026-02-02 10:15:46 INFO  BasePage - Starting of click method
2026-02-02 10:15:46 INFO  BasePage - Ending of click method
2026-02-02 10:15:46 INFO  BasePage - Ending of clickOnLoginButton method
2026-02-02 10:15:46 INFO  BaseTest - Ending of TestInvaildLogin method
2026-02-02 10:15:46 INFO  Listeners - Test PassedA_TestInvaildLogin
2026-02-02 10:15:46 INFO  Listeners - Test Started  : B_TestInvaildLogin2
2026-02-02 10:15:46 INFO  BaseTest - Starting of TestInvaildLogin2 method
2026-02-02 10:15:46 INFO  BasePage - Starting of enterEmail method
2026-02-02 10:15:46 INFO  BasePage - Starting of sendKeys method
2026-02-02 10:15:46 INFO  BasePage - Ending of sendKeys method
2026-02-02 10:15:46 INFO  BasePage - Ending of enterEmail method
2026-02-02 10:15:46 INFO  BasePage - Starting of enterPassword method
2026-02-02 10:15:46 INFO  BasePage - Starting of sendKeys method
2026-02-02 10:15:47 INFO  BasePage - Ending of sendKeys method
2026-02-02 10:15:47 INFO  BasePage - Ending of enterPassword method
2026-02-02 10:15:47 INFO  BasePage - Starting of clickOnRememberMe method
2026-02-02 10:15:47 INFO  BasePage - Starting of click method
2026-02-02 10:15:47 INFO  BasePage - Ending of click method
2026-02-02 10:15:47 INFO  BasePage - Ending of clickOnRememberMe method
2026-02-02 10:15:47 INFO  BasePage - Starting of clickOnLoginButton method
2026-02-02 10:15:47 INFO  BasePage - Starting of click method
2026-02-02 10:15:47 INFO  BasePage - Ending of click method
2026-02-02 10:15:47 INFO  BasePage - Ending of clickOnRememberMe method
2026-02-02 10:15:47 INFO  BasePage - Starting of clickOnLoginButton method
2026-02-02 10:15:47 INFO  BasePage - Starting of click method
2026-02-02 10:15:47 INFO  BasePage - Ending of click method
2026-02-02 10:15:47 INFO  BasePage - Ending of clickOnLoginButton method
2026-02-02 10:15:47 INFO  BaseTest - Ending of TestInvaildLogin2 method
2026-02-02 10:15:47 INFO  Listeners - Test PassedB_TestInvaildLogin2
2026-02-02 10:15:47 INFO  Listeners - Test Started  : C_TestInvaildLogin3
2026-02-02 10:15:47 INFO  BaseTest - Starting of TestInvaildLogin3 method
2026-02-02 10:15:47 INFO  BasePage - Starting of enterEmail method
2026-02-02 10:15:47 INFO  BasePage - Starting of sendKeys method
2026-02-02 10:15:47 INFO  BasePage - Ending of sendKeys method
2026-02-02 10:15:47 INFO  BasePage - Ending of enterEmail method
2026-02-02 10:15:47 INFO  BasePage - Starting of enterPassword method
2026-02-02 10:15:47 INFO  BasePage - Starting of sendKeys method
2026-02-02 10:15:47 INFO  BasePage - Ending of sendKeys method
2026-02-02 10:15:47 INFO  BasePage - Ending of enterPassword method
2026-02-02 10:15:47 INFO  BasePage - Starting of clickOnRememberMe method
2026-02-02 10:15:47 INFO  BasePage - Starting of click method
2026-02-02 10:15:47 INFO  BasePage - Ending of click method
2026-02-02 10:15:47 INFO  BasePage - Ending of clickOnRememberMe method
2026-02-02 10:15:47 INFO  BasePage - Starting of clickOnLoginButton method
2026-02-02 10:15:47 INFO  BasePage - Starting of click method
2026-02-02 10:15:47 INFO  BasePage - Ending of click method
2026-02-02 10:15:47 INFO  BasePage - Ending of clickOnLoginButton method
2026-02-02 10:15:47 INFO  BaseTest - Ending of testVaildLogin4 method
2026-02-02 10:15:47 INFO  Listeners - Test PassedD_testVaildLogin4
2026-02-02 10:15:47 INFO  BasePage - Ending of click method
2026-02-02 10:15:47 INFO  BasePage - Ending of clickOnLoginButton method
2026-02-02 10:15:47 INFO  BaseTest - Ending of TestInvaildLogin3 method
2026-02-02 10:15:47 INFO  Listeners - Test PassedC_TestInvaildLogin3
2026-02-02 10:15:47 INFO  Listeners - Test Started  : D_testVaildLogin4
2026-02-02 10:15:47 INFO  BaseTest - Starting of testVaildLogin4 method
2026-02-02 10:15:47 INFO  BasePage - Starting of enterEmail method
2026-02-02 10:15:47 INFO  BasePage - Starting of sendKeys method
2026-02-02 10:15:47 INFO  BasePage - Ending of sendKeys method
2026-02-02 10:15:47 INFO  BasePage - Ending of enterEmail method
2026-02-02 10:15:47 INFO  BasePage - Starting of enterPassword method
2026-02-02 10:15:47 INFO  BasePage - Starting of sendKeys method
2026-02-02 10:15:47 INFO  BasePage - Ending of sendKeys method
2026-02-02 10:15:47 INFO  BasePage - Ending of enterPassword method
2026-02-02 10:15:47 INFO  BasePage - Starting of clickOnRememberMe method
2026-02-02 10:15:47 INFO  BasePage - Starting of click method
2026-02-02 10:15:47 INFO  BasePage - Ending of click method
2026-02-02 10:15:47 INFO  BasePage - Ending of clickOnRememberMe method
2026-02-02 10:15:47 INFO  BasePage - Starting of clickOnLoginButton method
2026-02-02 10:15:47 INFO  BasePage - Starting of click method
2026-02-02 10:15:48 INFO  BasePage - Ending of click method
2026-02-02 10:15:48 INFO  BasePage - Ending of clickOnLoginButton method
2026-02-02 10:15:48 INFO  BaseTest - Ending of testVaildLogin4 method
2026-02-02 10:15:48 INFO  Listeners - Test PassedD_testVaildLogin4
2026-02-02 10:15:48 INFO  BaseTest - Starting of setup method
2026-02-02 10:15:49 INFO  BasePage - Starting of EmployeeDetails constructor
2026-02-02 10:15:49 INFO  BasePage - Ending of EmployeeDetails constructor
2026-02-02 10:15:49 INFO  BasePage - Starting of LoginPage constructor
2026-02-02 10:15:49 INFO  BasePage - Ending of LoginPage constructor
2026-02-02 10:15:50 INFO  BaseTest - Starting of setup method
2026-02-02 10:15:51 INFO  BasePage - Starting of enterEmail method
2026-02-02 10:15:51 INFO  BasePage - Starting of sendKeys method
2026-02-02 10:15:51 INFO  BasePage - Ending of sendKeys method
2026-02-02 10:15:51 INFO  BasePage - Ending of enterEmail method
2026-02-02 10:15:51 INFO  BasePage - Starting of enterPassword method
2026-02-02 10:15:51 INFO  BasePage - Starting of sendKeys method
2026-02-02 10:15:51 INFO  BasePage - Ending of sendKeys method
2026-02-02 10:15:51 INFO  BasePage - Ending of enterPassword method
2026-02-02 10:15:51 INFO  BasePage - Starting of clickOnRememberMe method
2026-02-02 10:15:51 INFO  BasePage - Starting of click method
2026-02-02 10:15:51 INFO  BasePage - Ending of click method
2026-02-02 10:15:51 INFO  BasePage - Ending of clickOnRememberMe method
2026-02-02 10:15:51 INFO  BasePage - Starting of clickOnLoginButton method
2026-02-02 10:15:51 INFO  BasePage - Starting of click method
2026-02-02 10:15:52 INFO  BasePage - Ending of click method
2026-02-02 10:15:52 INFO  BasePage - Ending of clickOnLoginButton method
2026-02-02 10:15:52 INFO  BaseTest - Ending of setup method
2026-02-02 10:15:52 INFO  Listeners - Test Started  : A_testVaildEmployeeDetails
2026-02-02 10:15:52 INFO  BaseTest - Starting of testVaildEmployeeDetails method
2026-02-02 10:15:52 INFO  BasePage - Starting of getWelcomeToJalaAcademy method
2026-02-02 10:15:52 INFO  BasePage - Ending of getWelcomeToJalaAcademy method
2026-02-02 10:15:52 INFO  BasePage - Starting of getText method
2026-02-02 10:15:52 INFO  BasePage - Ending of getText method
2026-02-02 10:15:52 INFO  BasePage - Starting of clickOnEmployeeButton method
2026-02-02 10:15:54 INFO  BasePage - Starting of click method
2026-02-02 10:15:54 INFO  BasePage - Ending of click method
2026-02-02 10:15:54 INFO  BasePage - Ending of clickOnEmployeeButton method
2026-02-02 10:15:54 INFO  BasePage - Starting of clickOnCreateButton method
2026-02-02 10:15:56 INFO  BasePage - Starting of click method
2026-02-02 10:15:57 INFO  BasePage - Ending of click method
2026-02-02 10:15:57 INFO  BasePage - Ending of clickOnCreateButton method
2026-02-02 10:15:57 INFO  BasePage - Starting of enterFirstName method
2026-02-02 10:15:57 INFO  BasePage - Starting of sendKeys method
2026-02-02 10:15:57 INFO  BasePage - Ending of sendKeys method
2026-02-02 10:15:57 INFO  BasePage - Ending of enterFirstName method
2026-02-02 10:15:57 INFO  BasePage - Starting of enterFirstName method
2026-02-02 10:15:57 INFO  BasePage - Starting of sendKeys method
2026-02-02 10:15:57 INFO  BasePage - Ending of sendKeys method
2026-02-02 10:15:57 INFO  BasePage - Ending of enterFirstName method
2026-02-02 10:15:57 INFO  BasePage - Starting of enterEmailId method
2026-02-02 10:15:57 INFO  BasePage - Starting of sendKeys method
2026-02-02 10:15:57 INFO  BasePage - Ending of sendKeys method
2026-02-02 10:15:57 INFO  BasePage - Ending of enterEmailId method
2026-02-02 10:15:57 INFO  BasePage - Starting of enterMobileNumber method
2026-02-02 10:15:57 INFO  BasePage - Starting of sendKeys method
2026-02-02 10:15:57 INFO  BasePage - Ending of sendKeys method
2026-02-02 10:15:57 INFO  BasePage - Ending of enterMobileNumber method
2026-02-02 10:15:57 INFO  BasePage - Starting of enterDateOfBirth method
2026-02-02 10:15:57 INFO  BasePage - Starting of sendKeys method
2026-02-02 10:15:58 INFO  BasePage - Ending of sendKeys method
2026-02-02 10:15:58 INFO  BasePage - Ending of enterDateOfBirth method
2026-02-02 10:15:58 INFO  BasePage - Starting of clickOnEmployeeButton method
2026-02-02 10:15:58 INFO  BasePage - Starting of EmployeeDetails constructor
2026-02-02 10:15:58 INFO  BasePage - Ending of EmployeeDetails constructor
2026-02-02 10:15:58 INFO  BasePage - Starting of LoginPage constructor
2026-02-02 10:15:58 INFO  BasePage - Ending of LoginPage constructor
2026-02-02 10:15:59 INFO  BasePage - Starting of enterEmail method
2026-02-02 10:15:59 INFO  BasePage - Starting of sendKeys method
2026-02-02 10:15:59 INFO  BasePage - Ending of sendKeys method
2026-02-02 10:15:59 INFO  BasePage - Ending of enterEmail method
2026-02-02 10:15:59 INFO  BasePage - Starting of enterPassword method
2026-02-02 10:15:59 INFO  BasePage - Starting of sendKeys method
2026-02-02 10:15:59 INFO  BasePage - Ending of sendKeys method
2026-02-02 10:15:59 INFO  BasePage - Ending of enterPassword method
2026-02-02 10:15:59 INFO  BasePage - Starting of clickOnRememberMe method
2026-02-02 10:15:59 INFO  BasePage - Starting of click method
2026-02-02 10:15:59 INFO  BasePage - Ending of click method
2026-02-02 10:15:59 INFO  BasePage - Ending of clickOnRememberMe method
2026-02-02 10:15:59 INFO  BasePage - Starting of clickOnLoginButton method
2026-02-02 10:15:59 INFO  BasePage - Starting of click method
2026-02-02 10:15:59 INFO  BasePage - Ending of click method
2026-02-02 10:15:59 INFO  BasePage - Ending of clickOnLoginButton method
2026-02-02 10:15:59 INFO  BaseTest - Ending of setup method
2026-02-02 10:15:59 INFO  Listeners - Test Started  : A_testVaildEmployeeDetails
2026-02-02 10:15:59 INFO  BaseTest - Starting of testVaildEmployeeDetails method
2026-02-02 10:15:59 INFO  BasePage - Starting of getWelcomeToJalaAcademy method
2026-02-02 10:15:59 INFO  BasePage - Ending of getWelcomeToJalaAcademy method
2026-02-02 10:15:59 INFO  BasePage - Starting of getText method
2026-02-02 10:15:59 INFO  BasePage - Ending of getText method
2026-02-02 10:16:00 INFO  BasePage - Starting of click method
2026-02-02 10:16:00 INFO  BasePage - Starting of clickOnEmployeeButton method
2026-02-02 10:16:00 INFO  BasePage - Ending of click method
2026-02-02 10:16:00 INFO  BasePage - Ending of clickOnEmployeeButton method
2026-02-02 10:16:00 INFO  BasePage - Starting of enterAddress method
2026-02-02 10:16:00 INFO  BasePage - Starting of sendKeys method
2026-02-02 10:16:00 INFO  BasePage - Ending of sendKeys method
2026-02-02 10:16:00 INFO  BasePage - Ending of enterAddress method
2026-02-02 10:16:00 INFO  BasePage - Starting of clickOnSelectCity method
2026-02-02 10:16:00 INFO  BasePage - Starting of click method
2026-02-02 10:16:00 INFO  BasePage - Ending of click method
2026-02-02 10:16:00 INFO  BasePage - Ending of clickOnSelectCity method
2026-02-02 10:16:00 INFO  BasePage - Starting of clickOnIndia method
2026-02-02 10:16:00 INFO  BasePage - Starting of click method
2026-02-02 10:16:00 INFO  BasePage - Ending of click method
2026-02-02 10:16:00 INFO  BasePage - Ending of clickOnIndia method
2026-02-02 10:16:02 INFO  BasePage - Starting of click method
2026-02-02 10:16:02 INFO  BasePage - Ending of click method
2026-02-02 10:16:02 INFO  BasePage - Ending of clickOnEmployeeButton method
2026-02-02 10:16:02 INFO  BasePage - Starting of clickOnCreateButton method
2026-02-02 10:16:03 INFO  BasePage - Starting of clickOnSelectCity method
2026-02-02 10:16:03 INFO  BasePage - Starting of click method
2026-02-02 10:16:04 INFO  BasePage - Ending of click method
2026-02-02 10:16:04 INFO  BasePage - Ending of clickOnSelectCity method
2026-02-02 10:16:04 INFO  BasePage - Starting of clickOnHyderabad method
2026-02-02 10:16:04 INFO  BasePage - Starting of click method
2026-02-02 10:16:04 INFO  BasePage - Ending of click method
2026-02-02 10:16:04 INFO  BasePage - Ending of clickOnHyderabad method
2026-02-02 10:16:04 INFO  BasePage - Starting of clickOnQaAutomation method
2026-02-02 10:16:04 INFO  BasePage - Starting of click method
2026-02-02 10:16:04 INFO  BasePage - Ending of click method
2026-02-02 10:16:04 INFO  BasePage - Ending of clickOnQaAutomation method
2026-02-02 10:16:04 INFO  BasePage - Starting of clickOnIndia method
2026-02-02 10:16:04 INFO  BasePage - Starting of click method
2026-02-02 10:16:04 INFO  BasePage - Ending of click method
2026-02-02 10:16:04 INFO  BasePage - Ending of clickOnIndia method
2026-02-02 10:16:04 INFO  BaseTest - Ending of testVaildEmployeeDetails method
2026-02-02 10:16:04 INFO  Listeners - Test PassedA_testVaildEmployeeDetails
2026-02-02 10:16:04 INFO  BasePage - Starting of click method
2026-02-02 10:16:04 INFO  BaseTest - Starting of setup method
2026-02-02 10:16:04 INFO  BasePage - Ending of click method
2026-02-02 10:16:04 INFO  BasePage - Ending of clickOnCreateButton method
2026-02-02 10:16:04 INFO  BasePage - Starting of enterFirstName method
2026-02-02 10:16:04 INFO  BasePage - Starting of sendKeys method
2026-02-02 10:16:04 INFO  BasePage - Ending of sendKeys method
2026-02-02 10:16:04 INFO  BasePage - Ending of enterFirstName method
2026-02-02 10:16:04 INFO  BasePage - Starting of enterFirstName method
2026-02-02 10:16:04 INFO  BasePage - Starting of sendKeys method
2026-02-02 10:16:04 INFO  BasePage - Ending of sendKeys method
2026-02-02 10:16:04 INFO  BasePage - Ending of enterFirstName method
2026-02-02 10:16:04 INFO  BasePage - Starting of enterEmailId method
2026-02-02 10:16:04 INFO  BasePage - Starting of sendKeys method
2026-02-02 10:16:04 INFO  BasePage - Ending of sendKeys method
2026-02-02 10:16:04 INFO  BasePage - Ending of enterEmailId method
2026-02-02 10:16:04 INFO  BasePage - Starting of enterMobileNumber method
2026-02-02 10:16:04 INFO  BasePage - Starting of sendKeys method
2026-02-02 10:16:05 INFO  BasePage - Ending of sendKeys method
2026-02-02 10:16:05 INFO  BasePage - Ending of enterMobileNumber method
2026-02-02 10:16:05 INFO  BasePage - Starting of enterDateOfBirth method
2026-02-02 10:16:05 INFO  BasePage - Starting of sendKeys method
2026-02-02 10:16:05 INFO  BasePage - Ending of sendKeys method
2026-02-02 10:16:05 INFO  BasePage - Ending of enterDateOfBirth method
2026-02-02 10:16:05 INFO  BasePage - Starting of clickOnEmployeeButton method
2026-02-02 10:16:05 INFO  BasePage - Starting of LoginPage constructor
2026-02-02 10:16:05 INFO  BasePage - Ending of LoginPage constructor
2026-02-02 10:16:05 INFO  BasePage - Starting of EmployeeDetails constructor
2026-02-02 10:16:05 INFO  BasePage - Ending of EmployeeDetails constructor
2026-02-02 10:16:05 INFO  BasePage - Starting of SearchEmployee method
2026-02-02 10:16:05 INFO  BasePage - Ending of SearchEmployee method
2026-02-02 10:16:07 INFO  BasePage - Starting of enterEmail method
2026-02-02 10:16:07 INFO  BasePage - Starting of sendKeys method
2026-02-02 10:16:07 INFO  BasePage - Starting of click method
2026-02-02 10:16:07 INFO  BasePage - Ending of click method
2026-02-02 10:16:07 INFO  BasePage - Ending of clickOnEmployeeButton method
2026-02-02 10:16:07 INFO  BasePage - Starting of enterAddress method
2026-02-02 10:16:07 INFO  BasePage - Starting of sendKeys method
2026-02-02 10:16:07 INFO  BasePage - Ending of sendKeys method
2026-02-02 10:16:07 INFO  BasePage - Ending of enterAddress method
2026-02-02 10:16:07 INFO  BasePage - Starting of clickOnSelectCity method
2026-02-02 10:16:07 INFO  BasePage - Starting of click method
2026-02-02 10:16:07 INFO  BasePage - Ending of sendKeys method
2026-02-02 10:16:07 INFO  BasePage - Ending of enterEmail method
2026-02-02 10:16:07 INFO  BasePage - Starting of enterPassword method
2026-02-02 10:16:07 INFO  BasePage - Starting of sendKeys method
2026-02-02 10:16:07 INFO  BasePage - Ending of sendKeys method
2026-02-02 10:16:07 INFO  BasePage - Ending of enterPassword method
2026-02-02 10:16:07 INFO  BasePage - Starting of clickOnRememberMe method
2026-02-02 10:16:07 INFO  BasePage - Starting of click method
2026-02-02 10:16:07 INFO  BasePage - Ending of click method
2026-02-02 10:16:07 INFO  BasePage - Ending of clickOnRememberMe method
2026-02-02 10:16:07 INFO  BasePage - Starting of clickOnLoginButton method
2026-02-02 10:16:07 INFO  BasePage - Starting of click method
2026-02-02 10:16:07 INFO  BasePage - Ending of click method
2026-02-02 10:16:07 INFO  BasePage - Ending of clickOnLoginButton method
2026-02-02 10:16:07 INFO  BasePage - Starting of clickOnEmployeeButton method
2026-02-02 10:16:07 INFO  BasePage - Ending of click method
2026-02-02 10:16:07 INFO  BasePage - Ending of clickOnSelectCity method
2026-02-02 10:16:07 INFO  BasePage - Starting of clickOnIndia method
2026-02-02 10:16:07 INFO  BasePage - Starting of click method
2026-02-02 10:16:07 INFO  BasePage - Ending of click method
2026-02-02 10:16:07 INFO  BasePage - Ending of clickOnIndia method
2026-02-02 10:16:09 INFO  BasePage - Starting of click method
2026-02-02 10:16:09 INFO  BasePage - Ending of click method
2026-02-02 10:16:09 INFO  BasePage - Ending of clickOnEmployeeButton method
2026-02-02 10:16:09 INFO  BaseTest - Ending of setup method
2026-02-02 10:16:09 INFO  Listeners - Test Started  : A_testSearchEmployee
2026-02-02 10:16:09 INFO  BaseTest - Starting of testSearchEmployee method
2026-02-02 10:16:10 INFO  BasePage - Starting of clickOnSelectCity method
2026-02-02 10:16:10 INFO  BasePage - Starting of click method
2026-02-02 10:16:10 INFO  BasePage - Ending of click method
2026-02-02 10:16:10 INFO  BasePage - Ending of clickOnSelectCity method
2026-02-02 10:16:10 INFO  BasePage - Starting of clickOnHyderabad method
2026-02-02 10:16:10 INFO  BasePage - Starting of click method
2026-02-02 10:16:11 INFO  BasePage - Ending of click method
2026-02-02 10:16:11 INFO  BasePage - Ending of clickOnHyderabad method
2026-02-02 10:16:11 INFO  BasePage - Starting of clickOnQaAutomation method
2026-02-02 10:16:11 INFO  BasePage - Starting of click method
2026-02-02 10:16:11 INFO  BasePage - Ending of click method
2026-02-02 10:16:11 INFO  BasePage - Ending of clickOnQaAutomation method
2026-02-02 10:16:11 INFO  BasePage - Starting of clickOnIndia method
2026-02-02 10:16:11 INFO  BasePage - Starting of click method
2026-02-02 10:16:11 INFO  BasePage - Ending of click method
2026-02-02 10:16:11 INFO  BasePage - Ending of clickOnIndia method
2026-02-02 10:16:11 INFO  BaseTest - Ending of testVaildEmployeeDetails method
2026-02-02 10:16:11 INFO  Listeners - Test PassedA_testVaildEmployeeDetails
2026-02-02 10:16:12 INFO  BasePage - Starting of clickOnSearch method
2026-02-02 10:16:12 INFO  BasePage - Starting of click method
2026-02-02 10:16:12 INFO  BaseTest - Starting of setup method
2026-02-02 10:16:13 INFO  BasePage - Ending of click method
2026-02-02 10:16:13 INFO  BasePage - Ending of clickOnSearch method
2026-02-02 10:16:13 INFO  BasePage - Starting of enterEmployeeName method
2026-02-02 10:16:13 INFO  BasePage - Starting of sendKeys method
2026-02-02 10:16:13 INFO  BasePage - Ending of sendKeys method
2026-02-02 10:16:13 INFO  BasePage - Ending of enterEmployeeName method
2026-02-02 10:16:13 INFO  BasePage - Starting of enterPassword method
2026-02-02 10:16:13 INFO  BasePage - Starting of sendKeys method
2026-02-02 10:16:13 INFO  BasePage - Ending of sendKeys method
2026-02-02 10:16:13 INFO  BasePage - Ending of enterPassword method
2026-02-02 10:16:13 INFO  BasePage - Starting of clickOnSearch1 method
2026-02-02 10:16:13 INFO  BasePage - Starting of click method
2026-02-02 10:16:13 INFO  BasePage - Ending of click method
2026-02-02 10:16:13 INFO  BasePage - Ending of setup method
2026-02-02 10:16:16 INFO  BaseTest - Ending of testSearchEmployee method
2026-02-02 10:16:16 INFO  Listeners - Test PassedA_testSearchEmployee
2026-02-02 10:16:17 INFO  BaseTest - Starting of setup method
2026-02-02 10:16:17 INFO  BasePage - Starting of LoginPage constructor
2026-02-02 10:16:17 INFO  BasePage - Ending of LoginPage constructor
2026-02-02 10:16:17 INFO  BasePage - Starting of EmployeeDetails constructor
2026-02-02 10:16:17 INFO  BasePage - Ending of EmployeeDetails constructor
2026-02-02 10:16:17 INFO  BasePage - Starting of SearchEmployee method
2026-02-02 10:16:17 INFO  BasePage - Ending of SearchEmployee method
2026-02-02 10:16:18 INFO  BasePage - Starting of MenuPage constructor
2026-02-02 10:16:18 INFO  BasePage - Ending of MenuPage constructor
2026-02-02 10:16:18 INFO  BasePage - Starting of HomePage constructor
2026-02-02 10:16:18 INFO  BasePage - Ending of HomePage constructor
2026-02-02 10:16:18 INFO  BasePage - Starting of LoginPage constructor
2026-02-02 10:16:18 INFO  BasePage - Ending of LoginPage constructor
2026-02-02 10:16:19 INFO  BasePage - Starting of enterEmail method
2026-02-02 10:16:19 INFO  BasePage - Starting of sendKeys method
2026-02-02 10:16:19 INFO  BasePage - Ending of sendKeys method
2026-02-02 10:16:19 INFO  BasePage - Ending of enterEmail method
2026-02-02 10:16:19 INFO  BasePage - Starting of enterPassword method
2026-02-02 10:16:19 INFO  BasePage - Starting of sendKeys method
2026-02-02 10:16:19 INFO  BasePage - Ending of sendKeys method
2026-02-02 10:16:19 INFO  BasePage - Ending of enterPassword method
2026-02-02 10:16:19 INFO  BasePage - Starting of clickOnRememberMe method
2026-02-02 10:16:19 INFO  BasePage - Starting of click method
2026-02-02 10:16:19 INFO  BasePage - Ending of click method
2026-02-02 10:16:19 INFO  BasePage - Ending of clickOnRememberMe method
2026-02-02 10:16:19 INFO  BasePage - Starting of clickOnLoginButton method
2026-02-02 10:16:19 INFO  BasePage - Starting of click method
2026-02-02 10:16:19 INFO  BasePage - Starting of enterEmail method
2026-02-02 10:16:19 INFO  BasePage - Starting of sendKeys method
2026-02-02 10:16:20 INFO  BasePage - Ending of click method
2026-02-02 10:16:20 INFO  BasePage - Ending of clickOnLoginButton method
2026-02-02 10:16:20 INFO  BasePage - Starting of clickOnEmployeeButton method
2026-02-02 10:16:20 INFO  BasePage - Ending of sendKeys method
2026-02-02 10:16:20 INFO  BasePage - Ending of enterEmail method
2026-02-02 10:16:20 INFO  BasePage - Starting of enterPassword method
2026-02-02 10:16:20 INFO  BasePage - Starting of sendKeys method
2026-02-02 10:16:20 INFO  BasePage - Ending of sendKeys method
2026-02-02 10:16:20 INFO  BasePage - Ending of enterPassword method
2026-02-02 10:16:20 INFO  BasePage - Starting of clickOnRememberMe method
2026-02-02 10:16:20 INFO  BasePage - Starting of click method
2026-02-02 10:16:20 INFO  BasePage - Ending of click method
2026-02-02 10:16:20 INFO  BasePage - Ending of clickOnRememberMe method
2026-02-02 10:16:20 INFO  BasePage - Starting of clickOnLoginButton method
2026-02-02 10:16:20 INFO  BasePage - Starting of click method
2026-02-02 10:16:21 INFO  BasePage - Ending of click method
2026-02-02 10:16:21 INFO  BasePage - Ending of clickOnLoginButton method
2026-02-02 10:16:21 INFO  BasePage - Starting of clickOnMoreButton method
2026-02-02 10:16:21 INFO  BasePage - Ending of clickOnMoreButton method
2026-02-02 10:16:22 INFO  BasePage - Starting of click method
2026-02-02 10:16:22 INFO  BasePage - Ending of click method
2026-02-02 10:16:22 INFO  BasePage - Ending of clickOnEmployeeButton method
2026-02-02 10:16:22 INFO  BaseTest - Ending of setup method
2026-02-02 10:16:22 INFO  Listeners - Test Started  : A_testSearchEmployee
2026-02-02 10:16:22 INFO  BaseTest - Starting of testSearchEmployee method
2026-02-02 10:16:24 INFO  BasePage - Starting of clickOnMenuButton method
2026-02-02 10:16:24 INFO  BasePage - Starting of click method
2026-02-02 10:16:24 INFO  BasePage - Ending of click method
2026-02-02 10:16:24 INFO  BasePage - Ending of clickOnMenuButton method
2026-02-02 10:16:24 INFO  BaseTest - Ending of setup method
2026-02-02 10:16:24 INFO  Listeners - Test Started  : A_testMenu
2026-02-02 10:16:24 INFO  BaseTest - Starting of testMenu method
2026-02-02 10:16:24 INFO  BasePage - Starting of clickOnSubMenuButton method
2026-02-02 10:16:24 INFO  BasePage - Starting of click method
2026-02-02 10:16:24 INFO  BasePage - Ending of click method
2026-02-02 10:16:24 INFO  BasePage - Ending of clickOnSubMenuButton method
2026-02-02 10:16:24 INFO  BaseTest - Ending of testMenu method
2026-02-02 10:16:24 INFO  Listeners - Test PassedA_testMenu
2026-02-02 10:16:25 INFO  BaseTest - Starting of setup method
2026-02-02 10:16:25 INFO  BasePage - Starting of clickOnSearch method
2026-02-02 10:16:25 INFO  BasePage - Starting of click method
2026-02-02 10:16:26 INFO  BasePage - Ending of click method
2026-02-02 10:16:26 INFO  BasePage - Ending of clickOnSearch method
2026-02-02 10:16:26 INFO  BasePage - Starting of enterEmployeeName method
2026-02-02 10:16:26 INFO  BasePage - Starting of sendKeys method
2026-02-02 10:16:26 INFO  BasePage - Starting of IframePage constructor
2026-02-02 10:16:26 INFO  BasePage - Ending of IframePage constructor
2026-02-02 10:16:26 INFO  BasePage - Starting of HomePage constructor
2026-02-02 10:16:26 INFO  BasePage - Ending of HomePage constructor
2026-02-02 10:16:26 INFO  BasePage - Starting of LoginPage constructor
2026-02-02 10:16:26 INFO  BasePage - Ending of LoginPage constructor
2026-02-02 10:16:26 INFO  BasePage - Ending of sendKeys method
2026-02-02 10:16:26 INFO  BasePage - Ending of enterEmployeeName method
2026-02-02 10:16:26 INFO  BasePage - Starting of enterPassword method
2026-02-02 10:16:26 INFO  BasePage - Starting of sendKeys method
2026-02-02 10:16:26 INFO  BasePage - Ending of sendKeys method
2026-02-02 10:16:26 INFO  BasePage - Ending of enterPassword method
2026-02-02 10:16:26 INFO  BasePage - Starting of clickOnSearch1 method
2026-02-02 10:16:26 INFO  BasePage - Starting of click method
2026-02-02 10:16:26 INFO  BasePage - Ending of click method
2026-02-02 10:16:26 INFO  BasePage - Ending of setup method
2026-02-02 10:16:27 INFO  BasePage - Starting of enterEmail method
2026-02-02 10:16:27 INFO  BasePage - Starting of sendKeys method
2026-02-02 10:16:27 INFO  BasePage - Ending of sendKeys method
2026-02-02 10:16:27 INFO  BasePage - Ending of enterEmail method
2026-02-02 10:16:27 INFO  BasePage - Starting of enterPassword method
2026-02-02 10:16:27 INFO  BasePage - Starting of sendKeys method
2026-02-02 10:16:27 INFO  BasePage - Ending of sendKeys method
2026-02-02 10:16:27 INFO  BasePage - Ending of enterPassword method
2026-02-02 10:16:27 INFO  BasePage - Starting of clickOnRememberMe method
2026-02-02 10:16:27 INFO  BasePage - Starting of click method
2026-02-02 10:16:27 INFO  BasePage - Ending of click method
2026-02-02 10:16:27 INFO  BasePage - Ending of clickOnRememberMe method
2026-02-02 10:16:27 INFO  BasePage - Starting of clickOnLoginButton method
2026-02-02 10:16:27 INFO  BasePage - Starting of click method
2026-02-02 10:16:28 INFO  BasePage - Ending of click method
2026-02-02 10:16:28 INFO  BasePage - Ending of clickOnLoginButton method
2026-02-02 10:16:28 INFO  BasePage - Starting of clickOnMoreButton method
2026-02-02 10:16:28 INFO  BasePage - Ending of clickOnMoreButton method
2026-02-02 10:16:29 INFO  BaseTest - Ending of testSearchEmployee method
2026-02-02 10:16:29 INFO  Listeners - Test PassedA_testSearchEmployee
2026-02-02 10:16:30 INFO  BaseTest - Starting of setup method
2026-02-02 10:16:31 INFO  BasePage - Starting of clickOnMenuButton method
2026-02-02 10:16:31 INFO  BasePage - Starting of click method
2026-02-02 10:16:31 INFO  BasePage - Ending of click method
2026-02-02 10:16:31 INFO  BasePage - Ending of clickOnMenuButton method
2026-02-02 10:16:31 INFO  BasePage - Starting of clickOnIframeButton method
2026-02-02 10:16:31 INFO  BasePage - Starting of click method
2026-02-02 10:16:32 INFO  BasePage - Ending of click method
2026-02-02 10:16:32 INFO  BasePage - Ending of clickOnIframeButton method
2026-02-02 10:16:32 INFO  BaseTest - Ending of setup method
2026-02-02 10:16:32 INFO  Listeners - Test Started  : A_testIframe
2026-02-02 10:16:32 INFO  BaseTest - Starting of testIframe method
2026-02-02 10:16:32 INFO  BasePage - Starting of getFrameOneText method
2026-02-02 10:16:32 INFO  BasePage - Ending of getFrameOneText method
2026-02-02 10:16:32 INFO  BasePage - Starting of getText method
2026-02-02 10:16:32 INFO  BasePage - Ending of getText method
2026-02-02 10:16:32 INFO  BasePage - Starting of getFrameTwoText method
2026-02-02 10:16:32 INFO  BasePage - Ending of getFrameTwoText method
2026-02-02 10:16:32 INFO  BasePage - Starting of getText method
2026-02-02 10:16:32 INFO  BasePage - Ending of getText method
2026-02-02 10:16:32 INFO  BasePage - Starting of getWelcomeToJalaAcademyText method
2026-02-02 10:16:32 INFO  BasePage - Ending of getWelcomeToJalaAcademyText method
2026-02-02 10:16:32 INFO  BasePage - Starting of getText method
2026-02-02 10:16:32 INFO  BasePage - Ending of getText method
2026-02-02 10:16:32 INFO  BaseTest - Ending of testIframe method
2026-02-02 10:16:32 INFO  Listeners - Test PassedA_testIframe
2026-02-02 10:16:32 INFO  BaseTest - Starting of setup method
2026-02-02 10:16:34 INFO  BasePage - Starting of ImagesPage constructor
2026-02-02 10:16:34 INFO  BasePage - Ending of ImagesPage constructor
2026-02-02 10:16:34 INFO  BasePage - Starting of HomePage constructor
2026-02-02 10:16:34 INFO  BasePage - Ending of HomePage constructor
2026-02-02 10:16:34 INFO  BasePage - Starting of LoginPage constructor
2026-02-02 10:16:34 INFO  BasePage - Ending of LoginPage constructor
2026-02-02 10:16:35 INFO  BasePage - Starting of enterEmail method
2026-02-02 10:16:35 INFO  BasePage - Starting of sendKeys method
2026-02-02 10:16:35 INFO  BasePage - Ending of sendKeys method
2026-02-02 10:16:35 INFO  BasePage - Ending of enterEmail method
2026-02-02 10:16:35 INFO  BasePage - Starting of enterPassword method
2026-02-02 10:16:35 INFO  BasePage - Starting of sendKeys method
2026-02-02 10:16:35 INFO  BasePage - Ending of sendKeys method
2026-02-02 10:16:35 INFO  BasePage - Ending of enterPassword method
2026-02-02 10:16:35 INFO  BasePage - Starting of clickOnRememberMe method
2026-02-02 10:16:35 INFO  BasePage - Starting of click method
2026-02-02 10:16:35 INFO  BasePage - Ending of click method
2026-02-02 10:16:35 INFO  BasePage - Ending of clickOnRememberMe method
2026-02-02 10:16:35 INFO  BasePage - Starting of clickOnLoginButton method
2026-02-02 10:16:35 INFO  BasePage - Starting of click method
2026-02-02 10:16:36 INFO  BasePage - Ending of click method
2026-02-02 10:16:36 INFO  BasePage - Ending of clickOnLoginButton method
2026-02-02 10:16:36 INFO  BasePage - Starting of clickOnMoreButton method
2026-02-02 10:16:36 INFO  BasePage - Starting of MenuPage constructor
2026-02-02 10:16:36 INFO  BasePage - Ending of MenuPage constructor
2026-02-02 10:16:36 INFO  BasePage - Starting of HomePage constructor
2026-02-02 10:16:36 INFO  BasePage - Ending of HomePage constructor
2026-02-02 10:16:36 INFO  BasePage - Starting of LoginPage constructor
2026-02-02 10:16:36 INFO  BasePage - Ending of LoginPage constructor
2026-02-02 10:16:36 INFO  BasePage - Ending of clickOnMoreButton method
2026-02-02 10:16:37 INFO  BasePage - Starting of enterEmail method
2026-02-02 10:16:37 INFO  BasePage - Starting of sendKeys method
2026-02-02 10:16:37 INFO  BasePage - Ending of sendKeys method
2026-02-02 10:16:37 INFO  BasePage - Ending of enterEmail method
2026-02-02 10:16:37 INFO  BasePage - Starting of enterPassword method
2026-02-02 10:16:37 INFO  BasePage - Starting of sendKeys method
2026-02-02 10:16:37 INFO  BasePage - Ending of sendKeys method
2026-02-02 10:16:37 INFO  BasePage - Ending of enterPassword method
2026-02-02 10:16:37 INFO  BasePage - Starting of clickOnRememberMe method
2026-02-02 10:16:37 INFO  BasePage - Starting of click method
2026-02-02 10:16:38 INFO  BasePage - Ending of click method
2026-02-02 10:16:38 INFO  BasePage - Ending of clickOnRememberMe method
2026-02-02 10:16:38 INFO  BasePage - Starting of clickOnLoginButton method
2026-02-02 10:16:38 INFO  BasePage - Starting of click method
2026-02-02 10:16:38 INFO  BasePage - Ending of click method
2026-02-02 10:16:38 INFO  BasePage - Ending of clickOnLoginButton method
2026-02-02 10:16:38 INFO  BasePage - Starting of clickOnMoreButton method
2026-02-02 10:16:38 INFO  BasePage - Ending of clickOnMoreButton method
2026-02-02 10:16:39 INFO  BasePage - Starting of clickOnImageButton method
2026-02-02 10:16:39 INFO  BasePage - Starting of click method
2026-02-02 10:16:39 INFO  BasePage - Ending of click method
2026-02-02 10:16:39 INFO  BasePage - Ending of clickOnImageButton method
2026-02-02 10:16:39 INFO  BaseTest - Ending of setup method
2026-02-02 10:16:39 INFO  Listeners - Test Started  : A_testUploadImages
2026-02-02 10:16:39 INFO  BaseTest - Starting of testUploadImages method
2026-02-02 10:16:39 INFO  BasePage - Starting of uploadImage method
2026-02-02 10:16:39 INFO  BasePage - Starting of sendKeys method
2026-02-02 10:16:40 INFO  BasePage - Ending of sendKeys method
2026-02-02 10:16:40 INFO  BasePage - Ending of uploadImage method
2026-02-02 10:16:41 INFO  BasePage - Starting of clickOnMenuButton method
2026-02-02 10:16:41 INFO  BasePage - Starting of click method
2026-02-02 10:16:42 INFO  BasePage - Starting of clickOnUploadButton method
2026-02-02 10:16:42 INFO  BasePage - Starting of click method
2026-02-02 10:16:42 INFO  BasePage - Ending of click method
2026-02-02 10:16:42 INFO  BasePage - Ending of clickOnMenuButton method
2026-02-02 10:16:42 INFO  BaseTest - Ending of setup method
2026-02-02 10:16:42 INFO  Listeners - Test Started  : A_testMenu
2026-02-02 10:16:42 INFO  BaseTest - Starting of testMenu method
2026-02-02 10:16:42 INFO  BasePage - Starting of clickOnSubMenuButton method
2026-02-02 10:16:42 INFO  BasePage - Starting of click method
2026-02-02 10:16:42 INFO  BasePage - Ending of click method
2026-02-02 10:16:42 INFO  BasePage - Ending of clickOnUploadButton method
2026-02-02 10:16:42 INFO  BasePage - Starting of getImageLabel method
2026-02-02 10:16:42 INFO  BasePage - Ending of getImageLabel method
2026-02-02 10:16:42 INFO  BasePage - Starting of getText method
2026-02-02 10:16:42 INFO  BasePage - Ending of getText method
2026-02-02 10:16:42 INFO  BasePage - Ending of click method
2026-02-02 10:16:42 INFO  BasePage - Ending of clickOnSubMenuButton method
2026-02-02 10:16:42 INFO  BaseTest - Ending of testMenu method
2026-02-02 10:16:42 INFO  Listeners - Test PassedA_testMenu
2026-02-02 10:16:42 INFO  BaseTest - Ending of testUploadImages method
2026-02-02 10:16:42 INFO  Listeners - Test PassedA_testUploadImages
2026-02-02 10:16:43 INFO  BaseTest - Starting of setup method
2026-02-02 10:16:47 INFO  BasePage - Starting of IframePage constructor
2026-02-02 10:16:47 INFO  BasePage - Ending of IframePage constructor
2026-02-02 10:16:47 INFO  BasePage - Starting of HomePage constructor
2026-02-02 10:16:47 INFO  BasePage - Ending of HomePage constructor
2026-02-02 10:16:47 INFO  BasePage - Starting of LoginPage constructor
2026-02-02 10:16:47 INFO  BasePage - Ending of LoginPage constructor
2026-02-02 10:16:48 INFO  BasePage - Starting of enterEmail method
2026-02-02 10:16:48 INFO  BasePage - Starting of sendKeys method
2026-02-02 10:16:48 INFO  BasePage - Ending of sendKeys method
2026-02-02 10:16:48 INFO  BasePage - Ending of enterEmail method
2026-02-02 10:16:48 INFO  BasePage - Starting of enterPassword method
2026-02-02 10:16:48 INFO  BasePage - Starting of sendKeys method
2026-02-02 10:16:48 INFO  BasePage - Ending of sendKeys method
2026-02-02 10:16:48 INFO  BasePage - Ending of enterPassword method
2026-02-02 10:16:48 INFO  BasePage - Starting of clickOnRememberMe method
2026-02-02 10:16:48 INFO  BasePage - Starting of click method
2026-02-02 10:16:48 INFO  BasePage - Ending of click method
2026-02-02 10:16:48 INFO  BasePage - Ending of clickOnRememberMe method
2026-02-02 10:16:48 INFO  BasePage - Starting of clickOnLoginButton method
2026-02-02 10:16:48 INFO  BasePage - Starting of click method
2026-02-02 10:16:48 INFO  BasePage - Ending of click method
2026-02-02 10:16:48 INFO  BasePage - Ending of clickOnLoginButton method
2026-02-02 10:16:48 INFO  BasePage - Starting of clickOnMoreButton method
2026-02-02 10:16:49 INFO  BasePage - Ending of clickOnMoreButton method
2026-02-02 10:16:52 INFO  BasePage - Starting of clickOnMenuButton method
2026-02-02 10:16:52 INFO  BasePage - Starting of click method
2026-02-02 10:16:52 INFO  BasePage - Ending of click method
2026-02-02 10:16:52 INFO  BasePage - Ending of clickOnMenuButton method
2026-02-02 10:16:52 INFO  BasePage - Starting of clickOnIframeButton method
2026-02-02 10:16:52 INFO  BasePage - Starting of click method
2026-02-02 10:16:53 INFO  BasePage - Ending of click method
2026-02-02 10:16:53 INFO  BasePage - Ending of clickOnIframeButton method
2026-02-02 10:16:53 INFO  BaseTest - Ending of setup method
2026-02-02 10:16:53 INFO  Listeners - Test Started  : A_testIframe
2026-02-02 10:16:53 INFO  BaseTest - Starting of testIframe method
2026-02-02 10:16:53 INFO  BasePage - Starting of getFrameOneText method
2026-02-02 10:16:53 INFO  BasePage - Ending of getFrameOneText method
2026-02-02 10:16:53 INFO  BasePage - Starting of getText method
2026-02-02 10:16:53 INFO  BasePage - Ending of getText method
2026-02-02 10:16:53 INFO  BasePage - Starting of getFrameTwoText method
2026-02-02 10:16:53 INFO  BasePage - Ending of getFrameTwoText method
2026-02-02 10:16:53 INFO  BasePage - Starting of getText method
2026-02-02 10:16:53 INFO  BasePage - Ending of getText method
2026-02-02 10:16:53 INFO  BasePage - Starting of getWelcomeToJalaAcademyText method
2026-02-02 10:16:53 INFO  BasePage - Ending of getWelcomeToJalaAcademyText method
2026-02-02 10:16:53 INFO  BasePage - Starting of getText method
2026-02-02 10:16:53 INFO  BasePage - Ending of getText method
2026-02-02 10:16:53 INFO  BaseTest - Ending of testIframe method
2026-02-02 10:16:53 INFO  Listeners - Test PassedA_testIframe
2026-02-02 10:16:54 INFO  BaseTest - Starting of setup method
2026-02-02 10:16:57 INFO  BasePage - Starting of ImagesPage constructor
2026-02-02 10:16:57 INFO  BasePage - Ending of ImagesPage constructor
2026-02-02 10:16:57 INFO  BasePage - Starting of HomePage constructor
2026-02-02 10:16:57 INFO  BasePage - Ending of HomePage constructor
2026-02-02 10:16:57 INFO  BasePage - Starting of LoginPage constructor
2026-02-02 10:16:57 INFO  BasePage - Ending of LoginPage constructor
2026-02-02 10:16:58 INFO  BasePage - Starting of enterEmail method
2026-02-02 10:16:58 INFO  BasePage - Starting of sendKeys method
2026-02-02 10:16:58 INFO  BasePage - Ending of sendKeys method
2026-02-02 10:16:58 INFO  BasePage - Ending of enterEmail method
2026-02-02 10:16:58 INFO  BasePage - Starting of enterPassword method
2026-02-02 10:16:58 INFO  BasePage - Starting of sendKeys method
2026-02-02 10:16:58 INFO  BasePage - Ending of sendKeys method
2026-02-02 10:16:58 INFO  BasePage - Ending of enterPassword method
2026-02-02 10:16:58 INFO  BasePage - Starting of clickOnRememberMe method
2026-02-02 10:16:58 INFO  BasePage - Starting of click method
2026-02-02 10:16:58 INFO  BasePage - Ending of click method
2026-02-02 10:16:58 INFO  BasePage - Ending of clickOnRememberMe method
2026-02-02 10:16:58 INFO  BasePage - Starting of clickOnLoginButton method
2026-02-02 10:16:58 INFO  BasePage - Starting of click method
2026-02-02 10:16:58 INFO  BasePage - Ending of click method
2026-02-02 10:16:58 INFO  BasePage - Ending of clickOnLoginButton method
2026-02-02 10:16:58 INFO  BasePage - Starting of clickOnMoreButton method
2026-02-02 10:16:59 INFO  BasePage - Ending of clickOnMoreButton method
2026-02-02 10:17:02 INFO  BasePage - Starting of clickOnImageButton method
2026-02-02 10:17:02 INFO  BasePage - Starting of click method
2026-02-02 10:17:02 INFO  BasePage - Ending of click method
2026-02-02 10:17:02 INFO  BasePage - Ending of clickOnImageButton method
2026-02-02 10:17:02 INFO  BaseTest - Ending of setup method
2026-02-02 10:17:02 INFO  Listeners - Test Started  : A_testUploadImages
2026-02-02 10:17:02 INFO  BaseTest - Starting of testUploadImages method
2026-02-02 10:17:02 INFO  BasePage - Starting of uploadImage method
2026-02-02 10:17:02 INFO  BasePage - Starting of sendKeys method
2026-02-02 10:17:02 INFO  BasePage - Ending of sendKeys method
2026-02-02 10:17:02 INFO  BasePage - Ending of uploadImage method
2026-02-02 10:17:04 INFO  BasePage - Starting of clickOnUploadButton method
2026-02-02 10:17:04 INFO  BasePage - Starting of click method
2026-02-02 10:17:05 INFO  BasePage - Ending of click method
2026-02-02 10:17:05 INFO  BasePage - Ending of clickOnUploadButton method
2026-02-02 10:17:05 INFO  BasePage - Starting of getImageLabel method
2026-02-02 10:17:05 INFO  BasePage - Ending of getImageLabel method
2026-02-02 10:17:05 INFO  BasePage - Starting of getText method
2026-02-02 10:17:05 INFO  BasePage - Ending of getText method
2026-02-02 10:17:05 INFO  BaseTest - Ending of testUploadImages method
2026-02-02 10:17:05 INFO  Listeners - Test PassedA_testUploadImages
2026-02-02 10:32:31 INFO  BaseTest - Starting of setup method
2026-02-02 10:32:31 INFO  BaseTest - Starting of setup method
2026-02-02 10:32:34 INFO  BasePage - Starting of LoginPage constructor
2026-02-02 10:32:34 INFO  BasePage - Ending of LoginPage constructor
2026-02-02 10:32:36 INFO  BaseTest - Ending of setup method
2026-02-02 10:32:37 INFO  Listeners - Test Started  : A_TestInvaildLogin
2026-02-02 10:32:37 INFO  BaseTest - Starting of TestInvaildLogin method
2026-02-02 10:32:37 INFO  BasePage - Starting of enterEmail method
2026-02-02 10:32:37 INFO  BasePage - Starting of sendKeys method
2026-02-02 10:32:37 INFO  BasePage - Ending of sendKeys method
2026-02-02 10:32:37 INFO  BasePage - Ending of enterEmail method
2026-02-02 10:32:37 INFO  BasePage - Starting of enterPassword method
2026-02-02 10:32:37 INFO  BasePage - Starting of sendKeys method
2026-02-02 10:32:37 INFO  BasePage - Ending of sendKeys method
2026-02-02 10:32:37 INFO  BasePage - Ending of enterPassword method
2026-02-02 10:32:37 INFO  BasePage - Starting of clickOnRememberMe method
2026-02-02 10:32:37 INFO  BasePage - Starting of click method
2026-02-02 10:32:37 INFO  BasePage - Ending of click method
2026-02-02 10:32:37 INFO  BasePage - Ending of clickOnRememberMe method
2026-02-02 10:32:37 INFO  BasePage - Starting of clickOnLoginButton method
2026-02-02 10:32:37 INFO  BasePage - Starting of click method
2026-02-02 10:32:37 INFO  BasePage - Ending of click method
2026-02-02 10:32:37 INFO  BasePage - Ending of clickOnLoginButton method
2026-02-02 10:32:37 INFO  BaseTest - Ending of TestInvaildLogin method
2026-02-02 10:32:37 INFO  Listeners - Test PassedA_TestInvaildLogin
2026-02-02 10:32:38 INFO  Listeners - Test Started  : B_TestInvaildLogin2
2026-02-02 10:32:38 INFO  BaseTest - Starting of TestInvaildLogin2 method
2026-02-02 10:32:38 INFO  BasePage - Starting of enterEmail method
2026-02-02 10:32:38 INFO  BasePage - Starting of sendKeys method
2026-02-02 10:32:38 INFO  BasePage - Starting of LoginPage constructor
2026-02-02 10:32:38 INFO  BasePage - Ending of LoginPage constructor
2026-02-02 10:32:38 INFO  BasePage - Ending of sendKeys method
2026-02-02 10:32:38 INFO  BasePage - Ending of enterEmail method
2026-02-02 10:32:38 INFO  BasePage - Starting of enterPassword method
2026-02-02 10:32:38 INFO  BasePage - Starting of sendKeys method
2026-02-02 10:32:38 INFO  BasePage - Ending of sendKeys method
2026-02-02 10:32:38 INFO  BasePage - Ending of enterPassword method
2026-02-02 10:32:38 INFO  BasePage - Starting of clickOnRememberMe method
2026-02-02 10:32:38 INFO  BasePage - Starting of click method
2026-02-02 10:32:38 INFO  BasePage - Ending of click method
2026-02-02 10:32:38 INFO  BasePage - Ending of clickOnRememberMe method
2026-02-02 10:32:38 INFO  BasePage - Starting of clickOnLoginButton method
2026-02-02 10:32:38 INFO  BasePage - Starting of click method
2026-02-02 10:32:39 INFO  BasePage - Ending of click method
2026-02-02 10:32:39 INFO  BasePage - Ending of clickOnLoginButton method
2026-02-02 10:32:39 INFO  BaseTest - Ending of TestInvaildLogin2 method
2026-02-02 10:32:39 INFO  Listeners - Test PassedB_TestInvaildLogin2
2026-02-02 10:32:39 INFO  Listeners - Test Started  : C_TestInvaildLogin3
2026-02-02 10:32:39 INFO  BaseTest - Starting of TestInvaildLogin3 method
2026-02-02 10:32:39 INFO  BasePage - Starting of enterEmail method
2026-02-02 10:32:39 INFO  BasePage - Starting of sendKeys method
2026-02-02 10:32:39 INFO  BasePage - Ending of sendKeys method
2026-02-02 10:32:39 INFO  BasePage - Ending of enterEmail method
2026-02-02 10:32:39 INFO  BasePage - Starting of enterPassword method
2026-02-02 10:32:39 INFO  BasePage - Starting of sendKeys method
2026-02-02 10:32:39 INFO  BaseTest - Ending of setup method
2026-02-02 10:32:39 INFO  Listeners - Test Started  : A_TestInvaildLogin
2026-02-02 10:32:39 INFO  BaseTest - Starting of TestInvaildLogin method
2026-02-02 10:32:39 INFO  BasePage - Starting of enterEmail method
2026-02-02 10:32:39 INFO  BasePage - Starting of sendKeys method
2026-02-02 10:32:39 INFO  BasePage - Ending of sendKeys method
2026-02-02 10:32:39 INFO  BasePage - Ending of enterPassword method
2026-02-02 10:32:39 INFO  BasePage - Starting of clickOnRememberMe method
2026-02-02 10:32:39 INFO  BasePage - Starting of click method
2026-02-02 10:32:39 INFO  BasePage - Ending of click method
2026-02-02 10:32:39 INFO  BasePage - Ending of clickOnRememberMe method
2026-02-02 10:32:39 INFO  BasePage - Starting of clickOnLoginButton method
2026-02-02 10:32:39 INFO  BasePage - Starting of click method
2026-02-02 10:32:39 INFO  BasePage - Ending of sendKeys method
2026-02-02 10:32:39 INFO  BasePage - Ending of enterEmail method
2026-02-02 10:32:39 INFO  BasePage - Starting of enterPassword method
2026-02-02 10:32:39 INFO  BasePage - Starting of sendKeys method
2026-02-02 10:32:39 INFO  BasePage - Ending of sendKeys method
2026-02-02 10:32:39 INFO  BasePage - Ending of enterPassword method
2026-02-02 10:32:39 INFO  BasePage - Starting of clickOnRememberMe method
2026-02-02 10:32:39 INFO  BasePage - Starting of click method
2026-02-02 10:32:39 INFO  BasePage - Ending of click method
2026-02-02 10:32:39 INFO  BasePage - Ending of clickOnLoginButton method
2026-02-02 10:32:39 INFO  BaseTest - Ending of TestInvaildLogin3 method
2026-02-02 10:32:39 INFO  Listeners - Test PassedC_TestInvaildLogin3
2026-02-02 10:32:39 INFO  Listeners - Test Started  : D_testVaildLogin4
2026-02-02 10:32:39 INFO  BaseTest - Starting of testVaildLogin4 method
2026-02-02 10:32:39 INFO  BasePage - Starting of enterEmail method
2026-02-02 10:32:39 INFO  BasePage - Starting of sendKeys method
2026-02-02 10:32:39 INFO  BasePage - Ending of click method
2026-02-02 10:32:39 INFO  BasePage - Ending of clickOnRememberMe method
2026-02-02 10:32:39 INFO  BasePage - Starting of clickOnLoginButton method
2026-02-02 10:32:39 INFO  BasePage - Starting of click method
2026-02-02 10:32:39 INFO  BasePage - Ending of click method
2026-02-02 10:32:39 INFO  BasePage - Ending of clickOnLoginButton method
2026-02-02 10:32:39 INFO  BaseTest - Ending of TestInvaildLogin method
2026-02-02 10:32:39 INFO  Listeners - Test PassedA_TestInvaildLogin
2026-02-02 10:32:39 INFO  Listeners - Test Started  : B_TestInvaildLogin2
2026-02-02 10:32:39 INFO  BaseTest - Starting of TestInvaildLogin2 method
2026-02-02 10:32:39 INFO  BasePage - Starting of enterEmail method
2026-02-02 10:32:39 INFO  BasePage - Starting of sendKeys method
2026-02-02 10:32:40 INFO  BasePage - Ending of sendKeys method
2026-02-02 10:32:40 INFO  BasePage - Ending of enterEmail method
2026-02-02 10:32:40 INFO  BasePage - Starting of enterPassword method
2026-02-02 10:32:40 INFO  BasePage - Starting of sendKeys method
2026-02-02 10:32:40 INFO  BasePage - Ending of sendKeys method
2026-02-02 10:32:40 INFO  BasePage - Ending of enterPassword method
2026-02-02 10:32:40 INFO  BasePage - Starting of clickOnRememberMe method
2026-02-02 10:32:40 INFO  BasePage - Starting of click method
2026-02-02 10:32:40 INFO  BasePage - Ending of click method
2026-02-02 10:32:40 INFO  BasePage - Ending of clickOnRememberMe method
2026-02-02 10:32:40 INFO  BasePage - Starting of clickOnLoginButton method
2026-02-02 10:32:40 INFO  BasePage - Starting of click method
2026-02-02 10:32:40 INFO  BasePage - Ending of sendKeys method
2026-02-02 10:32:40 INFO  BasePage - Ending of enterEmail method
2026-02-02 10:32:40 INFO  BasePage - Starting of enterPassword method
2026-02-02 10:32:40 INFO  BasePage - Starting of sendKeys method
2026-02-02 10:32:40 INFO  BasePage - Ending of click method
2026-02-02 10:32:40 INFO  BasePage - Ending of clickOnLoginButton method
2026-02-02 10:32:40 INFO  BaseTest - Ending of TestInvaildLogin2 method
2026-02-02 10:32:40 INFO  Listeners - Test PassedB_TestInvaildLogin2
2026-02-02 10:32:40 INFO  Listeners - Test Started  : C_TestInvaildLogin3
2026-02-02 10:32:40 INFO  BaseTest - Starting of TestInvaildLogin3 method
2026-02-02 10:32:40 INFO  BasePage - Starting of enterEmail method
2026-02-02 10:32:40 INFO  BasePage - Starting of sendKeys method
2026-02-02 10:32:40 INFO  BasePage - Ending of sendKeys method
2026-02-02 10:32:40 INFO  BasePage - Ending of enterEmail method
2026-02-02 10:32:40 INFO  BasePage - Starting of enterPassword method
2026-02-02 10:32:40 INFO  BasePage - Starting of sendKeys method
2026-02-02 10:32:40 INFO  BasePage - Ending of sendKeys method
2026-02-02 10:32:40 INFO  BasePage - Ending of enterPassword method
2026-02-02 10:32:40 INFO  BasePage - Starting of clickOnRememberMe method
2026-02-02 10:32:40 INFO  BasePage - Starting of click method
2026-02-02 10:32:40 INFO  BasePage - Ending of sendKeys method
2026-02-02 10:32:40 INFO  BasePage - Ending of enterPassword method
2026-02-02 10:32:40 INFO  BasePage - Starting of clickOnRememberMe method
2026-02-02 10:32:40 INFO  BasePage - Starting of click method
2026-02-02 10:32:40 INFO  BasePage - Ending of click method
2026-02-02 10:32:40 INFO  BasePage - Ending of clickOnRememberMe method
2026-02-02 10:32:40 INFO  BasePage - Starting of clickOnLoginButton method
2026-02-02 10:32:40 INFO  BasePage - Starting of click method
2026-02-02 10:32:40 INFO  BasePage - Ending of click method
2026-02-02 10:32:40 INFO  BasePage - Ending of clickOnRememberMe method
2026-02-02 10:32:40 INFO  BasePage - Starting of clickOnLoginButton method
2026-02-02 10:32:40 INFO  BasePage - Starting of click method
2026-02-02 10:32:40 INFO  BasePage - Ending of click method
2026-02-02 10:32:40 INFO  BasePage - Ending of clickOnLoginButton method
2026-02-02 10:32:40 INFO  BaseTest - Ending of TestInvaildLogin3 method
2026-02-02 10:32:40 INFO  Listeners - Test PassedC_TestInvaildLogin3
2026-02-02 10:32:40 INFO  Listeners - Test Started  : D_testVaildLogin4
2026-02-02 10:32:40 INFO  BaseTest - Starting of testVaildLogin4 method
2026-02-02 10:32:40 INFO  BasePage - Starting of enterEmail method
2026-02-02 10:32:40 INFO  BasePage - Starting of sendKeys method
2026-02-02 10:32:40 INFO  BasePage - Ending of click method
2026-02-02 10:32:40 INFO  BasePage - Ending of clickOnLoginButton method
2026-02-02 10:32:40 INFO  BaseTest - Ending of testVaildLogin4 method
2026-02-02 10:32:40 INFO  Listeners - Test PassedD_testVaildLogin4
2026-02-02 10:32:40 INFO  BasePage - Ending of sendKeys method
2026-02-02 10:32:40 INFO  BasePage - Ending of enterEmail method
2026-02-02 10:32:40 INFO  BasePage - Starting of enterPassword method
2026-02-02 10:32:40 INFO  BasePage - Starting of sendKeys method
2026-02-02 10:32:40 INFO  BasePage - Ending of sendKeys method
2026-02-02 10:32:40 INFO  BasePage - Ending of enterPassword method
2026-02-02 10:32:40 INFO  BasePage - Starting of clickOnRememberMe method
2026-02-02 10:32:40 INFO  BasePage - Starting of click method
2026-02-02 10:32:41 INFO  BasePage - Ending of click method
2026-02-02 10:32:41 INFO  BasePage - Ending of clickOnRememberMe method
2026-02-02 10:32:41 INFO  BasePage - Starting of clickOnLoginButton method
2026-02-02 10:32:41 INFO  BasePage - Starting of click method
2026-02-02 10:32:41 INFO  BaseTest - Starting of setup method
2026-02-02 10:32:41 INFO  BasePage - Ending of click method
2026-02-02 10:32:41 INFO  BasePage - Ending of clickOnLoginButton method
2026-02-02 10:32:41 INFO  BaseTest - Ending of testVaildLogin4 method
2026-02-02 10:32:41 INFO  Listeners - Test PassedD_testVaildLogin4
2026-02-02 10:32:42 INFO  BasePage - Starting of EmployeeDetails constructor
2026-02-02 10:32:42 INFO  BasePage - Ending of EmployeeDetails constructor
2026-02-02 10:32:42 INFO  BasePage - Starting of LoginPage constructor
2026-02-02 10:32:42 INFO  BasePage - Ending of LoginPage constructor
2026-02-02 10:32:42 INFO  BaseTest - Starting of setup method
2026-02-02 10:32:43 INFO  BasePage - Starting of enterEmail method
2026-02-02 10:32:43 INFO  BasePage - Starting of sendKeys method
2026-02-02 10:32:43 INFO  BasePage - Ending of sendKeys method
2026-02-02 10:32:43 INFO  BasePage - Ending of enterEmail method
2026-02-02 10:32:43 INFO  BasePage - Starting of enterPassword method
2026-02-02 10:32:43 INFO  BasePage - Starting of sendKeys method
2026-02-02 10:32:44 INFO  BasePage - Ending of sendKeys method
2026-02-02 10:32:44 INFO  BasePage - Ending of enterPassword method
2026-02-02 10:32:44 INFO  BasePage - Starting of clickOnRememberMe method
2026-02-02 10:32:44 INFO  BasePage - Starting of click method
2026-02-02 10:32:44 INFO  BasePage - Ending of click method
2026-02-02 10:32:44 INFO  BasePage - Ending of clickOnRememberMe method
2026-02-02 10:32:44 INFO  BasePage - Starting of clickOnLoginButton method
2026-02-02 10:32:44 INFO  BasePage - Starting of click method
2026-02-02 10:32:44 INFO  BasePage - Ending of click method
2026-02-02 10:32:44 INFO  BasePage - Ending of clickOnLoginButton method
2026-02-02 10:32:44 INFO  BaseTest - Ending of setup method
2026-02-02 10:32:44 INFO  Listeners - Test Started  : A_testVaildEmployeeDetails
2026-02-02 10:32:44 INFO  BaseTest - Starting of testVaildEmployeeDetails method
2026-02-02 10:32:44 INFO  BasePage - Starting of getWelcomeToJalaAcademy method
2026-02-02 10:32:44 INFO  BasePage - Ending of getWelcomeToJalaAcademy method
2026-02-02 10:32:44 INFO  BasePage - Starting of getText method
2026-02-02 10:32:44 INFO  BasePage - Ending of getText method
2026-02-02 10:32:44 INFO  BasePage - Starting of clickOnEmployeeButton method
2026-02-02 10:32:46 INFO  BasePage - Starting of click method
2026-02-02 10:32:46 INFO  BasePage - Starting of EmployeeDetails constructor
2026-02-02 10:32:46 INFO  BasePage - Ending of EmployeeDetails constructor
2026-02-02 10:32:46 INFO  BasePage - Starting of LoginPage constructor
2026-02-02 10:32:46 INFO  BasePage - Ending of LoginPage constructor
2026-02-02 10:32:47 INFO  BasePage - Ending of click method
2026-02-02 10:32:47 INFO  BasePage - Ending of clickOnEmployeeButton method
2026-02-02 10:32:47 INFO  BasePage - Starting of clickOnCreateButton method
2026-02-02 10:32:47 INFO  BasePage - Starting of enterEmail method
2026-02-02 10:32:47 INFO  BasePage - Starting of sendKeys method
2026-02-02 10:32:48 INFO  BasePage - Ending of sendKeys method
2026-02-02 10:32:48 INFO  BasePage - Ending of enterEmail method
2026-02-02 10:32:48 INFO  BasePage - Starting of enterPassword method
2026-02-02 10:32:48 INFO  BasePage - Starting of sendKeys method
2026-02-02 10:32:48 INFO  BasePage - Ending of sendKeys method
2026-02-02 10:32:48 INFO  BasePage - Ending of enterPassword method
2026-02-02 10:32:48 INFO  BasePage - Starting of clickOnRememberMe method
2026-02-02 10:32:48 INFO  BasePage - Starting of click method
2026-02-02 10:32:48 INFO  BasePage - Ending of click method
2026-02-02 10:32:48 INFO  BasePage - Ending of clickOnRememberMe method
2026-02-02 10:32:48 INFO  BasePage - Starting of clickOnLoginButton method
2026-02-02 10:32:48 INFO  BasePage - Starting of click method
2026-02-02 10:32:48 INFO  BasePage - Ending of click method
2026-02-02 10:32:48 INFO  BasePage - Ending of clickOnLoginButton method
2026-02-02 10:32:48 INFO  BaseTest - Ending of setup method
2026-02-02 10:32:48 INFO  Listeners - Test Started  : A_testVaildEmployeeDetails
2026-02-02 10:32:48 INFO  BaseTest - Starting of testVaildEmployeeDetails method
2026-02-02 10:32:48 INFO  BasePage - Starting of getWelcomeToJalaAcademy method
2026-02-02 10:32:48 INFO  BasePage - Ending of getWelcomeToJalaAcademy method
2026-02-02 10:32:48 INFO  BasePage - Starting of getText method
2026-02-02 10:32:48 INFO  BasePage - Ending of getText method
2026-02-02 10:32:49 INFO  BasePage - Starting of click method
2026-02-02 10:32:49 INFO  BasePage - Starting of clickOnEmployeeButton method
2026-02-02 10:32:49 INFO  BasePage - Ending of click method
2026-02-02 10:32:49 INFO  BasePage - Ending of clickOnCreateButton method
2026-02-02 10:32:49 INFO  BasePage - Starting of enterFirstName method
2026-02-02 10:32:49 INFO  BasePage - Starting of sendKeys method
2026-02-02 10:32:49 INFO  BasePage - Ending of sendKeys method
2026-02-02 10:32:49 INFO  BasePage - Ending of enterFirstName method
2026-02-02 10:32:49 INFO  BasePage - Starting of enterFirstName method
2026-02-02 10:32:49 INFO  BasePage - Starting of sendKeys method
2026-02-02 10:32:49 INFO  BasePage - Ending of sendKeys method
2026-02-02 10:32:49 INFO  BasePage - Ending of enterFirstName method
2026-02-02 10:32:49 INFO  BasePage - Starting of enterEmailId method
2026-02-02 10:32:49 INFO  BasePage - Starting of sendKeys method
2026-02-02 10:32:49 INFO  BasePage - Ending of sendKeys method
2026-02-02 10:32:49 INFO  BasePage - Ending of enterEmailId method
2026-02-02 10:32:49 INFO  BasePage - Starting of enterMobileNumber method
2026-02-02 10:32:49 INFO  BasePage - Starting of sendKeys method
2026-02-02 10:32:50 INFO  BasePage - Ending of sendKeys method
2026-02-02 10:32:50 INFO  BasePage - Ending of enterMobileNumber method
2026-02-02 10:32:50 INFO  BasePage - Starting of enterDateOfBirth method
2026-02-02 10:32:50 INFO  BasePage - Starting of sendKeys method
2026-02-02 10:32:50 INFO  BasePage - Ending of sendKeys method
2026-02-02 10:32:50 INFO  BasePage - Ending of enterDateOfBirth method
2026-02-02 10:32:50 INFO  BasePage - Starting of clickOnEmployeeButton method
2026-02-02 10:32:51 INFO  BasePage - Starting of click method
2026-02-02 10:32:51 INFO  BasePage - Ending of click method
2026-02-02 10:32:51 INFO  BasePage - Ending of clickOnEmployeeButton method
2026-02-02 10:32:51 INFO  BasePage - Starting of clickOnCreateButton method
2026-02-02 10:32:52 INFO  BasePage - Starting of click method
2026-02-02 10:32:52 INFO  BasePage - Ending of click method
2026-02-02 10:32:52 INFO  BasePage - Ending of clickOnEmployeeButton method
2026-02-02 10:32:52 INFO  BasePage - Starting of enterAddress method
2026-02-02 10:32:52 INFO  BasePage - Starting of sendKeys method
2026-02-02 10:32:52 INFO  BasePage - Ending of sendKeys method
2026-02-02 10:32:52 INFO  BasePage - Ending of enterAddress method
2026-02-02 10:32:52 INFO  BasePage - Starting of clickOnSelectCity method
2026-02-02 10:32:52 INFO  BasePage - Starting of click method
2026-02-02 10:32:52 INFO  BasePage - Ending of click method
2026-02-02 10:32:52 INFO  BasePage - Ending of clickOnSelectCity method
2026-02-02 10:32:52 INFO  BasePage - Starting of clickOnIndia method
2026-02-02 10:32:52 INFO  BasePage - Starting of click method
2026-02-02 10:32:52 INFO  BasePage - Ending of click method
2026-02-02 10:32:52 INFO  BasePage - Ending of clickOnIndia method
2026-02-02 10:32:53 INFO  BasePage - Starting of click method
2026-02-02 10:32:53 INFO  BasePage - Ending of click method
2026-02-02 10:32:53 INFO  BasePage - Ending of clickOnCreateButton method
2026-02-02 10:32:53 INFO  BasePage - Starting of enterFirstName method
2026-02-02 10:32:53 INFO  BasePage - Starting of sendKeys method
2026-02-02 10:32:53 INFO  BasePage - Ending of sendKeys method
2026-02-02 10:32:53 INFO  BasePage - Ending of enterFirstName method
2026-02-02 10:32:53 INFO  BasePage - Starting of enterFirstName method
2026-02-02 10:32:53 INFO  BasePage - Starting of sendKeys method
2026-02-02 10:32:53 INFO  BasePage - Ending of sendKeys method
2026-02-02 10:32:53 INFO  BasePage - Ending of enterFirstName method
2026-02-02 10:32:53 INFO  BasePage - Starting of enterEmailId method
2026-02-02 10:32:53 INFO  BasePage - Starting of sendKeys method
2026-02-02 10:32:53 INFO  BasePage - Ending of sendKeys method
2026-02-02 10:32:53 INFO  BasePage - Ending of enterEmailId method
2026-02-02 10:32:53 INFO  BasePage - Starting of enterMobileNumber method
2026-02-02 10:32:53 INFO  BasePage - Starting of sendKeys method
2026-02-02 10:32:53 INFO  BasePage - Ending of sendKeys method
2026-02-02 10:32:53 INFO  BasePage - Ending of enterMobileNumber method
2026-02-02 10:32:53 INFO  BasePage - Starting of enterDateOfBirth method
2026-02-02 10:32:53 INFO  BasePage - Starting of sendKeys method
2026-02-02 10:32:53 INFO  BasePage - Ending of sendKeys method
2026-02-02 10:32:53 INFO  BasePage - Ending of enterDateOfBirth method
2026-02-02 10:32:53 INFO  BasePage - Starting of clickOnEmployeeButton method
2026-02-02 10:32:55 INFO  BasePage - Starting of clickOnSelectCity method
2026-02-02 10:32:55 INFO  BasePage - Starting of click method
2026-02-02 10:32:55 INFO  BasePage - Ending of click method
2026-02-02 10:32:55 INFO  BasePage - Ending of clickOnSelectCity method
2026-02-02 10:32:55 INFO  BasePage - Starting of clickOnHyderabad method
2026-02-02 10:32:55 INFO  BasePage - Starting of click method
2026-02-02 10:32:55 INFO  BasePage - Ending of click method
2026-02-02 10:32:55 INFO  BasePage - Ending of clickOnHyderabad method
2026-02-02 10:32:55 INFO  BasePage - Starting of clickOnQaAutomation method
2026-02-02 10:32:55 INFO  BasePage - Starting of click method
2026-02-02 10:32:55 INFO  BasePage - Starting of click method
2026-02-02 10:32:55 INFO  BasePage - Ending of click method
2026-02-02 10:32:55 INFO  BasePage - Ending of clickOnEmployeeButton method
2026-02-02 10:32:55 INFO  BasePage - Starting of enterAddress method
2026-02-02 10:32:55 INFO  BasePage - Starting of sendKeys method
2026-02-02 10:32:56 INFO  BasePage - Ending of click method
2026-02-02 10:32:56 INFO  BasePage - Ending of clickOnQaAutomation method
2026-02-02 10:32:56 INFO  BasePage - Starting of clickOnIndia method
2026-02-02 10:32:56 INFO  BasePage - Starting of click method
2026-02-02 10:32:56 INFO  BasePage - Ending of sendKeys method
2026-02-02 10:32:56 INFO  BasePage - Ending of enterAddress method
2026-02-02 10:32:56 INFO  BasePage - Starting of clickOnSelectCity method
2026-02-02 10:32:56 INFO  BasePage - Starting of click method
2026-02-02 10:32:56 INFO  BasePage - Ending of click method
2026-02-02 10:32:56 INFO  BasePage - Ending of clickOnIndia method
2026-02-02 10:32:56 INFO  BaseTest - Ending of testVaildEmployeeDetails method
2026-02-02 10:32:56 INFO  Listeners - Test PassedA_testVaildEmployeeDetails
2026-02-02 10:32:56 INFO  BaseTest - Starting of setup method
2026-02-02 10:32:56 INFO  BasePage - Ending of click method
2026-02-02 10:32:56 INFO  BasePage - Ending of clickOnSelectCity method
2026-02-02 10:32:56 INFO  BasePage - Starting of clickOnIndia method
2026-02-02 10:32:56 INFO  BasePage - Starting of click method
2026-02-02 10:32:56 INFO  BasePage - Ending of click method
2026-02-02 10:32:56 INFO  BasePage - Ending of clickOnIndia method
2026-02-02 10:32:57 INFO  BasePage - Starting of LoginPage constructor
2026-02-02 10:32:57 INFO  BasePage - Ending of LoginPage constructor
2026-02-02 10:32:57 INFO  BasePage - Starting of EmployeeDetails constructor
2026-02-02 10:32:57 INFO  BasePage - Ending of EmployeeDetails constructor
2026-02-02 10:32:57 INFO  BasePage - Starting of SearchEmployee method
2026-02-02 10:32:57 INFO  BasePage - Ending of SearchEmployee method
2026-02-02 10:32:58 INFO  BasePage - Starting of enterEmail method
2026-02-02 10:32:58 INFO  BasePage - Starting of sendKeys method
2026-02-02 10:32:58 INFO  BasePage - Ending of sendKeys method
2026-02-02 10:32:58 INFO  BasePage - Ending of enterEmail method
2026-02-02 10:32:58 INFO  BasePage - Starting of enterPassword method
2026-02-02 10:32:58 INFO  BasePage - Starting of sendKeys method
2026-02-02 10:32:58 INFO  BasePage - Ending of sendKeys method
2026-02-02 10:32:58 INFO  BasePage - Ending of enterPassword method
2026-02-02 10:32:58 INFO  BasePage - Starting of clickOnRememberMe method
2026-02-02 10:32:58 INFO  BasePage - Starting of click method
2026-02-02 10:32:58 INFO  BasePage - Ending of click method
2026-02-02 10:32:58 INFO  BasePage - Ending of clickOnRememberMe method
2026-02-02 10:32:58 INFO  BasePage - Starting of clickOnLoginButton method
2026-02-02 10:32:58 INFO  BasePage - Starting of click method
2026-02-02 10:32:58 INFO  BasePage - Ending of click method
2026-02-02 10:32:58 INFO  BasePage - Ending of clickOnLoginButton method
2026-02-02 10:32:58 INFO  BasePage - Starting of clickOnEmployeeButton method
2026-02-02 10:32:59 INFO  BasePage - Starting of clickOnSelectCity method
2026-02-02 10:32:59 INFO  BasePage - Starting of click method
2026-02-02 10:32:59 INFO  BasePage - Ending of click method
2026-02-02 10:32:59 INFO  BasePage - Ending of clickOnSelectCity method
2026-02-02 10:32:59 INFO  BasePage - Starting of clickOnHyderabad method
2026-02-02 10:32:59 INFO  BasePage - Starting of click method
2026-02-02 10:32:59 INFO  BasePage - Ending of click method
2026-02-02 10:32:59 INFO  BasePage - Ending of clickOnHyderabad method
2026-02-02 10:32:59 INFO  BasePage - Starting of clickOnQaAutomation method
2026-02-02 10:32:59 INFO  BasePage - Starting of click method
2026-02-02 10:32:59 INFO  BasePage - Ending of click method
2026-02-02 10:32:59 INFO  BasePage - Ending of clickOnQaAutomation method
2026-02-02 10:32:59 INFO  BasePage - Starting of clickOnIndia method
2026-02-02 10:32:59 INFO  BasePage - Starting of click method
2026-02-02 10:33:00 INFO  BasePage - Ending of click method
2026-02-02 10:33:00 INFO  BasePage - Ending of clickOnIndia method
2026-02-02 10:33:00 INFO  BaseTest - Ending of testVaildEmployeeDetails method
2026-02-02 10:33:00 INFO  Listeners - Test PassedA_testVaildEmployeeDetails
2026-02-02 10:33:00 INFO  BasePage - Starting of click method
2026-02-02 10:33:00 INFO  BasePage - Ending of click method
2026-02-02 10:33:00 INFO  BasePage - Ending of clickOnEmployeeButton method
2026-02-02 10:33:00 INFO  BaseTest - Ending of setup method
2026-02-02 10:33:00 INFO  Listeners - Test Started  : A_testSearchEmployee
2026-02-02 10:33:00 INFO  BaseTest - Starting of testSearchEmployee method
2026-02-02 10:33:01 INFO  BaseTest - Starting of setup method
2026-02-02 10:33:03 INFO  BasePage - Starting of clickOnSearch method
2026-02-02 10:33:03 INFO  BasePage - Starting of click method
2026-02-02 10:33:04 INFO  BasePage - Starting of LoginPage constructor
2026-02-02 10:33:04 INFO  BasePage - Ending of LoginPage constructor
2026-02-02 10:33:04 INFO  BasePage - Starting of EmployeeDetails constructor
2026-02-02 10:33:04 INFO  BasePage - Ending of EmployeeDetails constructor
2026-02-02 10:33:04 INFO  BasePage - Starting of SearchEmployee method
2026-02-02 10:33:04 INFO  BasePage - Ending of SearchEmployee method
2026-02-02 10:33:04 INFO  BasePage - Ending of click method
2026-02-02 10:33:04 INFO  BasePage - Ending of clickOnSearch method
2026-02-02 10:33:04 INFO  BasePage - Starting of enterEmployeeName method
2026-02-02 10:33:04 INFO  BasePage - Starting of sendKeys method
2026-02-02 10:33:05 INFO  BasePage - Ending of sendKeys method
2026-02-02 10:33:05 INFO  BasePage - Ending of enterEmployeeName method
2026-02-02 10:33:05 INFO  BasePage - Starting of enterPassword method
2026-02-02 10:33:05 INFO  BasePage - Starting of sendKeys method
2026-02-02 10:33:05 INFO  BasePage - Ending of sendKeys method
2026-02-02 10:33:05 INFO  BasePage - Ending of enterPassword method
2026-02-02 10:33:05 INFO  BasePage - Starting of clickOnSearch1 method
2026-02-02 10:33:05 INFO  BasePage - Starting of click method
2026-02-02 10:33:05 INFO  BasePage - Ending of click method
2026-02-02 10:33:05 INFO  BasePage - Ending of setup method
2026-02-02 10:33:05 INFO  BasePage - Starting of enterEmail method
2026-02-02 10:33:05 INFO  BasePage - Starting of sendKeys method
2026-02-02 10:33:06 INFO  BasePage - Ending of sendKeys method
2026-02-02 10:33:06 INFO  BasePage - Ending of enterEmail method
2026-02-02 10:33:06 INFO  BasePage - Starting of enterPassword method
2026-02-02 10:33:06 INFO  BasePage - Starting of sendKeys method
2026-02-02 10:33:06 INFO  BasePage - Ending of sendKeys method
2026-02-02 10:33:06 INFO  BasePage - Ending of enterPassword method
2026-02-02 10:33:06 INFO  BasePage - Starting of clickOnRememberMe method
2026-02-02 10:33:06 INFO  BasePage - Starting of click method
2026-02-02 10:33:06 INFO  BasePage - Ending of click method
2026-02-02 10:33:06 INFO  BasePage - Ending of clickOnRememberMe method
2026-02-02 10:33:06 INFO  BasePage - Starting of clickOnLoginButton method
2026-02-02 10:33:06 INFO  BasePage - Starting of click method
2026-02-02 10:33:06 INFO  BasePage - Ending of click method
2026-02-02 10:33:06 INFO  BasePage - Ending of clickOnLoginButton method
2026-02-02 10:33:06 INFO  BasePage - Starting of clickOnEmployeeButton method
2026-02-02 10:33:08 INFO  BasePage - Starting of click method
2026-02-02 10:33:08 INFO  BasePage - Ending of click method
2026-02-02 10:33:08 INFO  BasePage - Ending of clickOnEmployeeButton method
2026-02-02 10:33:08 INFO  BaseTest - Ending of setup method
2026-02-02 10:33:08 INFO  Listeners - Test Started  : A_testSearchEmployee
2026-02-02 10:33:08 INFO  BaseTest - Starting of testSearchEmployee method
2026-02-02 10:33:08 INFO  BaseTest - Ending of testSearchEmployee method
2026-02-02 10:33:08 INFO  Listeners - Test PassedA_testSearchEmployee
2026-02-02 10:33:08 INFO  BaseTest - Starting of setup method
2026-02-02 10:33:09 INFO  BasePage - Starting of MenuPage constructor
2026-02-02 10:33:09 INFO  BasePage - Ending of MenuPage constructor
2026-02-02 10:33:09 INFO  BasePage - Starting of HomePage constructor
2026-02-02 10:33:09 INFO  BasePage - Ending of HomePage constructor
2026-02-02 10:33:09 INFO  BasePage - Starting of LoginPage constructor
2026-02-02 10:33:09 INFO  BasePage - Ending of LoginPage constructor
2026-02-02 10:33:10 INFO  BasePage - Starting of enterEmail method
2026-02-02 10:33:10 INFO  BasePage - Starting of sendKeys method
2026-02-02 10:33:11 INFO  BasePage - Ending of sendKeys method
2026-02-02 10:33:11 INFO  BasePage - Ending of enterEmail method
2026-02-02 10:33:11 INFO  BasePage - Starting of enterPassword method
2026-02-02 10:33:11 INFO  BasePage - Starting of sendKeys method
2026-02-02 10:33:11 INFO  BasePage - Ending of sendKeys method
2026-02-02 10:33:11 INFO  BasePage - Ending of enterPassword method
2026-02-02 10:33:11 INFO  BasePage - Starting of clickOnRememberMe method
2026-02-02 10:33:11 INFO  BasePage - Starting of click method
2026-02-02 10:33:11 INFO  BasePage - Ending of click method
2026-02-02 10:33:11 INFO  BasePage - Ending of clickOnRememberMe method
2026-02-02 10:33:11 INFO  BasePage - Starting of clickOnLoginButton method
2026-02-02 10:33:11 INFO  BasePage - Starting of click method
2026-02-02 10:33:11 INFO  BasePage - Ending of click method
2026-02-02 10:33:11 INFO  BasePage - Ending of clickOnLoginButton method
2026-02-02 10:33:11 INFO  BasePage - Starting of clickOnMoreButton method
2026-02-02 10:33:11 INFO  BasePage - Starting of clickOnSearch method
2026-02-02 10:33:11 INFO  BasePage - Starting of click method
2026-02-02 10:33:11 INFO  BasePage - Ending of clickOnMoreButton method
2026-02-02 10:33:12 INFO  BasePage - Ending of click method
2026-02-02 10:33:12 INFO  BasePage - Ending of clickOnSearch method
2026-02-02 10:33:12 INFO  BasePage - Starting of enterEmployeeName method
2026-02-02 10:33:12 INFO  BasePage - Starting of sendKeys method
2026-02-02 10:33:12 INFO  BasePage - Ending of sendKeys method
2026-02-02 10:33:12 INFO  BasePage - Ending of enterEmployeeName method
2026-02-02 10:33:12 INFO  BasePage - Starting of enterPassword method
2026-02-02 10:33:12 INFO  BasePage - Starting of sendKeys method
2026-02-02 10:33:12 INFO  BasePage - Ending of sendKeys method
2026-02-02 10:33:12 INFO  BasePage - Ending of enterPassword method
2026-02-02 10:33:12 INFO  BasePage - Starting of clickOnSearch1 method
2026-02-02 10:33:12 INFO  BasePage - Starting of click method
2026-02-02 10:33:12 INFO  BasePage - Ending of click method
2026-02-02 10:33:12 INFO  BasePage - Ending of setup method
2026-02-02 10:33:14 INFO  BasePage - Starting of clickOnMenuButton method
2026-02-02 10:33:14 INFO  BasePage - Starting of click method
2026-02-02 10:33:14 INFO  BasePage - Ending of click method
2026-02-02 10:33:14 INFO  BasePage - Ending of clickOnMenuButton method
2026-02-02 10:33:14 INFO  BaseTest - Ending of setup method
2026-02-02 10:33:14 INFO  Listeners - Test Started  : A_testMenu
2026-02-02 10:33:14 INFO  BaseTest - Starting of testMenu method
2026-02-02 10:33:14 INFO  BasePage - Starting of clickOnSubMenuButton method
2026-02-02 10:33:14 INFO  BasePage - Starting of click method
2026-02-02 10:33:15 INFO  BasePage - Ending of click method
2026-02-02 10:33:15 INFO  BasePage - Ending of clickOnSubMenuButton method
2026-02-02 10:33:15 INFO  BaseTest - Ending of testMenu method
2026-02-02 10:33:15 INFO  Listeners - Test PassedA_testMenu
2026-02-02 10:33:15 INFO  BaseTest - Starting of setup method
2026-02-02 10:33:15 INFO  BaseTest - Ending of testSearchEmployee method
2026-02-02 10:33:15 INFO  Listeners - Test PassedA_testSearchEmployee
2026-02-02 10:33:16 INFO  BasePage - Starting of IframePage constructor
2026-02-02 10:33:16 INFO  BasePage - Ending of IframePage constructor
2026-02-02 10:33:16 INFO  BasePage - Starting of HomePage constructor
2026-02-02 10:33:16 INFO  BasePage - Ending of HomePage constructor
2026-02-02 10:33:16 INFO  BasePage - Starting of LoginPage constructor
2026-02-02 10:33:16 INFO  BasePage - Ending of LoginPage constructor
2026-02-02 10:33:17 INFO  BaseTest - Starting of setup method
2026-02-02 10:33:17 INFO  BasePage - Starting of enterEmail method
2026-02-02 10:33:17 INFO  BasePage - Starting of sendKeys method
2026-02-02 10:33:17 INFO  BasePage - Ending of sendKeys method
2026-02-02 10:33:17 INFO  BasePage - Ending of enterEmail method
2026-02-02 10:33:17 INFO  BasePage - Starting of enterPassword method
2026-02-02 10:33:17 INFO  BasePage - Starting of sendKeys method
2026-02-02 10:33:17 INFO  BasePage - Ending of sendKeys method
2026-02-02 10:33:17 INFO  BasePage - Ending of enterPassword method
2026-02-02 10:33:17 INFO  BasePage - Starting of clickOnRememberMe method
2026-02-02 10:33:17 INFO  BasePage - Starting of click method
2026-02-02 10:33:17 INFO  BasePage - Ending of click method
2026-02-02 10:33:17 INFO  BasePage - Ending of clickOnRememberMe method
2026-02-02 10:33:17 INFO  BasePage - Starting of clickOnLoginButton method
2026-02-02 10:33:17 INFO  BasePage - Starting of click method
2026-02-02 10:33:17 INFO  BasePage - Ending of click method
2026-02-02 10:33:17 INFO  BasePage - Ending of clickOnLoginButton method
2026-02-02 10:33:17 INFO  BasePage - Starting of clickOnMoreButton method
2026-02-02 10:33:18 INFO  BasePage - Ending of clickOnMoreButton method
2026-02-02 10:33:20 INFO  BasePage - Starting of MenuPage constructor
2026-02-02 10:33:20 INFO  BasePage - Ending of MenuPage constructor
2026-02-02 10:33:20 INFO  BasePage - Starting of HomePage constructor
2026-02-02 10:33:20 INFO  BasePage - Ending of HomePage constructor
2026-02-02 10:33:20 INFO  BasePage - Starting of LoginPage constructor
2026-02-02 10:33:20 INFO  BasePage - Ending of LoginPage constructor
2026-02-02 10:33:21 INFO  BasePage - Starting of clickOnMenuButton method
2026-02-02 10:33:21 INFO  BasePage - Starting of click method
2026-02-02 10:33:21 INFO  BasePage - Ending of click method
2026-02-02 10:33:21 INFO  BasePage - Ending of clickOnMenuButton method
2026-02-02 10:33:21 INFO  BasePage - Starting of clickOnIframeButton method
2026-02-02 10:33:21 INFO  BasePage - Starting of click method
2026-02-02 10:33:21 INFO  BasePage - Starting of enterEmail method
2026-02-02 10:33:21 INFO  BasePage - Starting of sendKeys method
2026-02-02 10:33:21 INFO  BasePage - Ending of sendKeys method
2026-02-02 10:33:21 INFO  BasePage - Ending of enterEmail method
2026-02-02 10:33:21 INFO  BasePage - Starting of enterPassword method
2026-02-02 10:33:21 INFO  BasePage - Starting of sendKeys method
2026-02-02 10:33:22 INFO  BasePage - Ending of click method
2026-02-02 10:33:22 INFO  BasePage - Ending of clickOnIframeButton method
2026-02-02 10:33:22 INFO  BaseTest - Ending of setup method
2026-02-02 10:33:22 INFO  BasePage - Ending of sendKeys method
2026-02-02 10:33:22 INFO  BasePage - Ending of enterPassword method
2026-02-02 10:33:22 INFO  BasePage - Starting of clickOnRememberMe method
2026-02-02 10:33:22 INFO  BasePage - Starting of click method
2026-02-02 10:33:22 INFO  Listeners - Test Started  : A_testIframe
2026-02-02 10:33:22 INFO  BaseTest - Starting of testIframe method
2026-02-02 10:33:22 INFO  BasePage - Starting of getFrameOneText method
2026-02-02 10:33:22 INFO  BasePage - Ending of getFrameOneText method
2026-02-02 10:33:22 INFO  BasePage - Starting of getText method
2026-02-02 10:33:22 INFO  BasePage - Ending of getText method
2026-02-02 10:33:22 INFO  BasePage - Starting of getFrameTwoText method
2026-02-02 10:33:22 INFO  BasePage - Ending of getFrameTwoText method
2026-02-02 10:33:22 INFO  BasePage - Starting of getText method
2026-02-02 10:33:22 INFO  BasePage - Ending of getText method
2026-02-02 10:33:22 INFO  BasePage - Ending of click method
2026-02-02 10:33:22 INFO  BasePage - Ending of clickOnRememberMe method
2026-02-02 10:33:22 INFO  BasePage - Starting of clickOnLoginButton method
2026-02-02 10:33:22 INFO  BasePage - Starting of click method
2026-02-02 10:33:22 INFO  BasePage - Starting of getWelcomeToJalaAcademyText method
2026-02-02 10:33:22 INFO  BasePage - Ending of getWelcomeToJalaAcademyText method
2026-02-02 10:33:22 INFO  BasePage - Starting of getText method
2026-02-02 10:33:22 INFO  BasePage - Ending of getText method
2026-02-02 10:33:22 INFO  BasePage - Ending of click method
2026-02-02 10:33:22 INFO  BasePage - Ending of clickOnLoginButton method
2026-02-02 10:33:22 INFO  BasePage - Starting of clickOnMoreButton method
2026-02-02 10:33:22 INFO  BaseTest - Ending of testIframe method
2026-02-02 10:33:22 INFO  Listeners - Test PassedA_testIframe
2026-02-02 10:33:23 INFO  BaseTest - Starting of setup method
2026-02-02 10:33:23 INFO  BasePage - Ending of clickOnMoreButton method
2026-02-02 10:33:24 INFO  BasePage - Starting of ImagesPage constructor
2026-02-02 10:33:24 INFO  BasePage - Ending of ImagesPage constructor
2026-02-02 10:33:24 INFO  BasePage - Starting of HomePage constructor
2026-02-02 10:33:24 INFO  BasePage - Ending of HomePage constructor
2026-02-02 10:33:24 INFO  BasePage - Starting of LoginPage constructor
2026-02-02 10:33:24 INFO  BasePage - Ending of LoginPage constructor
2026-02-02 10:33:25 INFO  BasePage - Starting of enterEmail method
2026-02-02 10:33:25 INFO  BasePage - Starting of sendKeys method
2026-02-02 10:33:25 INFO  BasePage - Ending of sendKeys method
2026-02-02 10:33:25 INFO  BasePage - Ending of enterEmail method
2026-02-02 10:33:25 INFO  BasePage - Starting of enterPassword method
2026-02-02 10:33:25 INFO  BasePage - Starting of sendKeys method
2026-02-02 10:33:25 INFO  BasePage - Ending of sendKeys method
2026-02-02 10:33:25 INFO  BasePage - Ending of enterPassword method
2026-02-02 10:33:25 INFO  BasePage - Starting of clickOnRememberMe method
2026-02-02 10:33:25 INFO  BasePage - Starting of click method
2026-02-02 10:33:25 INFO  BasePage - Ending of click method
2026-02-02 10:33:25 INFO  BasePage - Ending of clickOnRememberMe method
2026-02-02 10:33:25 INFO  BasePage - Starting of clickOnLoginButton method
2026-02-02 10:33:25 INFO  BasePage - Starting of click method
2026-02-02 10:33:25 INFO  BasePage - Ending of click method
2026-02-02 10:33:25 INFO  BasePage - Ending of clickOnLoginButton method
2026-02-02 10:33:25 INFO  BasePage - Starting of clickOnMoreButton method
2026-02-02 10:33:26 INFO  BasePage - Ending of clickOnMoreButton method
2026-02-02 10:33:26 INFO  BasePage - Starting of clickOnMenuButton method
2026-02-02 10:33:26 INFO  BasePage - Starting of click method
2026-02-02 10:33:26 INFO  BasePage - Ending of click method
2026-02-02 10:33:26 INFO  BasePage - Ending of clickOnMenuButton method
2026-02-02 10:33:26 INFO  BaseTest - Ending of setup method
2026-02-02 10:33:26 INFO  Listeners - Test Started  : A_testMenu
2026-02-02 10:33:26 INFO  BaseTest - Starting of testMenu method
2026-02-02 10:33:26 INFO  BasePage - Starting of clickOnSubMenuButton method
2026-02-02 10:33:26 INFO  BasePage - Starting of click method
2026-02-02 10:33:26 INFO  BasePage - Ending of click method
2026-02-02 10:33:26 INFO  BasePage - Ending of clickOnSubMenuButton method
2026-02-02 10:33:26 INFO  BaseTest - Ending of testMenu method
2026-02-02 10:33:26 INFO  Listeners - Test PassedA_testMenu
2026-02-02 10:33:27 INFO  BaseTest - Starting of setup method
2026-02-02 10:33:29 INFO  BasePage - Starting of clickOnImageButton method
2026-02-02 10:33:29 INFO  BasePage - Starting of click method
2026-02-02 10:33:29 INFO  BasePage - Ending of click method
2026-02-02 10:33:29 INFO  BasePage - Ending of clickOnImageButton method
2026-02-02 10:33:29 INFO  BaseTest - Ending of setup method
2026-02-02 10:33:29 INFO  Listeners - Test Started  : A_testUploadImages
2026-02-02 10:33:29 INFO  BaseTest - Starting of testUploadImages method
2026-02-02 10:33:29 INFO  BasePage - Starting of uploadImage method
2026-02-02 10:33:29 INFO  BasePage - Starting of sendKeys method
2026-02-02 10:33:29 INFO  BasePage - Ending of sendKeys method
2026-02-02 10:33:29 INFO  BasePage - Ending of uploadImage method
2026-02-02 10:33:31 INFO  BasePage - Starting of clickOnUploadButton method
2026-02-02 10:33:31 INFO  BasePage - Starting of click method
2026-02-02 10:33:31 INFO  BasePage - Ending of click method
2026-02-02 10:33:31 INFO  BasePage - Ending of clickOnUploadButton method
2026-02-02 10:33:31 INFO  BasePage - Starting of getImageLabel method
2026-02-02 10:33:31 INFO  BasePage - Ending of getImageLabel method
2026-02-02 10:33:31 INFO  BasePage - Starting of getText method
2026-02-02 10:33:31 INFO  BasePage - Ending of getText method
2026-02-02 10:33:31 INFO  BaseTest - Ending of testUploadImages method
2026-02-02 10:33:31 INFO  Listeners - Test PassedA_testUploadImages
2026-02-02 10:33:32 INFO  BasePage - Starting of IframePage constructor
2026-02-02 10:33:32 INFO  BasePage - Ending of IframePage constructor
2026-02-02 10:33:32 INFO  BasePage - Starting of HomePage constructor
2026-02-02 10:33:32 INFO  BasePage - Ending of HomePage constructor
2026-02-02 10:33:32 INFO  BasePage - Starting of LoginPage constructor
2026-02-02 10:33:32 INFO  BasePage - Ending of LoginPage constructor
2026-02-02 10:33:32 INFO  BasePage - Starting of enterEmail method
2026-02-02 10:33:32 INFO  BasePage - Starting of sendKeys method
2026-02-02 10:33:33 INFO  BasePage - Ending of sendKeys method
2026-02-02 10:33:33 INFO  BasePage - Ending of enterEmail method
2026-02-02 10:33:33 INFO  BasePage - Starting of enterPassword method
2026-02-02 10:33:33 INFO  BasePage - Starting of sendKeys method
2026-02-02 10:33:33 INFO  BasePage - Ending of sendKeys method
2026-02-02 10:33:33 INFO  BasePage - Ending of enterPassword method
2026-02-02 10:33:33 INFO  BasePage - Starting of clickOnRememberMe method
2026-02-02 10:33:33 INFO  BasePage - Starting of click method
2026-02-02 10:33:33 INFO  BasePage - Ending of click method
2026-02-02 10:33:33 INFO  BasePage - Ending of clickOnRememberMe method
2026-02-02 10:33:33 INFO  BasePage - Starting of clickOnLoginButton method
2026-02-02 10:33:33 INFO  BasePage - Starting of click method
2026-02-02 10:33:33 INFO  BasePage - Ending of click method
2026-02-02 10:33:33 INFO  BasePage - Ending of clickOnLoginButton method
2026-02-02 10:33:33 INFO  BasePage - Starting of clickOnMoreButton method
2026-02-02 10:33:33 INFO  BasePage - Ending of clickOnMoreButton method
2026-02-02 10:33:37 INFO  BasePage - Starting of clickOnMenuButton method
2026-02-02 10:33:37 INFO  BasePage - Starting of click method
2026-02-02 10:33:37 INFO  BasePage - Ending of click method
2026-02-02 10:33:37 INFO  BasePage - Ending of clickOnMenuButton method
2026-02-02 10:33:37 INFO  BasePage - Starting of clickOnIframeButton method
2026-02-02 10:33:37 INFO  BasePage - Starting of click method
2026-02-02 10:33:37 INFO  BasePage - Ending of click method
2026-02-02 10:33:37 INFO  BasePage - Ending of clickOnIframeButton method
2026-02-02 10:33:37 INFO  BaseTest - Ending of setup method
2026-02-02 10:33:37 INFO  Listeners - Test Started  : A_testIframe
2026-02-02 10:33:37 INFO  BaseTest - Starting of testIframe method
2026-02-02 10:33:37 INFO  BasePage - Starting of getFrameOneText method
2026-02-02 10:33:37 INFO  BasePage - Ending of getFrameOneText method
2026-02-02 10:33:37 INFO  BasePage - Starting of getText method
2026-02-02 10:33:37 INFO  BasePage - Ending of getText method
2026-02-02 10:33:37 INFO  BasePage - Starting of getFrameTwoText method
2026-02-02 10:33:37 INFO  BasePage - Ending of getFrameTwoText method
2026-02-02 10:33:37 INFO  BasePage - Starting of getText method
2026-02-02 10:33:37 INFO  BasePage - Ending of getText method
2026-02-02 10:33:37 INFO  BasePage - Starting of getWelcomeToJalaAcademyText method
2026-02-02 10:33:37 INFO  BasePage - Ending of getWelcomeToJalaAcademyText method
2026-02-02 10:33:37 INFO  BasePage - Starting of getText method
2026-02-02 10:33:37 INFO  BasePage - Ending of getText method
2026-02-02 10:33:37 INFO  BaseTest - Ending of testIframe method
2026-02-02 10:33:37 INFO  Listeners - Test PassedA_testIframe
2026-02-02 10:33:38 INFO  BaseTest - Starting of setup method
2026-02-02 10:33:42 INFO  BasePage - Starting of ImagesPage constructor
2026-02-02 10:33:42 INFO  BasePage - Ending of ImagesPage constructor
2026-02-02 10:33:42 INFO  BasePage - Starting of HomePage constructor
2026-02-02 10:33:42 INFO  BasePage - Ending of HomePage constructor
2026-02-02 10:33:42 INFO  BasePage - Starting of LoginPage constructor
2026-02-02 10:33:42 INFO  BasePage - Ending of LoginPage constructor
2026-02-02 10:33:43 INFO  BasePage - Starting of enterEmail method
2026-02-02 10:33:43 INFO  BasePage - Starting of sendKeys method
2026-02-02 10:33:43 INFO  BasePage - Ending of sendKeys method
2026-02-02 10:33:43 INFO  BasePage - Ending of enterEmail method
2026-02-02 10:33:43 INFO  BasePage - Starting of enterPassword method
2026-02-02 10:33:43 INFO  BasePage - Starting of sendKeys method
2026-02-02 10:33:43 INFO  BasePage - Ending of sendKeys method
2026-02-02 10:33:43 INFO  BasePage - Ending of enterPassword method
2026-02-02 10:33:43 INFO  BasePage - Starting of clickOnRememberMe method
2026-02-02 10:33:43 INFO  BasePage - Starting of click method
2026-02-02 10:33:43 INFO  BasePage - Ending of click method
2026-02-02 10:33:43 INFO  BasePage - Ending of clickOnRememberMe method
2026-02-02 10:33:43 INFO  BasePage - Starting of clickOnLoginButton method
2026-02-02 10:33:43 INFO  BasePage - Starting of click method
2026-02-02 10:33:43 INFO  BasePage - Ending of click method
2026-02-02 10:33:43 INFO  BasePage - Ending of clickOnLoginButton method
2026-02-02 10:33:43 INFO  BasePage - Starting of clickOnMoreButton method
2026-02-02 10:33:44 INFO  BasePage - Ending of clickOnMoreButton method
2026-02-02 10:33:47 INFO  BasePage - Starting of clickOnImageButton method
2026-02-02 10:33:47 INFO  BasePage - Starting of click method
2026-02-02 10:33:47 INFO  BasePage - Ending of click method
2026-02-02 10:33:47 INFO  BasePage - Ending of clickOnImageButton method
2026-02-02 10:33:47 INFO  BaseTest - Ending of setup method
2026-02-02 10:33:47 INFO  Listeners - Test Started  : A_testUploadImages
2026-02-02 10:33:47 INFO  BaseTest - Starting of testUploadImages method
2026-02-02 10:33:47 INFO  BasePage - Starting of uploadImage method
2026-02-02 10:33:47 INFO  BasePage - Starting of sendKeys method
2026-02-02 10:33:47 INFO  BasePage - Ending of sendKeys method
2026-02-02 10:33:47 INFO  BasePage - Ending of uploadImage method
2026-02-02 10:33:49 INFO  BasePage - Starting of clickOnUploadButton method
2026-02-02 10:33:49 INFO  BasePage - Starting of click method
2026-02-02 10:33:49 INFO  BasePage - Ending of click method
2026-02-02 10:33:49 INFO  BasePage - Ending of clickOnUploadButton method
2026-02-02 10:33:49 INFO  BasePage - Starting of getImageLabel method
2026-02-02 10:33:49 INFO  BasePage - Ending of getImageLabel method
2026-02-02 10:33:49 INFO  BasePage - Starting of getText method
2026-02-02 10:33:49 INFO  BasePage - Ending of getText method
2026-02-02 10:33:49 INFO  BaseTest - Ending of testUploadImages method
2026-02-02 10:33:49 INFO  Listeners - Test PassedA_testUploadImages
2026-02-02 10:47:18 INFO  BaseTest - Starting of setup method
2026-02-02 10:47:18 INFO  BaseTest - Starting of setup method
2026-02-02 10:47:20 INFO  BasePage - Starting of LoginPage constructor
2026-02-02 10:47:20 INFO  BasePage - Ending of LoginPage constructor
2026-02-02 10:47:23 INFO  BaseTest - Ending of setup method
2026-02-02 10:47:23 INFO  Listeners - Test Started  : A_TestInvaildLogin
2026-02-02 10:47:23 INFO  BaseTest - Starting of TestInvaildLogin method
2026-02-02 10:47:23 INFO  BasePage - Starting of enterEmail method
2026-02-02 10:47:23 INFO  BasePage - Starting of sendKeys method
2026-02-02 10:47:23 INFO  BasePage - Starting of LoginPage constructor
2026-02-02 10:47:23 INFO  BasePage - Ending of LoginPage constructor
2026-02-02 10:47:23 INFO  BasePage - Ending of sendKeys method
2026-02-02 10:47:23 INFO  BasePage - Ending of enterEmail method
2026-02-02 10:47:23 INFO  BasePage - Starting of enterPassword method
2026-02-02 10:47:23 INFO  BasePage - Starting of sendKeys method
2026-02-02 10:47:24 INFO  BasePage - Ending of sendKeys method
2026-02-02 10:47:24 INFO  BasePage - Ending of enterPassword method
2026-02-02 10:47:24 INFO  BasePage - Starting of clickOnRememberMe method
2026-02-02 10:47:24 INFO  BasePage - Starting of click method
2026-02-02 10:47:24 INFO  BasePage - Ending of click method
2026-02-02 10:47:24 INFO  BasePage - Ending of clickOnRememberMe method
2026-02-02 10:47:24 INFO  BasePage - Starting of clickOnLoginButton method
2026-02-02 10:47:24 INFO  BasePage - Starting of click method
2026-02-02 10:47:24 INFO  BaseTest - Ending of setup method
2026-02-02 10:47:24 INFO  Listeners - Test Started  : A_TestInvaildLogin
2026-02-02 10:47:24 INFO  BaseTest - Starting of TestInvaildLogin method
2026-02-02 10:47:24 INFO  BasePage - Starting of enterEmail method
2026-02-02 10:47:24 INFO  BasePage - Starting of sendKeys method
2026-02-02 10:47:24 INFO  BasePage - Ending of click method
2026-02-02 10:47:24 INFO  BasePage - Ending of clickOnLoginButton method
2026-02-02 10:47:24 INFO  BaseTest - Ending of TestInvaildLogin method
2026-02-02 10:47:24 INFO  Listeners - Test PassedA_TestInvaildLogin
2026-02-02 10:47:24 INFO  BasePage - Ending of sendKeys method
2026-02-02 10:47:24 INFO  BasePage - Ending of enterEmail method
2026-02-02 10:47:24 INFO  BasePage - Starting of enterPassword method
2026-02-02 10:47:24 INFO  BasePage - Starting of sendKeys method
2026-02-02 10:47:25 INFO  Listeners - Test Started  : B_TestInvaildLogin2
2026-02-02 10:47:25 INFO  BaseTest - Starting of TestInvaildLogin2 method
2026-02-02 10:47:25 INFO  BasePage - Starting of enterEmail method
2026-02-02 10:47:25 INFO  BasePage - Starting of sendKeys method
2026-02-02 10:47:25 INFO  BasePage - Ending of sendKeys method
2026-02-02 10:47:25 INFO  BasePage - Ending of enterPassword method
2026-02-02 10:47:25 INFO  BasePage - Starting of clickOnRememberMe method
2026-02-02 10:47:25 INFO  BasePage - Starting of click method
2026-02-02 10:47:25 INFO  BasePage - Ending of click method
2026-02-02 10:47:25 INFO  BasePage - Ending of clickOnRememberMe method
2026-02-02 10:47:25 INFO  BasePage - Starting of clickOnLoginButton method
2026-02-02 10:47:25 INFO  BasePage - Starting of click method
2026-02-02 10:47:25 INFO  BasePage - Ending of click method
2026-02-02 10:47:25 INFO  BasePage - Ending of clickOnLoginButton method
2026-02-02 10:47:25 INFO  BaseTest - Ending of TestInvaildLogin method
2026-02-02 10:47:25 INFO  Listeners - Test PassedA_TestInvaildLogin
2026-02-02 10:47:25 INFO  BasePage - Ending of sendKeys method
2026-02-02 10:47:25 INFO  BasePage - Ending of enterEmail method
2026-02-02 10:47:25 INFO  BasePage - Starting of enterPassword method
2026-02-02 10:47:25 INFO  BasePage - Starting of sendKeys method
2026-02-02 10:47:25 INFO  Listeners - Test Started  : B_TestInvaildLogin2
2026-02-02 10:47:25 INFO  BaseTest - Starting of TestInvaildLogin2 method
2026-02-02 10:47:25 INFO  BasePage - Starting of enterEmail method
2026-02-02 10:47:25 INFO  BasePage - Starting of sendKeys method
2026-02-02 10:47:25 INFO  BasePage - Ending of sendKeys method
2026-02-02 10:47:25 INFO  BasePage - Ending of enterEmail method
2026-02-02 10:47:25 INFO  BasePage - Starting of enterPassword method
2026-02-02 10:47:25 INFO  BasePage - Starting of sendKeys method
2026-02-02 10:47:25 INFO  BasePage - Ending of sendKeys method
2026-02-02 10:47:25 INFO  BasePage - Ending of enterPassword method
2026-02-02 10:47:25 INFO  BasePage - Starting of clickOnRememberMe method
2026-02-02 10:47:25 INFO  BasePage - Starting of click method
2026-02-02 10:47:25 INFO  BasePage - Ending of click method
2026-02-02 10:47:25 INFO  BasePage - Ending of clickOnRememberMe method
2026-02-02 10:47:25 INFO  BasePage - Starting of clickOnLoginButton method
2026-02-02 10:47:25 INFO  BasePage - Starting of click method
2026-02-02 10:47:25 INFO  BasePage - Ending of click method
2026-02-02 10:47:25 INFO  BasePage - Ending of clickOnLoginButton method
2026-02-02 10:47:25 INFO  BaseTest - Ending of TestInvaildLogin2 method
2026-02-02 10:47:25 INFO  Listeners - Test PassedB_TestInvaildLogin2
2026-02-02 10:47:26 INFO  Listeners - Test Started  : C_TestInvaildLogin3
2026-02-02 10:47:26 INFO  BaseTest - Starting of TestInvaildLogin3 method
2026-02-02 10:47:26 INFO  BasePage - Starting of enterEmail method
2026-02-02 10:47:26 INFO  BasePage - Starting of sendKeys method
2026-02-02 10:47:26 INFO  BasePage - Ending of sendKeys method
2026-02-02 10:47:26 INFO  BasePage - Ending of enterEmail method
2026-02-02 10:47:26 INFO  BasePage - Starting of enterPassword method
2026-02-02 10:47:26 INFO  BasePage - Starting of sendKeys method
2026-02-02 10:47:26 INFO  BasePage - Ending of sendKeys method
2026-02-02 10:47:26 INFO  BasePage - Ending of enterPassword method
2026-02-02 10:47:26 INFO  BasePage - Starting of clickOnRememberMe method
2026-02-02 10:47:26 INFO  BasePage - Starting of click method
2026-02-02 10:47:26 INFO  BasePage - Ending of sendKeys method
2026-02-02 10:47:26 INFO  BasePage - Ending of enterPassword method
2026-02-02 10:47:26 INFO  BasePage - Starting of clickOnRememberMe method
2026-02-02 10:47:26 INFO  BasePage - Starting of click method
2026-02-02 10:47:26 INFO  BasePage - Ending of click method
2026-02-02 10:47:26 INFO  BasePage - Ending of clickOnRememberMe method
2026-02-02 10:47:26 INFO  BasePage - Starting of clickOnLoginButton method
2026-02-02 10:47:26 INFO  BasePage - Starting of click method
2026-02-02 10:47:26 INFO  BasePage - Ending of click method
2026-02-02 10:47:26 INFO  BasePage - Ending of clickOnRememberMe method
2026-02-02 10:47:26 INFO  BasePage - Starting of clickOnLoginButton method
2026-02-02 10:47:26 INFO  BasePage - Starting of click method
2026-02-02 10:47:26 INFO  BasePage - Ending of click method
2026-02-02 10:47:26 INFO  BasePage - Ending of clickOnLoginButton method
2026-02-02 10:47:26 INFO  BaseTest - Ending of TestInvaildLogin3 method
2026-02-02 10:47:26 INFO  Listeners - Test PassedC_TestInvaildLogin3
2026-02-02 10:47:26 INFO  Listeners - Test Started  : D_testVaildLogin4
2026-02-02 10:47:26 INFO  BaseTest - Starting of testVaildLogin4 method
2026-02-02 10:47:26 INFO  BasePage - Starting of enterEmail method
2026-02-02 10:47:26 INFO  BasePage - Starting of sendKeys method
2026-02-02 10:47:26 INFO  BasePage - Ending of sendKeys method
2026-02-02 10:47:26 INFO  BasePage - Ending of enterEmail method
2026-02-02 10:47:26 INFO  BasePage - Starting of enterPassword method
2026-02-02 10:47:26 INFO  BasePage - Starting of sendKeys method
2026-02-02 10:47:26 INFO  BasePage - Ending of click method
2026-02-02 10:47:26 INFO  BasePage - Ending of clickOnLoginButton method
2026-02-02 10:47:26 INFO  BaseTest - Ending of TestInvaildLogin2 method
2026-02-02 10:47:26 INFO  Listeners - Test PassedB_TestInvaildLogin2
2026-02-02 10:47:26 INFO  Listeners - Test Started  : C_TestInvaildLogin3
2026-02-02 10:47:26 INFO  BaseTest - Starting of TestInvaildLogin3 method
2026-02-02 10:47:26 INFO  BasePage - Starting of enterEmail method
2026-02-02 10:47:26 INFO  BasePage - Starting of sendKeys method
2026-02-02 10:47:26 INFO  BasePage - Ending of sendKeys method
2026-02-02 10:47:26 INFO  BasePage - Ending of enterPassword method
2026-02-02 10:47:26 INFO  BasePage - Starting of clickOnRememberMe method
2026-02-02 10:47:26 INFO  BasePage - Starting of click method
2026-02-02 10:47:26 INFO  BasePage - Ending of click method
2026-02-02 10:47:26 INFO  BasePage - Ending of clickOnRememberMe method
2026-02-02 10:47:26 INFO  BasePage - Starting of clickOnLoginButton method
2026-02-02 10:47:26 INFO  BasePage - Starting of click method
2026-02-02 10:47:26 INFO  BasePage - Ending of sendKeys method
2026-02-02 10:47:26 INFO  BasePage - Ending of enterEmail method
2026-02-02 10:47:26 INFO  BasePage - Starting of enterPassword method
2026-02-02 10:47:26 INFO  BasePage - Starting of sendKeys method
2026-02-02 10:47:26 INFO  BasePage - Ending of click method
2026-02-02 10:47:26 INFO  BasePage - Ending of clickOnLoginButton method
2026-02-02 10:47:26 INFO  BaseTest - Ending of testVaildLogin4 method
2026-02-02 10:47:26 INFO  Listeners - Test PassedD_testVaildLogin4
2026-02-02 10:47:26 INFO  BasePage - Ending of sendKeys method
2026-02-02 10:47:26 INFO  BasePage - Ending of enterPassword method
2026-02-02 10:47:26 INFO  BasePage - Starting of clickOnRememberMe method
2026-02-02 10:47:26 INFO  BasePage - Starting of click method
2026-02-02 10:47:26 INFO  BasePage - Ending of click method
2026-02-02 10:47:26 INFO  BasePage - Ending of clickOnRememberMe method
2026-02-02 10:47:26 INFO  BasePage - Starting of clickOnLoginButton method
2026-02-02 10:47:26 INFO  BasePage - Starting of click method
2026-02-02 10:47:26 INFO  BasePage - Ending of click method
2026-02-02 10:47:26 INFO  BasePage - Ending of clickOnLoginButton method
2026-02-02 10:47:26 INFO  BaseTest - Ending of TestInvaildLogin3 method
2026-02-02 10:47:26 INFO  Listeners - Test PassedC_TestInvaildLogin3
2026-02-02 10:47:26 INFO  Listeners - Test Started  : D_testVaildLogin4
2026-02-02 10:47:26 INFO  BaseTest - Starting of testVaildLogin4 method
2026-02-02 10:47:26 INFO  BasePage - Starting of enterEmail method
2026-02-02 10:47:26 INFO  BasePage - Starting of sendKeys method
2026-02-02 10:47:27 INFO  BasePage - Ending of sendKeys method
2026-02-02 10:47:27 INFO  BasePage - Ending of enterEmail method
2026-02-02 10:47:27 INFO  BasePage - Starting of enterPassword method
2026-02-02 10:47:27 INFO  BasePage - Starting of sendKeys method
2026-02-02 10:47:27 INFO  BasePage - Ending of sendKeys method
2026-02-02 10:47:27 INFO  BasePage - Ending of enterPassword method
2026-02-02 10:47:27 INFO  BasePage - Starting of clickOnRememberMe method
2026-02-02 10:47:27 INFO  BasePage - Starting of click method
2026-02-02 10:47:27 INFO  BasePage - Ending of click method
2026-02-02 10:47:27 INFO  BasePage - Ending of clickOnRememberMe method
2026-02-02 10:47:27 INFO  BasePage - Starting of clickOnLoginButton method
2026-02-02 10:47:27 INFO  BasePage - Starting of click method
2026-02-02 10:47:27 INFO  BasePage - Ending of click method
2026-02-02 10:47:27 INFO  BasePage - Ending of clickOnLoginButton method
2026-02-02 10:47:27 INFO  BaseTest - Ending of testVaildLogin4 method
2026-02-02 10:47:27 INFO  Listeners - Test PassedD_testVaildLogin4
2026-02-02 10:47:27 INFO  BaseTest - Starting of setup method
2026-02-02 10:47:28 INFO  BaseTest - Starting of setup method
2026-02-02 10:47:28 INFO  BasePage - Starting of EmployeeDetails constructor
2026-02-02 10:47:28 INFO  BasePage - Ending of EmployeeDetails constructor
2026-02-02 10:47:28 INFO  BasePage - Starting of LoginPage constructor
2026-02-02 10:47:28 INFO  BasePage - Ending of LoginPage constructor
2026-02-02 10:47:29 INFO  BasePage - Starting of enterEmail method
2026-02-02 10:47:29 INFO  BasePage - Starting of sendKeys method
2026-02-02 10:47:30 INFO  BasePage - Ending of sendKeys method
2026-02-02 10:47:30 INFO  BasePage - Ending of enterEmail method
2026-02-02 10:47:30 INFO  BasePage - Starting of enterPassword method
2026-02-02 10:47:30 INFO  BasePage - Starting of sendKeys method
2026-02-02 10:47:30 INFO  BasePage - Ending of sendKeys method
2026-02-02 10:47:30 INFO  BasePage - Ending of enterPassword method
2026-02-02 10:47:30 INFO  BasePage - Starting of clickOnRememberMe method
2026-02-02 10:47:30 INFO  BasePage - Starting of click method
2026-02-02 10:47:30 INFO  BasePage - Ending of click method
2026-02-02 10:47:30 INFO  BasePage - Ending of clickOnRememberMe method
2026-02-02 10:47:30 INFO  BasePage - Starting of clickOnLoginButton method
2026-02-02 10:47:30 INFO  BasePage - Starting of click method
2026-02-02 10:47:30 INFO  BasePage - Ending of click method
2026-02-02 10:47:30 INFO  BasePage - Ending of clickOnLoginButton method
2026-02-02 10:47:30 INFO  BaseTest - Ending of setup method
2026-02-02 10:47:30 INFO  Listeners - Test Started  : A_testVaildEmployeeDetails
2026-02-02 10:47:30 INFO  BaseTest - Starting of testVaildEmployeeDetails method
2026-02-02 10:47:30 INFO  BasePage - Starting of getWelcomeToJalaAcademy method
2026-02-02 10:47:30 INFO  BasePage - Ending of getWelcomeToJalaAcademy method
2026-02-02 10:47:30 INFO  BasePage - Starting of getText method
2026-02-02 10:47:30 INFO  BasePage - Ending of getText method
2026-02-02 10:47:30 INFO  BasePage - Starting of clickOnEmployeeButton method
2026-02-02 10:47:32 INFO  BasePage - Starting of EmployeeDetails constructor
2026-02-02 10:47:32 INFO  BasePage - Ending of EmployeeDetails constructor
2026-02-02 10:47:32 INFO  BasePage - Starting of LoginPage constructor
2026-02-02 10:47:32 INFO  BasePage - Ending of LoginPage constructor
2026-02-02 10:47:32 INFO  BasePage - Starting of click method
2026-02-02 10:47:33 INFO  BasePage - Ending of click method
2026-02-02 10:47:33 INFO  BasePage - Ending of clickOnEmployeeButton method
2026-02-02 10:47:33 INFO  BasePage - Starting of clickOnCreateButton method
2026-02-02 10:47:33 INFO  BasePage - Starting of enterEmail method
2026-02-02 10:47:33 INFO  BasePage - Starting of sendKeys method
2026-02-02 10:47:33 INFO  BasePage - Ending of sendKeys method
2026-02-02 10:47:33 INFO  BasePage - Ending of enterEmail method
2026-02-02 10:47:33 INFO  BasePage - Starting of enterPassword method
2026-02-02 10:47:33 INFO  BasePage - Starting of sendKeys method
2026-02-02 10:47:33 INFO  BasePage - Ending of sendKeys method
2026-02-02 10:47:33 INFO  BasePage - Ending of enterPassword method
2026-02-02 10:47:33 INFO  BasePage - Starting of clickOnRememberMe method
2026-02-02 10:47:33 INFO  BasePage - Starting of click method
2026-02-02 10:47:33 INFO  BasePage - Ending of click method
2026-02-02 10:47:33 INFO  BasePage - Ending of clickOnRememberMe method
2026-02-02 10:47:33 INFO  BasePage - Starting of clickOnLoginButton method
2026-02-02 10:47:33 INFO  BasePage - Starting of click method
2026-02-02 10:47:34 INFO  BasePage - Ending of click method
2026-02-02 10:47:34 INFO  BasePage - Ending of clickOnLoginButton method
2026-02-02 10:47:34 INFO  BaseTest - Ending of setup method
2026-02-02 10:47:34 INFO  Listeners - Test Started  : A_testVaildEmployeeDetails
2026-02-02 10:47:34 INFO  BaseTest - Starting of testVaildEmployeeDetails method
2026-02-02 10:47:34 INFO  BasePage - Starting of getWelcomeToJalaAcademy method
2026-02-02 10:47:34 INFO  BasePage - Ending of getWelcomeToJalaAcademy method
2026-02-02 10:47:34 INFO  BasePage - Starting of getText method
2026-02-02 10:47:34 INFO  BasePage - Ending of getText method
2026-02-02 10:47:34 INFO  BasePage - Starting of clickOnEmployeeButton method
2026-02-02 10:47:35 INFO  BasePage - Starting of click method
2026-02-02 10:47:35 INFO  BasePage - Ending of click method
2026-02-02 10:47:35 INFO  BasePage - Ending of clickOnCreateButton method
2026-02-02 10:47:35 INFO  BasePage - Starting of enterFirstName method
2026-02-02 10:47:35 INFO  BasePage - Starting of sendKeys method
2026-02-02 10:47:35 INFO  BasePage - Ending of sendKeys method
2026-02-02 10:47:35 INFO  BasePage - Ending of enterFirstName method
2026-02-02 10:47:35 INFO  BasePage - Starting of enterFirstName method
2026-02-02 10:47:35 INFO  BasePage - Starting of sendKeys method
2026-02-02 10:47:35 INFO  BasePage - Ending of sendKeys method
2026-02-02 10:47:35 INFO  BasePage - Ending of enterFirstName method
2026-02-02 10:47:35 INFO  BasePage - Starting of enterEmailId method
2026-02-02 10:47:35 INFO  BasePage - Starting of sendKeys method
2026-02-02 10:47:35 INFO  BasePage - Ending of sendKeys method
2026-02-02 10:47:35 INFO  BasePage - Ending of enterEmailId method
2026-02-02 10:47:35 INFO  BasePage - Starting of enterMobileNumber method
2026-02-02 10:47:35 INFO  BasePage - Starting of sendKeys method
2026-02-02 10:47:35 INFO  BasePage - Ending of sendKeys method
2026-02-02 10:47:35 INFO  BasePage - Ending of enterMobileNumber method
2026-02-02 10:47:35 INFO  BasePage - Starting of enterDateOfBirth method
2026-02-02 10:47:35 INFO  BasePage - Starting of sendKeys method
2026-02-02 10:47:36 INFO  BasePage - Ending of sendKeys method
2026-02-02 10:47:36 INFO  BasePage - Ending of enterDateOfBirth method
2026-02-02 10:47:36 INFO  BasePage - Starting of clickOnEmployeeButton method
2026-02-02 10:47:36 INFO  BasePage - Starting of click method
2026-02-02 10:47:36 INFO  BasePage - Ending of click method
2026-02-02 10:47:36 INFO  BasePage - Ending of clickOnEmployeeButton method
2026-02-02 10:47:36 INFO  BasePage - Starting of clickOnCreateButton method
2026-02-02 10:47:38 INFO  BasePage - Starting of click method
2026-02-02 10:47:38 INFO  BasePage - Ending of click method
2026-02-02 10:47:38 INFO  BasePage - Ending of clickOnEmployeeButton method
2026-02-02 10:47:38 INFO  BasePage - Starting of enterAddress method
2026-02-02 10:47:38 INFO  BasePage - Starting of sendKeys method
2026-02-02 10:47:38 INFO  BasePage - Ending of sendKeys method
2026-02-02 10:47:38 INFO  BasePage - Ending of enterAddress method
2026-02-02 10:47:38 INFO  BasePage - Starting of clickOnSelectCity method
2026-02-02 10:47:38 INFO  BasePage - Starting of click method
2026-02-02 10:47:38 INFO  BasePage - Starting of click method
2026-02-02 10:47:38 INFO  BasePage - Ending of click method
2026-02-02 10:47:38 INFO  BasePage - Ending of clickOnSelectCity method
2026-02-02 10:47:38 INFO  BasePage - Starting of clickOnIndia method
2026-02-02 10:47:38 INFO  BasePage - Starting of click method
2026-02-02 10:47:38 INFO  BasePage - Ending of click method
2026-02-02 10:47:38 INFO  BasePage - Ending of clickOnIndia method
2026-02-02 10:47:38 INFO  BasePage - Ending of click method
2026-02-02 10:47:38 INFO  BasePage - Ending of clickOnCreateButton method
2026-02-02 10:47:38 INFO  BasePage - Starting of enterFirstName method
2026-02-02 10:47:38 INFO  BasePage - Starting of sendKeys method
2026-02-02 10:47:38 INFO  BasePage - Ending of sendKeys method
2026-02-02 10:47:38 INFO  BasePage - Ending of enterFirstName method
2026-02-02 10:47:38 INFO  BasePage - Starting of enterFirstName method
2026-02-02 10:47:38 INFO  BasePage - Starting of sendKeys method
2026-02-02 10:47:38 INFO  BasePage - Ending of sendKeys method
2026-02-02 10:47:38 INFO  BasePage - Ending of enterFirstName method
2026-02-02 10:47:38 INFO  BasePage - Starting of enterEmailId method
2026-02-02 10:47:38 INFO  BasePage - Starting of sendKeys method
2026-02-02 10:47:38 INFO  BasePage - Ending of sendKeys method
2026-02-02 10:47:38 INFO  BasePage - Ending of enterEmailId method
2026-02-02 10:47:38 INFO  BasePage - Starting of enterMobileNumber method
2026-02-02 10:47:38 INFO  BasePage - Starting of sendKeys method
2026-02-02 10:47:38 INFO  BasePage - Ending of sendKeys method
2026-02-02 10:47:38 INFO  BasePage - Ending of enterMobileNumber method
2026-02-02 10:47:38 INFO  BasePage - Starting of enterDateOfBirth method
2026-02-02 10:47:38 INFO  BasePage - Starting of sendKeys method
2026-02-02 10:47:39 INFO  BasePage - Ending of sendKeys method
2026-02-02 10:47:39 INFO  BasePage - Ending of enterDateOfBirth method
2026-02-02 10:47:39 INFO  BasePage - Starting of clickOnEmployeeButton method
2026-02-02 10:47:41 INFO  BasePage - Starting of click method
2026-02-02 10:47:41 INFO  BasePage - Ending of click method
2026-02-02 10:47:41 INFO  BasePage - Ending of clickOnEmployeeButton method
2026-02-02 10:47:41 INFO  BasePage - Starting of enterAddress method
2026-02-02 10:47:41 INFO  BasePage - Starting of sendKeys method
2026-02-02 10:47:41 INFO  BasePage - Ending of sendKeys method
2026-02-02 10:47:41 INFO  BasePage - Ending of enterAddress method
2026-02-02 10:47:41 INFO  BasePage - Starting of clickOnSelectCity method
2026-02-02 10:47:41 INFO  BasePage - Starting of click method
2026-02-02 10:47:41 INFO  BasePage - Ending of click method
2026-02-02 10:47:41 INFO  BasePage - Ending of clickOnSelectCity method
2026-02-02 10:47:41 INFO  BasePage - Starting of clickOnIndia method
2026-02-02 10:47:41 INFO  BasePage - Starting of click method
2026-02-02 10:47:41 INFO  BasePage - Starting of clickOnSelectCity method
2026-02-02 10:47:41 INFO  BasePage - Starting of click method
2026-02-02 10:47:41 INFO  BasePage - Ending of click method
2026-02-02 10:47:41 INFO  BasePage - Ending of clickOnIndia method
2026-02-02 10:47:41 INFO  BasePage - Ending of click method
2026-02-02 10:47:41 INFO  BasePage - Ending of clickOnSelectCity method
2026-02-02 10:47:41 INFO  BasePage - Starting of clickOnHyderabad method
2026-02-02 10:47:41 INFO  BasePage - Starting of click method
2026-02-02 10:47:41 INFO  BasePage - Ending of click method
2026-02-02 10:47:41 INFO  BasePage - Ending of clickOnHyderabad method
2026-02-02 10:47:41 INFO  BasePage - Starting of clickOnQaAutomation method
2026-02-02 10:47:41 INFO  BasePage - Starting of click method
2026-02-02 10:47:41 INFO  BasePage - Ending of click method
2026-02-02 10:47:41 INFO  BasePage - Ending of clickOnQaAutomation method
2026-02-02 10:47:41 INFO  BasePage - Starting of clickOnIndia method
2026-02-02 10:47:41 INFO  BasePage - Starting of click method
2026-02-02 10:47:41 INFO  BasePage - Ending of click method
2026-02-02 10:47:41 INFO  BasePage - Ending of clickOnIndia method
2026-02-02 10:47:41 INFO  BaseTest - Ending of testVaildEmployeeDetails method
2026-02-02 10:47:41 INFO  Listeners - Test PassedA_testVaildEmployeeDetails
2026-02-02 10:47:42 INFO  BaseTest - Starting of setup method
2026-02-02 10:47:42 INFO  BasePage - Starting of LoginPage constructor
2026-02-02 10:47:42 INFO  BasePage - Ending of LoginPage constructor
2026-02-02 10:47:42 INFO  BasePage - Starting of EmployeeDetails constructor
2026-02-02 10:47:42 INFO  BasePage - Ending of EmployeeDetails constructor
2026-02-02 10:47:42 INFO  BasePage - Starting of SearchEmployee method
2026-02-02 10:47:42 INFO  BasePage - Ending of SearchEmployee method
2026-02-02 10:47:43 INFO  BasePage - Starting of enterEmail method
2026-02-02 10:47:43 INFO  BasePage - Starting of sendKeys method
2026-02-02 10:47:44 INFO  BasePage - Ending of sendKeys method
2026-02-02 10:47:44 INFO  BasePage - Ending of enterEmail method
2026-02-02 10:47:44 INFO  BasePage - Starting of enterPassword method
2026-02-02 10:47:44 INFO  BasePage - Starting of sendKeys method
2026-02-02 10:47:44 INFO  BasePage - Ending of sendKeys method
2026-02-02 10:47:44 INFO  BasePage - Ending of enterPassword method
2026-02-02 10:47:44 INFO  BasePage - Starting of clickOnRememberMe method
2026-02-02 10:47:44 INFO  BasePage - Starting of click method
2026-02-02 10:47:44 INFO  BasePage - Ending of click method
2026-02-02 10:47:44 INFO  BasePage - Ending of clickOnRememberMe method
2026-02-02 10:47:44 INFO  BasePage - Starting of clickOnLoginButton method
2026-02-02 10:47:44 INFO  BasePage - Starting of click method
2026-02-02 10:47:44 INFO  BasePage - Ending of click method
2026-02-02 10:47:44 INFO  BasePage - Ending of clickOnLoginButton method
2026-02-02 10:47:44 INFO  BasePage - Starting of clickOnEmployeeButton method
2026-02-02 10:47:44 INFO  BasePage - Starting of clickOnSelectCity method
2026-02-02 10:47:44 INFO  BasePage - Starting of click method
2026-02-02 10:47:44 INFO  BasePage - Ending of click method
2026-02-02 10:47:44 INFO  BasePage - Ending of clickOnSelectCity method
2026-02-02 10:47:44 INFO  BasePage - Starting of clickOnHyderabad method
2026-02-02 10:47:44 INFO  BasePage - Starting of click method
2026-02-02 10:47:44 INFO  BasePage - Ending of click method
2026-02-02 10:47:44 INFO  BasePage - Ending of clickOnHyderabad method
2026-02-02 10:47:44 INFO  BasePage - Starting of clickOnQaAutomation method
2026-02-02 10:47:44 INFO  BasePage - Starting of click method
2026-02-02 10:47:44 INFO  BasePage - Ending of click method
2026-02-02 10:47:44 INFO  BasePage - Ending of clickOnQaAutomation method
2026-02-02 10:47:44 INFO  BasePage - Starting of clickOnIndia method
2026-02-02 10:47:44 INFO  BasePage - Starting of click method
2026-02-02 10:47:44 INFO  BasePage - Ending of click method
2026-02-02 10:47:44 INFO  BasePage - Ending of clickOnIndia method
2026-02-02 10:47:44 INFO  BaseTest - Ending of testVaildEmployeeDetails method
2026-02-02 10:47:44 INFO  Listeners - Test PassedA_testVaildEmployeeDetails
2026-02-02 10:47:46 INFO  BaseTest - Starting of setup method
2026-02-02 10:47:46 INFO  BasePage - Starting of click method
2026-02-02 10:47:46 INFO  BasePage - Ending of click method
2026-02-02 10:47:46 INFO  BasePage - Ending of clickOnEmployeeButton method
2026-02-02 10:47:46 INFO  BaseTest - Ending of setup method
2026-02-02 10:47:46 INFO  Listeners - Test Started  : A_testSearchEmployee
2026-02-02 10:47:46 INFO  BaseTest - Starting of testSearchEmployee method
2026-02-02 10:47:49 INFO  BasePage - Starting of LoginPage constructor
2026-02-02 10:47:49 INFO  BasePage - Ending of LoginPage constructor
2026-02-02 10:47:49 INFO  BasePage - Starting of EmployeeDetails constructor
2026-02-02 10:47:49 INFO  BasePage - Ending of EmployeeDetails constructor
2026-02-02 10:47:49 INFO  BasePage - Starting of SearchEmployee method
2026-02-02 10:47:49 INFO  BasePage - Ending of SearchEmployee method
2026-02-02 10:47:49 INFO  BasePage - Starting of clickOnSearch method
2026-02-02 10:47:49 INFO  BasePage - Starting of click method
2026-02-02 10:47:50 INFO  BasePage - Starting of enterEmail method
2026-02-02 10:47:50 INFO  BasePage - Starting of sendKeys method
2026-02-02 10:47:50 INFO  BasePage - Ending of click method
2026-02-02 10:47:50 INFO  BasePage - Ending of clickOnSearch method
2026-02-02 10:47:50 INFO  BasePage - Starting of enterEmployeeName method
2026-02-02 10:47:50 INFO  BasePage - Starting of sendKeys method
2026-02-02 10:47:50 INFO  BasePage - Ending of sendKeys method
2026-02-02 10:47:50 INFO  BasePage - Ending of enterEmail method
2026-02-02 10:47:50 INFO  BasePage - Starting of enterPassword method
2026-02-02 10:47:50 INFO  BasePage - Starting of sendKeys method
2026-02-02 10:47:50 INFO  BasePage - Ending of sendKeys method
2026-02-02 10:47:50 INFO  BasePage - Ending of enterPassword method
2026-02-02 10:47:50 INFO  BasePage - Starting of clickOnRememberMe method
2026-02-02 10:47:50 INFO  BasePage - Starting of click method
2026-02-02 10:47:50 INFO  BasePage - Ending of sendKeys method
2026-02-02 10:47:50 INFO  BasePage - Ending of enterEmployeeName method
2026-02-02 10:47:50 INFO  BasePage - Starting of enterPassword method
2026-02-02 10:47:50 INFO  BasePage - Starting of sendKeys method
2026-02-02 10:47:50 INFO  BasePage - Ending of click method
2026-02-02 10:47:50 INFO  BasePage - Ending of clickOnRememberMe method
2026-02-02 10:47:50 INFO  BasePage - Starting of clickOnLoginButton method
2026-02-02 10:47:50 INFO  BasePage - Starting of click method
2026-02-02 10:47:50 INFO  BasePage - Ending of click method
2026-02-02 10:47:50 INFO  BasePage - Ending of clickOnLoginButton method
2026-02-02 10:47:50 INFO  BasePage - Starting of clickOnEmployeeButton method
2026-02-02 10:47:51 INFO  BasePage - Ending of sendKeys method
2026-02-02 10:47:51 INFO  BasePage - Ending of enterPassword method
2026-02-02 10:47:51 INFO  BasePage - Starting of clickOnSearch1 method
2026-02-02 10:47:51 INFO  BasePage - Starting of click method
2026-02-02 10:47:51 INFO  BasePage - Ending of click method
2026-02-02 10:47:51 INFO  BasePage - Ending of setup method
2026-02-02 10:47:52 INFO  BasePage - Starting of click method
2026-02-02 10:47:52 INFO  BasePage - Ending of click method
2026-02-02 10:47:52 INFO  BasePage - Ending of clickOnEmployeeButton method
2026-02-02 10:47:52 INFO  BaseTest - Ending of setup method
2026-02-02 10:47:52 INFO  Listeners - Test Started  : A_testSearchEmployee
2026-02-02 10:47:52 INFO  BaseTest - Starting of testSearchEmployee method
2026-02-02 10:47:54 INFO  BaseTest - Ending of testSearchEmployee method
2026-02-02 10:47:54 INFO  Listeners - Test PassedA_testSearchEmployee
2026-02-02 10:47:54 INFO  BaseTest - Starting of setup method
2026-02-02 10:47:55 INFO  BasePage - Starting of MenuPage constructor
2026-02-02 10:47:55 INFO  BasePage - Ending of MenuPage constructor
2026-02-02 10:47:55 INFO  BasePage - Starting of HomePage constructor
2026-02-02 10:47:55 INFO  BasePage - Ending of HomePage constructor
2026-02-02 10:47:55 INFO  BasePage - Starting of LoginPage constructor
2026-02-02 10:47:55 INFO  BasePage - Ending of LoginPage constructor
2026-02-02 10:47:55 INFO  BasePage - Starting of clickOnSearch method
2026-02-02 10:47:55 INFO  BasePage - Starting of click method
2026-02-02 10:47:56 INFO  BasePage - Starting of enterEmail method
2026-02-02 10:47:56 INFO  BasePage - Starting of sendKeys method
2026-02-02 10:47:56 INFO  BasePage - Ending of sendKeys method
2026-02-02 10:47:56 INFO  BasePage - Ending of enterEmail method
2026-02-02 10:47:56 INFO  BasePage - Starting of enterPassword method
2026-02-02 10:47:56 INFO  BasePage - Starting of sendKeys method
2026-02-02 10:47:56 INFO  BasePage - Ending of sendKeys method
2026-02-02 10:47:56 INFO  BasePage - Ending of enterPassword method
2026-02-02 10:47:56 INFO  BasePage - Starting of clickOnRememberMe method
2026-02-02 10:47:56 INFO  BasePage - Starting of click method
2026-02-02 10:47:56 INFO  BasePage - Ending of click method
2026-02-02 10:47:56 INFO  BasePage - Ending of clickOnRememberMe method
2026-02-02 10:47:56 INFO  BasePage - Starting of clickOnLoginButton method
2026-02-02 10:47:56 INFO  BasePage - Starting of click method
2026-02-02 10:47:56 INFO  BasePage - Ending of click method
2026-02-02 10:47:56 INFO  BasePage - Ending of clickOnSearch method
2026-02-02 10:47:56 INFO  BasePage - Starting of enterEmployeeName method
2026-02-02 10:47:56 INFO  BasePage - Starting of sendKeys method
2026-02-02 10:47:56 INFO  BasePage - Ending of sendKeys method
2026-02-02 10:47:56 INFO  BasePage - Ending of enterEmployeeName method
2026-02-02 10:47:56 INFO  BasePage - Starting of enterPassword method
2026-02-02 10:47:56 INFO  BasePage - Starting of sendKeys method
2026-02-02 10:47:56 INFO  BasePage - Ending of click method
2026-02-02 10:47:56 INFO  BasePage - Ending of clickOnLoginButton method
2026-02-02 10:47:56 INFO  BasePage - Starting of clickOnMoreButton method
2026-02-02 10:47:56 INFO  BasePage - Ending of sendKeys method
2026-02-02 10:47:56 INFO  BasePage - Ending of enterPassword method
2026-02-02 10:47:56 INFO  BasePage - Starting of clickOnSearch1 method
2026-02-02 10:47:56 INFO  BasePage - Starting of click method
2026-02-02 10:47:56 INFO  BasePage - Ending of click method
2026-02-02 10:47:56 INFO  BasePage - Ending of setup method
2026-02-02 10:47:57 INFO  BasePage - Ending of clickOnMoreButton method
2026-02-02 10:47:59 INFO  BaseTest - Ending of testSearchEmployee method
2026-02-02 10:47:59 INFO  Listeners - Test PassedA_testSearchEmployee
2026-02-02 10:48:00 INFO  BasePage - Starting of clickOnMenuButton method
2026-02-02 10:48:00 INFO  BasePage - Starting of click method
2026-02-02 10:48:00 INFO  BasePage - Ending of click method
2026-02-02 10:48:00 INFO  BasePage - Ending of clickOnMenuButton method
2026-02-02 10:48:00 INFO  BaseTest - Ending of setup method
2026-02-02 10:48:00 INFO  Listeners - Test Started  : A_testMenu
2026-02-02 10:48:00 INFO  BaseTest - Starting of testMenu method
2026-02-02 10:48:00 INFO  BasePage - Starting of clickOnSubMenuButton method
2026-02-02 10:48:00 INFO  BasePage - Starting of click method
2026-02-02 10:48:00 INFO  BasePage - Ending of click method
2026-02-02 10:48:00 INFO  BasePage - Ending of clickOnSubMenuButton method
2026-02-02 10:48:00 INFO  BaseTest - Ending of testMenu method
2026-02-02 10:48:00 INFO  Listeners - Test PassedA_testMenu
2026-02-02 10:48:00 INFO  BaseTest - Starting of setup method
2026-02-02 10:48:01 INFO  BaseTest - Starting of setup method
2026-02-02 10:48:01 INFO  BasePage - Starting of IframePage constructor
2026-02-02 10:48:01 INFO  BasePage - Ending of IframePage constructor
2026-02-02 10:48:01 INFO  BasePage - Starting of HomePage constructor
2026-02-02 10:48:01 INFO  BasePage - Ending of HomePage constructor
2026-02-02 10:48:01 INFO  BasePage - Starting of LoginPage constructor
2026-02-02 10:48:01 INFO  BasePage - Ending of LoginPage constructor
2026-02-02 10:48:02 INFO  BasePage - Starting of enterEmail method
2026-02-02 10:48:02 INFO  BasePage - Starting of sendKeys method
2026-02-02 10:48:03 INFO  BasePage - Ending of sendKeys method
2026-02-02 10:48:03 INFO  BasePage - Ending of enterEmail method
2026-02-02 10:48:03 INFO  BasePage - Starting of enterPassword method
2026-02-02 10:48:03 INFO  BasePage - Starting of sendKeys method
2026-02-02 10:48:03 INFO  BasePage - Ending of sendKeys method
2026-02-02 10:48:03 INFO  BasePage - Ending of enterPassword method
2026-02-02 10:48:03 INFO  BasePage - Starting of clickOnRememberMe method
2026-02-02 10:48:03 INFO  BasePage - Starting of click method
2026-02-02 10:48:03 INFO  BasePage - Ending of click method
2026-02-02 10:48:03 INFO  BasePage - Ending of clickOnRememberMe method
2026-02-02 10:48:03 INFO  BasePage - Starting of clickOnLoginButton method
2026-02-02 10:48:03 INFO  BasePage - Starting of click method
2026-02-02 10:48:03 INFO  BasePage - Ending of click method
2026-02-02 10:48:03 INFO  BasePage - Ending of clickOnLoginButton method
2026-02-02 10:48:03 INFO  BasePage - Starting of clickOnMoreButton method
2026-02-02 10:48:03 INFO  BasePage - Ending of clickOnMoreButton method
2026-02-02 10:48:05 INFO  BasePage - Starting of MenuPage constructor
2026-02-02 10:48:05 INFO  BasePage - Ending of MenuPage constructor
2026-02-02 10:48:05 INFO  BasePage - Starting of HomePage constructor
2026-02-02 10:48:05 INFO  BasePage - Ending of HomePage constructor
2026-02-02 10:48:05 INFO  BasePage - Starting of LoginPage constructor
2026-02-02 10:48:05 INFO  BasePage - Ending of LoginPage constructor
2026-02-02 10:48:06 INFO  BasePage - Starting of enterEmail method
2026-02-02 10:48:06 INFO  BasePage - Starting of sendKeys method
2026-02-02 10:48:06 INFO  BasePage - Ending of sendKeys method
2026-02-02 10:48:06 INFO  BasePage - Ending of enterEmail method
2026-02-02 10:48:06 INFO  BasePage - Starting of enterPassword method
2026-02-02 10:48:06 INFO  BasePage - Starting of sendKeys method
2026-02-02 10:48:06 INFO  BasePage - Ending of sendKeys method
2026-02-02 10:48:06 INFO  BasePage - Ending of enterPassword method
2026-02-02 10:48:06 INFO  BasePage - Starting of clickOnRememberMe method
2026-02-02 10:48:06 INFO  BasePage - Starting of click method
2026-02-02 10:48:06 INFO  BasePage - Ending of click method
2026-02-02 10:48:06 INFO  BasePage - Ending of clickOnRememberMe method
2026-02-02 10:48:06 INFO  BasePage - Starting of clickOnLoginButton method
2026-02-02 10:48:06 INFO  BasePage - Starting of click method
2026-02-02 10:48:06 INFO  BasePage - Ending of click method
2026-02-02 10:48:06 INFO  BasePage - Ending of clickOnLoginButton method
2026-02-02 10:48:06 INFO  BasePage - Starting of clickOnMoreButton method
2026-02-02 10:48:06 INFO  BasePage - Starting of clickOnMenuButton method
2026-02-02 10:48:06 INFO  BasePage - Starting of click method
2026-02-02 10:48:07 INFO  BasePage - Ending of click method
2026-02-02 10:48:07 INFO  BasePage - Ending of clickOnMenuButton method
2026-02-02 10:48:07 INFO  BasePage - Starting of clickOnIframeButton method
2026-02-02 10:48:07 INFO  BasePage - Starting of click method
2026-02-02 10:48:07 INFO  BasePage - Ending of clickOnMoreButton method
2026-02-02 10:48:07 INFO  BasePage - Ending of click method
2026-02-02 10:48:07 INFO  BasePage - Ending of clickOnIframeButton method
2026-02-02 10:48:07 INFO  BaseTest - Ending of setup method
2026-02-02 10:48:07 INFO  Listeners - Test Started  : A_testIframe
2026-02-02 10:48:07 INFO  BaseTest - Starting of testIframe method
2026-02-02 10:48:07 INFO  BasePage - Starting of getFrameOneText method
2026-02-02 10:48:07 INFO  BasePage - Ending of getFrameOneText method
2026-02-02 10:48:07 INFO  BasePage - Starting of getText method
2026-02-02 10:48:07 INFO  BasePage - Ending of getText method
2026-02-02 10:48:07 INFO  BasePage - Starting of getFrameTwoText method
2026-02-02 10:48:07 INFO  BasePage - Ending of getFrameTwoText method
2026-02-02 10:48:07 INFO  BasePage - Starting of getText method
2026-02-02 10:48:07 INFO  BasePage - Ending of getText method
2026-02-02 10:48:07 INFO  BasePage - Starting of getWelcomeToJalaAcademyText method
2026-02-02 10:48:07 INFO  BasePage - Ending of getWelcomeToJalaAcademyText method
2026-02-02 10:48:07 INFO  BasePage - Starting of getText method
2026-02-02 10:48:07 INFO  BasePage - Ending of getText method
2026-02-02 10:48:07 INFO  BaseTest - Ending of testIframe method
2026-02-02 10:48:07 INFO  Listeners - Test PassedA_testIframe
2026-02-02 10:48:08 INFO  BaseTest - Starting of setup method
2026-02-02 10:48:08 INFO  BasePage - Starting of ImagesPage constructor
2026-02-02 10:48:08 INFO  BasePage - Ending of ImagesPage constructor
2026-02-02 10:48:08 INFO  BasePage - Starting of HomePage constructor
2026-02-02 10:48:08 INFO  BasePage - Ending of HomePage constructor
2026-02-02 10:48:08 INFO  BasePage - Starting of LoginPage constructor
2026-02-02 10:48:08 INFO  BasePage - Ending of LoginPage constructor
2026-02-02 10:48:10 INFO  BasePage - Starting of enterEmail method
2026-02-02 10:48:10 INFO  BasePage - Starting of sendKeys method
2026-02-02 10:48:10 INFO  BasePage - Ending of sendKeys method
2026-02-02 10:48:10 INFO  BasePage - Ending of enterEmail method
2026-02-02 10:48:10 INFO  BasePage - Starting of enterPassword method
2026-02-02 10:48:10 INFO  BasePage - Starting of sendKeys method
2026-02-02 10:48:10 INFO  BasePage - Ending of sendKeys method
2026-02-02 10:48:10 INFO  BasePage - Ending of enterPassword method
2026-02-02 10:48:10 INFO  BasePage - Starting of clickOnRememberMe method
2026-02-02 10:48:10 INFO  BasePage - Starting of click method
2026-02-02 10:48:10 INFO  BasePage - Starting of clickOnMenuButton method
2026-02-02 10:48:10 INFO  BasePage - Starting of click method
2026-02-02 10:48:10 INFO  BasePage - Ending of click method
2026-02-02 10:48:10 INFO  BasePage - Ending of clickOnRememberMe method
2026-02-02 10:48:10 INFO  BasePage - Starting of clickOnLoginButton method
2026-02-02 10:48:10 INFO  BasePage - Starting of click method
2026-02-02 10:48:10 INFO  BasePage - Ending of click method
2026-02-02 10:48:10 INFO  BasePage - Ending of clickOnLoginButton method
2026-02-02 10:48:10 INFO  BasePage - Starting of clickOnMoreButton method
2026-02-02 10:48:10 INFO  BasePage - Ending of click method
2026-02-02 10:48:10 INFO  BasePage - Ending of clickOnMenuButton method
2026-02-02 10:48:10 INFO  BaseTest - Ending of setup method
2026-02-02 10:48:10 INFO  Listeners - Test Started  : A_testMenu
2026-02-02 10:48:10 INFO  BaseTest - Starting of testMenu method
2026-02-02 10:48:10 INFO  BasePage - Starting of clickOnSubMenuButton method
2026-02-02 10:48:10 INFO  BasePage - Starting of click method
2026-02-02 10:48:10 INFO  BasePage - Ending of click method
2026-02-02 10:48:10 INFO  BasePage - Ending of clickOnSubMenuButton method
2026-02-02 10:48:10 INFO  BaseTest - Ending of testMenu method
2026-02-02 10:48:10 INFO  Listeners - Test PassedA_testMenu
2026-02-02 10:48:10 INFO  BasePage - Ending of clickOnMoreButton method
2026-02-02 10:48:11 INFO  BaseTest - Starting of setup method
2026-02-02 10:48:14 INFO  BasePage - Starting of clickOnImageButton method
2026-02-02 10:48:14 INFO  BasePage - Starting of click method
2026-02-02 10:48:14 INFO  BasePage - Ending of click method
2026-02-02 10:48:14 INFO  BasePage - Ending of clickOnImageButton method
2026-02-02 10:48:14 INFO  BaseTest - Ending of setup method
2026-02-02 10:48:14 INFO  Listeners - Test Started  : A_testUploadImages
2026-02-02 10:48:14 INFO  BaseTest - Starting of testUploadImages method
2026-02-02 10:48:14 INFO  BasePage - Starting of uploadImage method
2026-02-02 10:48:14 INFO  BasePage - Starting of sendKeys method
2026-02-02 10:48:14 INFO  BasePage - Ending of sendKeys method
2026-02-02 10:48:14 INFO  BasePage - Ending of uploadImage method
2026-02-02 10:48:15 INFO  BasePage - Starting of IframePage constructor
2026-02-02 10:48:15 INFO  BasePage - Ending of IframePage constructor
2026-02-02 10:48:15 INFO  BasePage - Starting of HomePage constructor
2026-02-02 10:48:15 INFO  BasePage - Ending of HomePage constructor
2026-02-02 10:48:15 INFO  BasePage - Starting of LoginPage constructor
2026-02-02 10:48:15 INFO  BasePage - Ending of LoginPage constructor
2026-02-02 10:48:16 INFO  BasePage - Starting of enterEmail method
2026-02-02 10:48:16 INFO  BasePage - Starting of sendKeys method
2026-02-02 10:48:16 INFO  BasePage - Starting of clickOnUploadButton method
2026-02-02 10:48:16 INFO  BasePage - Starting of click method
2026-02-02 10:48:16 INFO  BasePage - Ending of sendKeys method
2026-02-02 10:48:16 INFO  BasePage - Ending of enterEmail method
2026-02-02 10:48:16 INFO  BasePage - Starting of enterPassword method
2026-02-02 10:48:16 INFO  BasePage - Starting of sendKeys method
2026-02-02 10:48:16 INFO  BasePage - Ending of sendKeys method
2026-02-02 10:48:16 INFO  BasePage - Ending of enterPassword method
2026-02-02 10:48:16 INFO  BasePage - Starting of clickOnRememberMe method
2026-02-02 10:48:16 INFO  BasePage - Starting of click method
2026-02-02 10:48:16 INFO  BasePage - Ending of click method
2026-02-02 10:48:16 INFO  BasePage - Ending of clickOnUploadButton method
2026-02-02 10:48:16 INFO  BasePage - Starting of getImageLabel method
2026-02-02 10:48:16 INFO  BasePage - Ending of getImageLabel method
2026-02-02 10:48:16 INFO  BasePage - Starting of getText method
2026-02-02 10:48:16 INFO  BasePage - Ending of getText method
2026-02-02 10:48:16 INFO  BasePage - Ending of click method
2026-02-02 10:48:16 INFO  BasePage - Ending of clickOnRememberMe method
2026-02-02 10:48:16 INFO  BasePage - Starting of clickOnLoginButton method
2026-02-02 10:48:16 INFO  BasePage - Starting of click method
2026-02-02 10:48:16 INFO  BaseTest - Ending of testUploadImages method
2026-02-02 10:48:16 INFO  Listeners - Test PassedA_testUploadImages
2026-02-02 10:48:16 INFO  BasePage - Ending of click method
2026-02-02 10:48:16 INFO  BasePage - Ending of clickOnLoginButton method
2026-02-02 10:48:16 INFO  BasePage - Starting of clickOnMoreButton method
2026-02-02 10:48:17 INFO  BasePage - Ending of clickOnMoreButton method
2026-02-02 10:48:20 INFO  BasePage - Starting of clickOnMenuButton method
2026-02-02 10:48:20 INFO  BasePage - Starting of click method
2026-02-02 10:48:20 INFO  BasePage - Ending of click method
2026-02-02 10:48:20 INFO  BasePage - Ending of clickOnMenuButton method
2026-02-02 10:48:20 INFO  BasePage - Starting of clickOnIframeButton method
2026-02-02 10:48:20 INFO  BasePage - Starting of click method
2026-02-02 10:48:21 INFO  BasePage - Ending of click method
2026-02-02 10:48:21 INFO  BasePage - Ending of clickOnIframeButton method
2026-02-02 10:48:21 INFO  BaseTest - Ending of setup method
2026-02-02 10:48:21 INFO  Listeners - Test Started  : A_testIframe
2026-02-02 10:48:21 INFO  BaseTest - Starting of testIframe method
2026-02-02 10:48:21 INFO  BasePage - Starting of getFrameOneText method
2026-02-02 10:48:21 INFO  BasePage - Ending of getFrameOneText method
2026-02-02 10:48:21 INFO  BasePage - Starting of getText method
2026-02-02 10:48:21 INFO  BasePage - Ending of getText method
2026-02-02 10:48:21 INFO  BasePage - Starting of getFrameTwoText method
2026-02-02 10:48:21 INFO  BasePage - Ending of getFrameTwoText method
2026-02-02 10:48:21 INFO  BasePage - Starting of getText method
2026-02-02 10:48:21 INFO  BasePage - Ending of getText method
2026-02-02 10:48:21 INFO  BasePage - Starting of getWelcomeToJalaAcademyText method
2026-02-02 10:48:21 INFO  BasePage - Ending of getWelcomeToJalaAcademyText method
2026-02-02 10:48:21 INFO  BasePage - Starting of getText method
2026-02-02 10:48:21 INFO  BasePage - Ending of getText method
2026-02-02 10:48:21 INFO  BaseTest - Ending of testIframe method
2026-02-02 10:48:21 INFO  Listeners - Test PassedA_testIframe
2026-02-02 10:48:22 INFO  BaseTest - Starting of setup method
2026-02-02 10:48:25 INFO  BasePage - Starting of ImagesPage constructor
2026-02-02 10:48:25 INFO  BasePage - Ending of ImagesPage constructor
2026-02-02 10:48:25 INFO  BasePage - Starting of HomePage constructor
2026-02-02 10:48:25 INFO  BasePage - Ending of HomePage constructor
2026-02-02 10:48:25 INFO  BasePage - Starting of LoginPage constructor
2026-02-02 10:48:25 INFO  BasePage - Ending of LoginPage constructor
2026-02-02 10:48:25 INFO  BasePage - Starting of enterEmail method
2026-02-02 10:48:25 INFO  BasePage - Starting of sendKeys method
2026-02-02 10:48:26 INFO  BasePage - Ending of sendKeys method
2026-02-02 10:48:26 INFO  BasePage - Ending of enterEmail method
2026-02-02 10:48:26 INFO  BasePage - Starting of enterPassword method
2026-02-02 10:48:26 INFO  BasePage - Starting of sendKeys method
2026-02-02 10:48:26 INFO  BasePage - Ending of sendKeys method
2026-02-02 10:48:26 INFO  BasePage - Ending of enterPassword method
2026-02-02 10:48:26 INFO  BasePage - Starting of clickOnRememberMe method
2026-02-02 10:48:26 INFO  BasePage - Starting of click method
2026-02-02 10:48:26 INFO  BasePage - Ending of click method
2026-02-02 10:48:26 INFO  BasePage - Ending of clickOnRememberMe method
2026-02-02 10:48:26 INFO  BasePage - Starting of clickOnLoginButton method
2026-02-02 10:48:26 INFO  BasePage - Starting of click method
2026-02-02 10:48:26 INFO  BasePage - Ending of click method
2026-02-02 10:48:26 INFO  BasePage - Ending of clickOnLoginButton method
2026-02-02 10:48:26 INFO  BasePage - Starting of clickOnMoreButton method
2026-02-02 10:48:26 INFO  BasePage - Ending of clickOnMoreButton method
2026-02-02 10:48:29 INFO  BasePage - Starting of clickOnImageButton method
2026-02-02 10:48:29 INFO  BasePage - Starting of click method
2026-02-02 10:48:30 INFO  BasePage - Ending of click method
2026-02-02 10:48:30 INFO  BasePage - Ending of clickOnImageButton method
2026-02-02 10:48:30 INFO  BaseTest - Ending of setup method
2026-02-02 10:48:30 INFO  Listeners - Test Started  : A_testUploadImages
2026-02-02 10:48:30 INFO  BaseTest - Starting of testUploadImages method
2026-02-02 10:48:30 INFO  BasePage - Starting of uploadImage method
2026-02-02 10:48:30 INFO  BasePage - Starting of sendKeys method
2026-02-02 10:48:30 INFO  BasePage - Ending of sendKeys method
2026-02-02 10:48:30 INFO  BasePage - Ending of uploadImage method
2026-02-02 10:48:32 INFO  BasePage - Starting of clickOnUploadButton method
2026-02-02 10:48:32 INFO  BasePage - Starting of click method
2026-02-02 10:48:32 INFO  BasePage - Ending of click method
2026-02-02 10:48:32 INFO  BasePage - Ending of clickOnUploadButton method
2026-02-02 10:48:32 INFO  BasePage - Starting of getImageLabel method
2026-02-02 10:48:32 INFO  BasePage - Ending of getImageLabel method
2026-02-02 10:48:32 INFO  BasePage - Starting of getText method
2026-02-02 10:48:32 INFO  BasePage - Ending of getText method
2026-02-02 10:48:32 INFO  BaseTest - Ending of testUploadImages method
2026-02-02 10:48:32 INFO  Listeners - Test PassedA_testUploadImages
2026-02-02 10:49:33 INFO  BaseTest - Starting of setup method
2026-02-02 10:49:33 INFO  BaseTest - Starting of setup method
2026-02-02 10:49:35 INFO  BasePage - Starting of LoginPage constructor
2026-02-02 10:49:35 INFO  BasePage - Ending of LoginPage constructor
2026-02-02 10:49:35 INFO  BaseTest - Ending of setup method
2026-02-02 10:49:36 INFO  Listeners - Test Started  : A_TestInvaildLogin
2026-02-02 10:49:36 INFO  BaseTest - Starting of TestInvaildLogin method
2026-02-02 10:49:36 INFO  BasePage - Starting of enterEmail method
2026-02-02 10:49:36 INFO  BasePage - Starting of sendKeys method
2026-02-02 10:49:37 INFO  BasePage - Ending of sendKeys method
2026-02-02 10:49:37 INFO  BasePage - Ending of enterEmail method
2026-02-02 10:49:37 INFO  BasePage - Starting of enterPassword method
2026-02-02 10:49:37 INFO  BasePage - Starting of sendKeys method
2026-02-02 10:49:37 INFO  BasePage - Ending of sendKeys method
2026-02-02 10:49:37 INFO  BasePage - Ending of enterPassword method
2026-02-02 10:49:37 INFO  BasePage - Starting of clickOnRememberMe method
2026-02-02 10:49:37 INFO  BasePage - Starting of click method
2026-02-02 10:49:37 INFO  BasePage - Ending of click method
2026-02-02 10:49:37 INFO  BasePage - Ending of clickOnRememberMe method
2026-02-02 10:49:37 INFO  BasePage - Starting of clickOnLoginButton method
2026-02-02 10:49:37 INFO  BasePage - Starting of click method
2026-02-02 10:49:37 INFO  BasePage - Ending of click method
2026-02-02 10:49:37 INFO  BasePage - Ending of clickOnLoginButton method
2026-02-02 10:49:37 INFO  BaseTest - Ending of TestInvaildLogin method
2026-02-02 10:49:37 INFO  Listeners - Test PassedA_TestInvaildLogin
2026-02-02 10:49:37 INFO  Listeners - Test Started  : B_TestInvaildLogin2
2026-02-02 10:49:37 INFO  BaseTest - Starting of TestInvaildLogin2 method
2026-02-02 10:49:37 INFO  BasePage - Starting of enterEmail method
2026-02-02 10:49:37 INFO  BasePage - Starting of sendKeys method
2026-02-02 10:49:37 INFO  BasePage - Ending of sendKeys method
2026-02-02 10:49:37 INFO  BasePage - Ending of enterEmail method
2026-02-02 10:49:37 INFO  BasePage - Starting of enterPassword method
2026-02-02 10:49:37 INFO  BasePage - Starting of sendKeys method
2026-02-02 10:49:38 INFO  BasePage - Ending of sendKeys method
2026-02-02 10:49:38 INFO  BasePage - Ending of enterPassword method
2026-02-02 10:49:38 INFO  BasePage - Starting of clickOnRememberMe method
2026-02-02 10:49:38 INFO  BasePage - Starting of click method
2026-02-02 10:49:38 INFO  BasePage - Ending of click method
2026-02-02 10:49:38 INFO  BasePage - Ending of clickOnRememberMe method
2026-02-02 10:49:38 INFO  BasePage - Starting of clickOnLoginButton method
2026-02-02 10:49:38 INFO  BasePage - Starting of click method
2026-02-02 10:49:38 INFO  BasePage - Ending of click method
2026-02-02 10:49:38 INFO  BasePage - Ending of clickOnLoginButton method
2026-02-02 10:49:38 INFO  BaseTest - Ending of TestInvaildLogin2 method
2026-02-02 10:49:38 INFO  Listeners - Test PassedB_TestInvaildLogin2
2026-02-02 10:49:38 INFO  Listeners - Test Started  : C_TestInvaildLogin3
2026-02-02 10:49:38 INFO  BaseTest - Starting of TestInvaildLogin3 method
2026-02-02 10:49:38 INFO  BasePage - Starting of enterEmail method
2026-02-02 10:49:38 INFO  BasePage - Starting of sendKeys method
2026-02-02 10:49:38 INFO  BasePage - Ending of sendKeys method
2026-02-02 10:49:38 INFO  BasePage - Ending of enterEmail method
2026-02-02 10:49:38 INFO  BasePage - Starting of enterPassword method
2026-02-02 10:49:38 INFO  BasePage - Starting of sendKeys method
2026-02-02 10:49:38 INFO  BasePage - Ending of sendKeys method
2026-02-02 10:49:38 INFO  BasePage - Ending of enterPassword method
2026-02-02 10:49:38 INFO  BasePage - Starting of clickOnRememberMe method
2026-02-02 10:49:38 INFO  BasePage - Starting of click method
2026-02-02 10:49:38 INFO  BasePage - Ending of click method
2026-02-02 10:49:38 INFO  BasePage - Ending of clickOnRememberMe method
2026-02-02 10:49:38 INFO  BasePage - Starting of clickOnLoginButton method
2026-02-02 10:49:38 INFO  BasePage - Starting of click method
2026-02-02 10:49:38 INFO  BasePage - Ending of click method
2026-02-02 10:49:38 INFO  BasePage - Ending of clickOnLoginButton method
2026-02-02 10:49:38 INFO  BaseTest - Ending of TestInvaildLogin3 method
2026-02-02 10:49:38 INFO  Listeners - Test PassedC_TestInvaildLogin3
2026-02-02 10:49:38 INFO  Listeners - Test Started  : D_testVaildLogin4
2026-02-02 10:49:38 INFO  BaseTest - Starting of testVaildLogin4 method
2026-02-02 10:49:38 INFO  BasePage - Starting of enterEmail method
2026-02-02 10:49:38 INFO  BasePage - Starting of sendKeys method
2026-02-02 10:49:38 INFO  BasePage - Starting of LoginPage constructor
2026-02-02 10:49:38 INFO  BasePage - Ending of LoginPage constructor
2026-02-02 10:49:39 INFO  BasePage - Ending of sendKeys method
2026-02-02 10:49:39 INFO  BasePage - Ending of enterEmail method
2026-02-02 10:49:39 INFO  BasePage - Starting of enterPassword method
2026-02-02 10:49:39 INFO  BasePage - Starting of sendKeys method
2026-02-02 10:49:39 INFO  BasePage - Ending of sendKeys method
2026-02-02 10:49:39 INFO  BasePage - Ending of enterPassword method
2026-02-02 10:49:39 INFO  BasePage - Starting of clickOnRememberMe method
2026-02-02 10:49:39 INFO  BasePage - Starting of click method
2026-02-02 10:49:39 INFO  BasePage - Ending of click method
2026-02-02 10:49:39 INFO  BasePage - Ending of clickOnRememberMe method
2026-02-02 10:49:39 INFO  BasePage - Starting of clickOnLoginButton method
2026-02-02 10:49:39 INFO  BasePage - Starting of click method
2026-02-02 10:49:39 INFO  BasePage - Ending of click method
2026-02-02 10:49:39 INFO  BasePage - Ending of clickOnLoginButton method
2026-02-02 10:49:39 INFO  BaseTest - Ending of testVaildLogin4 method
2026-02-02 10:49:39 INFO  Listeners - Test PassedD_testVaildLogin4
2026-02-02 10:49:39 INFO  BaseTest - Starting of setup method
2026-02-02 10:49:39 INFO  BaseTest - Ending of setup method
2026-02-02 10:49:39 INFO  Listeners - Test Started  : A_TestInvaildLogin
2026-02-02 10:49:39 INFO  BaseTest - Starting of TestInvaildLogin method
2026-02-02 10:49:39 INFO  BasePage - Starting of enterEmail method
2026-02-02 10:49:39 INFO  BasePage - Starting of sendKeys method
2026-02-02 10:49:40 INFO  BasePage - Ending of sendKeys method
2026-02-02 10:49:40 INFO  BasePage - Ending of enterEmail method
2026-02-02 10:49:40 INFO  BasePage - Starting of enterPassword method
2026-02-02 10:49:40 INFO  BasePage - Starting of sendKeys method
2026-02-02 10:49:40 INFO  BasePage - Ending of sendKeys method
2026-02-02 10:49:40 INFO  BasePage - Ending of enterPassword method
2026-02-02 10:49:40 INFO  BasePage - Starting of clickOnRememberMe method
2026-02-02 10:49:40 INFO  BasePage - Starting of click method
2026-02-02 10:49:40 INFO  BasePage - Ending of click method
2026-02-02 10:49:40 INFO  BasePage - Ending of clickOnRememberMe method
2026-02-02 10:49:40 INFO  BasePage - Starting of clickOnLoginButton method
2026-02-02 10:49:40 INFO  BasePage - Starting of click method
2026-02-02 10:49:40 INFO  BasePage - Ending of click method
2026-02-02 10:49:40 INFO  BasePage - Ending of clickOnLoginButton method
2026-02-02 10:49:40 INFO  BaseTest - Ending of TestInvaildLogin method
2026-02-02 10:49:40 INFO  Listeners - Test PassedA_TestInvaildLogin
2026-02-02 10:49:40 INFO  Listeners - Test Started  : B_TestInvaildLogin2
2026-02-02 10:49:40 INFO  BaseTest - Starting of TestInvaildLogin2 method
2026-02-02 10:49:40 INFO  BasePage - Starting of enterEmail method
2026-02-02 10:49:40 INFO  BasePage - Starting of sendKeys method
2026-02-02 10:49:41 INFO  BasePage - Ending of sendKeys method
2026-02-02 10:49:41 INFO  BasePage - Ending of enterEmail method
2026-02-02 10:49:41 INFO  BasePage - Starting of enterPassword method
2026-02-02 10:49:41 INFO  BasePage - Starting of sendKeys method
2026-02-02 10:49:41 INFO  BasePage - Starting of EmployeeDetails constructor
2026-02-02 10:49:41 INFO  BasePage - Ending of EmployeeDetails constructor
2026-02-02 10:49:41 INFO  BasePage - Starting of LoginPage constructor
2026-02-02 10:49:41 INFO  BasePage - Ending of LoginPage constructor
2026-02-02 10:49:41 INFO  BasePage - Ending of sendKeys method
2026-02-02 10:49:41 INFO  BasePage - Ending of enterPassword method
2026-02-02 10:49:41 INFO  BasePage - Starting of clickOnRememberMe method
2026-02-02 10:49:41 INFO  BasePage - Starting of click method
2026-02-02 10:49:41 INFO  BasePage - Starting of enterEmail method
2026-02-02 10:49:41 INFO  BasePage - Starting of sendKeys method
2026-02-02 10:49:41 INFO  BasePage - Ending of click method
2026-02-02 10:49:41 INFO  BasePage - Ending of clickOnRememberMe method
2026-02-02 10:49:41 INFO  BasePage - Starting of clickOnLoginButton method
2026-02-02 10:49:41 INFO  BasePage - Starting of click method
2026-02-02 10:49:41 INFO  BasePage - Ending of click method
2026-02-02 10:49:41 INFO  BasePage - Ending of clickOnLoginButton method
2026-02-02 10:49:41 INFO  BaseTest - Ending of TestInvaildLogin2 method
2026-02-02 10:49:41 INFO  Listeners - Test PassedB_TestInvaildLogin2
2026-02-02 10:49:41 INFO  Listeners - Test Started  : C_TestInvaildLogin3
2026-02-02 10:49:41 INFO  BaseTest - Starting of TestInvaildLogin3 method
2026-02-02 10:49:41 INFO  BasePage - Starting of enterEmail method
2026-02-02 10:49:41 INFO  BasePage - Starting of sendKeys method
2026-02-02 10:49:42 INFO  BasePage - Ending of sendKeys method
2026-02-02 10:49:42 INFO  BasePage - Ending of enterEmail method
2026-02-02 10:49:42 INFO  BasePage - Starting of enterPassword method
2026-02-02 10:49:42 INFO  BasePage - Starting of sendKeys method
2026-02-02 10:49:42 INFO  BasePage - Ending of sendKeys method
2026-02-02 10:49:42 INFO  BasePage - Ending of enterPassword method
2026-02-02 10:49:42 INFO  BasePage - Starting of clickOnRememberMe method
2026-02-02 10:49:42 INFO  BasePage - Starting of click method
2026-02-02 10:49:42 INFO  BasePage - Ending of click method
2026-02-02 10:49:42 INFO  BasePage - Ending of clickOnRememberMe method
2026-02-02 10:49:42 INFO  BasePage - Starting of clickOnLoginButton method
2026-02-02 10:49:42 INFO  BasePage - Starting of click method
2026-02-02 10:49:42 INFO  BasePage - Ending of click method
2026-02-02 10:49:42 INFO  BasePage - Ending of clickOnLoginButton method
2026-02-02 10:49:42 INFO  BaseTest - Ending of TestInvaildLogin3 method
2026-02-02 10:49:42 INFO  Listeners - Test PassedC_TestInvaildLogin3
2026-02-02 10:49:42 INFO  Listeners - Test Started  : D_testVaildLogin4
2026-02-02 10:49:42 INFO  BaseTest - Starting of testVaildLogin4 method
2026-02-02 10:49:42 INFO  BasePage - Starting of enterEmail method
2026-02-02 10:49:42 INFO  BasePage - Starting of sendKeys method
2026-02-02 10:49:42 INFO  BasePage - Ending of sendKeys method
2026-02-02 10:49:42 INFO  BasePage - Ending of enterEmail method
2026-02-02 10:49:42 INFO  BasePage - Starting of enterPassword method
2026-02-02 10:49:42 INFO  BasePage - Starting of sendKeys method
2026-02-02 10:49:42 INFO  BasePage - Ending of sendKeys method
2026-02-02 10:49:42 INFO  BasePage - Ending of enterPassword method
2026-02-02 10:49:42 INFO  BasePage - Starting of clickOnRememberMe method
2026-02-02 10:49:42 INFO  BasePage - Starting of click method
2026-02-02 10:49:42 INFO  BasePage - Ending of click method
2026-02-02 10:49:42 INFO  BasePage - Ending of clickOnRememberMe method
2026-02-02 10:49:42 INFO  BasePage - Starting of clickOnLoginButton method
2026-02-02 10:49:42 INFO  BasePage - Starting of click method
2026-02-02 10:49:42 INFO  BasePage - Ending of click method
2026-02-02 10:49:42 INFO  BasePage - Ending of clickOnLoginButton method
2026-02-02 10:49:42 INFO  BaseTest - Ending of testVaildLogin4 method
2026-02-02 10:49:42 INFO  Listeners - Test PassedD_testVaildLogin4
2026-02-02 10:49:42 INFO  BasePage - Ending of sendKeys method
2026-02-02 10:49:42 INFO  BasePage - Ending of enterEmail method
2026-02-02 10:49:42 INFO  BasePage - Starting of enterPassword method
2026-02-02 10:49:42 INFO  BasePage - Starting of sendKeys method
2026-02-02 10:49:42 INFO  BasePage - Ending of sendKeys method
2026-02-02 10:49:42 INFO  BasePage - Ending of enterPassword method
2026-02-02 10:49:42 INFO  BasePage - Starting of clickOnRememberMe method
2026-02-02 10:49:42 INFO  BasePage - Starting of click method
2026-02-02 10:49:43 INFO  BasePage - Ending of click method
2026-02-02 10:49:43 INFO  BasePage - Ending of clickOnRememberMe method
2026-02-02 10:49:43 INFO  BasePage - Starting of clickOnLoginButton method
2026-02-02 10:49:43 INFO  BasePage - Starting of click method
2026-02-02 10:49:43 INFO  BasePage - Ending of click method
2026-02-02 10:49:43 INFO  BasePage - Ending of clickOnLoginButton method
2026-02-02 10:49:43 INFO  BaseTest - Ending of setup method
2026-02-02 10:49:43 INFO  Listeners - Test Started  : A_testVaildEmployeeDetails
2026-02-02 10:49:43 INFO  BaseTest - Starting of testVaildEmployeeDetails method
2026-02-02 10:49:43 INFO  BasePage - Starting of getWelcomeToJalaAcademy method
2026-02-02 10:49:43 INFO  BasePage - Ending of getWelcomeToJalaAcademy method
2026-02-02 10:49:43 INFO  BasePage - Starting of getText method
2026-02-02 10:49:43 INFO  BasePage - Ending of getText method
2026-02-02 10:49:43 INFO  BasePage - Starting of clickOnEmployeeButton method
2026-02-02 10:49:44 INFO  BaseTest - Starting of setup method
2026-02-02 10:49:45 INFO  BasePage - Starting of click method
2026-02-02 10:49:45 INFO  BasePage - Ending of click method
2026-02-02 10:49:45 INFO  BasePage - Ending of clickOnEmployeeButton method
2026-02-02 10:49:45 INFO  BasePage - Starting of clickOnCreateButton method
2026-02-02 10:49:47 INFO  BasePage - Starting of EmployeeDetails constructor
2026-02-02 10:49:47 INFO  BasePage - Ending of EmployeeDetails constructor
2026-02-02 10:49:47 INFO  BasePage - Starting of LoginPage constructor
2026-02-02 10:49:47 INFO  BasePage - Ending of LoginPage constructor
2026-02-02 10:49:47 INFO  BasePage - Starting of click method
2026-02-02 10:49:48 INFO  BasePage - Ending of click method
2026-02-02 10:49:48 INFO  BasePage - Ending of clickOnCreateButton method
2026-02-02 10:49:48 INFO  BasePage - Starting of enterFirstName method
2026-02-02 10:49:48 INFO  BasePage - Starting of sendKeys method
2026-02-02 10:49:48 INFO  BasePage - Ending of sendKeys method
2026-02-02 10:49:48 INFO  BasePage - Ending of enterFirstName method
2026-02-02 10:49:48 INFO  BasePage - Starting of enterFirstName method
2026-02-02 10:49:48 INFO  BasePage - Starting of sendKeys method
2026-02-02 10:49:48 INFO  BasePage - Starting of enterEmail method
2026-02-02 10:49:48 INFO  BasePage - Starting of sendKeys method
2026-02-02 10:49:48 INFO  BasePage - Ending of sendKeys method
2026-02-02 10:49:48 INFO  BasePage - Ending of enterEmail method
2026-02-02 10:49:48 INFO  BasePage - Starting of enterPassword method
2026-02-02 10:49:48 INFO  BasePage - Starting of sendKeys method
2026-02-02 10:49:49 INFO  BasePage - Ending of sendKeys method
2026-02-02 10:49:49 INFO  BasePage - Ending of enterPassword method
2026-02-02 10:49:49 INFO  BasePage - Starting of clickOnRememberMe method
2026-02-02 10:49:49 INFO  BasePage - Starting of click method
2026-02-02 10:49:49 INFO  BasePage - Ending of sendKeys method
2026-02-02 10:49:49 INFO  BasePage - Ending of enterFirstName method
2026-02-02 10:49:49 INFO  BasePage - Starting of enterEmailId method
2026-02-02 10:49:49 INFO  BasePage - Starting of sendKeys method
2026-02-02 10:49:49 INFO  BasePage - Ending of click method
2026-02-02 10:49:49 INFO  BasePage - Ending of clickOnRememberMe method
2026-02-02 10:49:49 INFO  BasePage - Starting of clickOnLoginButton method
2026-02-02 10:49:49 INFO  BasePage - Starting of click method
2026-02-02 10:49:49 INFO  BasePage - Ending of click method
2026-02-02 10:49:49 INFO  BasePage - Ending of clickOnLoginButton method
2026-02-02 10:49:49 INFO  BaseTest - Ending of setup method
2026-02-02 10:49:49 INFO  Listeners - Test Started  : A_testVaildEmployeeDetails
2026-02-02 10:49:49 INFO  BaseTest - Starting of testVaildEmployeeDetails method
2026-02-02 10:49:49 INFO  BasePage - Starting of getWelcomeToJalaAcademy method
2026-02-02 10:49:49 INFO  BasePage - Ending of getWelcomeToJalaAcademy method
2026-02-02 10:49:49 INFO  BasePage - Starting of getText method
2026-02-02 10:49:49 INFO  BasePage - Ending of getText method
2026-02-02 10:49:49 INFO  BasePage - Ending of sendKeys method
2026-02-02 10:49:49 INFO  BasePage - Ending of enterEmailId method
2026-02-02 10:49:49 INFO  BasePage - Starting of enterMobileNumber method
2026-02-02 10:49:49 INFO  BasePage - Starting of sendKeys method
2026-02-02 10:49:50 INFO  BasePage - Starting of clickOnEmployeeButton method
2026-02-02 10:49:50 INFO  BasePage - Ending of sendKeys method
2026-02-02 10:49:50 INFO  BasePage - Ending of enterMobileNumber method
2026-02-02 10:49:50 INFO  BasePage - Starting of enterDateOfBirth method
2026-02-02 10:49:50 INFO  BasePage - Starting of sendKeys method
2026-02-02 10:49:50 INFO  BasePage - Ending of sendKeys method
2026-02-02 10:49:50 INFO  BasePage - Ending of enterDateOfBirth method
2026-02-02 10:49:50 INFO  BasePage - Starting of clickOnEmployeeButton method
2026-02-02 10:49:52 INFO  BasePage - Starting of click method
2026-02-02 10:49:52 INFO  BasePage - Ending of click method
2026-02-02 10:49:52 INFO  BasePage - Ending of clickOnEmployeeButton method
2026-02-02 10:49:52 INFO  BasePage - Starting of clickOnCreateButton method
2026-02-02 10:49:52 INFO  BasePage - Starting of click method
2026-02-02 10:49:52 INFO  BasePage - Ending of click method
2026-02-02 10:49:52 INFO  BasePage - Ending of clickOnEmployeeButton method
2026-02-02 10:49:52 INFO  BasePage - Starting of enterAddress method
2026-02-02 10:49:52 INFO  BasePage - Starting of sendKeys method
2026-02-02 10:49:52 INFO  BasePage - Ending of sendKeys method
2026-02-02 10:49:52 INFO  BasePage - Ending of enterAddress method
2026-02-02 10:49:52 INFO  BasePage - Starting of clickOnSelectCity method
2026-02-02 10:49:52 INFO  BasePage - Starting of click method
2026-02-02 10:49:52 INFO  BasePage - Ending of click method
2026-02-02 10:49:52 INFO  BasePage - Ending of clickOnSelectCity method
2026-02-02 10:49:52 INFO  BasePage - Starting of clickOnIndia method
2026-02-02 10:49:52 INFO  BasePage - Starting of click method
2026-02-02 10:49:52 INFO  BasePage - Ending of click method
2026-02-02 10:49:52 INFO  BasePage - Ending of clickOnIndia method
2026-02-02 10:49:54 INFO  BasePage - Starting of click method
2026-02-02 10:49:54 INFO  BasePage - Ending of click method
2026-02-02 10:49:54 INFO  BasePage - Ending of clickOnCreateButton method
2026-02-02 10:49:54 INFO  BasePage - Starting of enterFirstName method
2026-02-02 10:49:54 INFO  BasePage - Starting of sendKeys method
2026-02-02 10:49:54 INFO  BasePage - Ending of sendKeys method
2026-02-02 10:49:54 INFO  BasePage - Ending of enterFirstName method
2026-02-02 10:49:54 INFO  BasePage - Starting of enterFirstName method
2026-02-02 10:49:54 INFO  BasePage - Starting of sendKeys method
2026-02-02 10:49:54 INFO  BasePage - Ending of sendKeys method
2026-02-02 10:49:54 INFO  BasePage - Ending of enterFirstName method
2026-02-02 10:49:54 INFO  BasePage - Starting of enterEmailId method
2026-02-02 10:49:54 INFO  BasePage - Starting of sendKeys method
2026-02-02 10:49:54 INFO  BasePage - Ending of sendKeys method
2026-02-02 10:49:54 INFO  BasePage - Ending of enterEmailId method
2026-02-02 10:49:54 INFO  BasePage - Starting of enterMobileNumber method
2026-02-02 10:49:54 INFO  BasePage - Starting of sendKeys method
2026-02-02 10:49:54 INFO  BasePage - Ending of sendKeys method
2026-02-02 10:49:54 INFO  BasePage - Ending of enterMobileNumber method
2026-02-02 10:49:54 INFO  BasePage - Starting of enterDateOfBirth method
2026-02-02 10:49:54 INFO  BasePage - Starting of sendKeys method
2026-02-02 10:49:54 INFO  BasePage - Ending of sendKeys method
2026-02-02 10:49:54 INFO  BasePage - Ending of enterDateOfBirth method
2026-02-02 10:49:54 INFO  BasePage - Starting of clickOnEmployeeButton method
2026-02-02 10:49:55 INFO  BasePage - Starting of clickOnSelectCity method
2026-02-02 10:49:55 INFO  BasePage - Starting of click method
2026-02-02 10:49:55 INFO  BasePage - Ending of click method
2026-02-02 10:49:55 INFO  BasePage - Ending of clickOnSelectCity method
2026-02-02 10:49:55 INFO  BasePage - Starting of clickOnHyderabad method
2026-02-02 10:49:55 INFO  BasePage - Starting of click method
2026-02-02 10:49:55 INFO  BasePage - Ending of click method
2026-02-02 10:49:55 INFO  BasePage - Ending of clickOnHyderabad method
2026-02-02 10:49:55 INFO  BasePage - Starting of clickOnQaAutomation method
2026-02-02 10:49:55 INFO  BasePage - Starting of click method
2026-02-02 10:49:56 INFO  BasePage - Ending of click method
2026-02-02 10:49:56 INFO  BasePage - Ending of clickOnQaAutomation method
2026-02-02 10:49:56 INFO  BasePage - Starting of clickOnIndia method
2026-02-02 10:49:56 INFO  BasePage - Starting of click method
2026-02-02 10:49:56 INFO  BasePage - Ending of click method
2026-02-02 10:49:56 INFO  BasePage - Ending of clickOnIndia method
2026-02-02 10:49:56 INFO  BaseTest - Ending of testVaildEmployeeDetails method
2026-02-02 10:49:56 INFO  Listeners - Test PassedA_testVaildEmployeeDetails
2026-02-02 10:49:56 INFO  BaseTest - Starting of setup method
2026-02-02 10:49:56 INFO  BasePage - Starting of click method
2026-02-02 10:49:56 INFO  BasePage - Ending of click method
2026-02-02 10:49:56 INFO  BasePage - Ending of clickOnEmployeeButton method
2026-02-02 10:49:56 INFO  BasePage - Starting of enterAddress method
2026-02-02 10:49:56 INFO  BasePage - Starting of sendKeys method
2026-02-02 10:49:57 INFO  BasePage - Starting of LoginPage constructor
2026-02-02 10:49:57 INFO  BasePage - Ending of LoginPage constructor
2026-02-02 10:49:57 INFO  BasePage - Starting of EmployeeDetails constructor
2026-02-02 10:49:57 INFO  BasePage - Ending of EmployeeDetails constructor
2026-02-02 10:49:57 INFO  BasePage - Starting of SearchEmployee method
2026-02-02 10:49:57 INFO  BasePage - Ending of SearchEmployee method
2026-02-02 10:49:57 INFO  BasePage - Ending of sendKeys method
2026-02-02 10:49:57 INFO  BasePage - Ending of enterAddress method
2026-02-02 10:49:57 INFO  BasePage - Starting of clickOnSelectCity method
2026-02-02 10:49:57 INFO  BasePage - Starting of click method
2026-02-02 10:49:57 INFO  BasePage - Ending of click method
2026-02-02 10:49:57 INFO  BasePage - Ending of clickOnSelectCity method
2026-02-02 10:49:57 INFO  BasePage - Starting of clickOnIndia method
2026-02-02 10:49:57 INFO  BasePage - Starting of click method
2026-02-02 10:49:57 INFO  BasePage - Ending of click method
2026-02-02 10:49:57 INFO  BasePage - Ending of clickOnIndia method
2026-02-02 10:49:58 INFO  BasePage - Starting of enterEmail method
2026-02-02 10:49:58 INFO  BasePage - Starting of sendKeys method
2026-02-02 10:49:58 INFO  BasePage - Ending of sendKeys method
2026-02-02 10:49:58 INFO  BasePage - Ending of enterEmail method
2026-02-02 10:49:58 INFO  BasePage - Starting of enterPassword method
2026-02-02 10:49:58 INFO  BasePage - Starting of sendKeys method
2026-02-02 10:49:58 INFO  BasePage - Ending of sendKeys method
2026-02-02 10:49:58 INFO  BasePage - Ending of enterPassword method
2026-02-02 10:49:58 INFO  BasePage - Starting of clickOnRememberMe method
2026-02-02 10:49:58 INFO  BasePage - Starting of click method
2026-02-02 10:49:58 INFO  BasePage - Ending of click method
2026-02-02 10:49:58 INFO  BasePage - Ending of clickOnRememberMe method
2026-02-02 10:49:58 INFO  BasePage - Starting of clickOnLoginButton method
2026-02-02 10:49:58 INFO  BasePage - Starting of click method
2026-02-02 10:49:58 INFO  BasePage - Ending of click method
2026-02-02 10:49:58 INFO  BasePage - Ending of clickOnLoginButton method
2026-02-02 10:49:58 INFO  BasePage - Starting of clickOnEmployeeButton method
2026-02-02 10:50:00 INFO  BasePage - Starting of clickOnSelectCity method
2026-02-02 10:50:00 INFO  BasePage - Starting of click method
2026-02-02 10:50:00 INFO  BasePage - Ending of click method
2026-02-02 10:50:00 INFO  BasePage - Ending of clickOnSelectCity method
2026-02-02 10:50:00 INFO  BasePage - Starting of clickOnHyderabad method
2026-02-02 10:50:00 INFO  BasePage - Starting of click method
2026-02-02 10:50:00 INFO  BasePage - Starting of click method
2026-02-02 10:50:00 INFO  BasePage - Ending of click method
2026-02-02 10:50:00 INFO  BasePage - Ending of clickOnHyderabad method
2026-02-02 10:50:00 INFO  BasePage - Starting of clickOnQaAutomation method
2026-02-02 10:50:00 INFO  BasePage - Starting of click method
2026-02-02 10:50:00 INFO  BasePage - Ending of click method
2026-02-02 10:50:00 INFO  BasePage - Ending of clickOnEmployeeButton method
2026-02-02 10:50:00 INFO  BaseTest - Ending of setup method
2026-02-02 10:50:00 INFO  Listeners - Test Started  : A_testSearchEmployee
2026-02-02 10:50:00 INFO  BaseTest - Starting of testSearchEmployee method
2026-02-02 10:50:00 INFO  BasePage - Ending of click method
2026-02-02 10:50:00 INFO  BasePage - Ending of clickOnQaAutomation method
2026-02-02 10:50:00 INFO  BasePage - Starting of clickOnIndia method
2026-02-02 10:50:00 INFO  BasePage - Starting of click method
2026-02-02 10:50:00 INFO  BasePage - Ending of click method
2026-02-02 10:50:00 INFO  BasePage - Ending of clickOnIndia method
2026-02-02 10:50:00 INFO  BaseTest - Ending of testVaildEmployeeDetails method
2026-02-02 10:50:00 INFO  Listeners - Test PassedA_testVaildEmployeeDetails
2026-02-02 10:50:01 INFO  BaseTest - Starting of setup method
2026-02-02 10:50:03 INFO  BasePage - Starting of clickOnSearch method
2026-02-02 10:50:03 INFO  BasePage - Starting of click method
2026-02-02 10:50:04 INFO  BasePage - Ending of click method
2026-02-02 10:50:04 INFO  BasePage - Ending of clickOnSearch method
2026-02-02 10:50:04 INFO  BasePage - Starting of enterEmployeeName method
2026-02-02 10:50:04 INFO  BasePage - Starting of sendKeys method
2026-02-02 10:50:04 INFO  BasePage - Ending of sendKeys method
2026-02-02 10:50:04 INFO  BasePage - Ending of enterEmployeeName method
2026-02-02 10:50:04 INFO  BasePage - Starting of enterPassword method
2026-02-02 10:50:04 INFO  BasePage - Starting of sendKeys method
2026-02-02 10:50:04 INFO  BasePage - Ending of sendKeys method
2026-02-02 10:50:04 INFO  BasePage - Ending of enterPassword method
2026-02-02 10:50:04 INFO  BasePage - Starting of clickOnSearch1 method
2026-02-02 10:50:04 INFO  BasePage - Starting of click method
2026-02-02 10:50:04 INFO  BasePage - Ending of click method
2026-02-02 10:50:04 INFO  BasePage - Ending of setup method
2026-02-02 10:50:05 INFO  BasePage - Starting of LoginPage constructor
2026-02-02 10:50:05 INFO  BasePage - Ending of LoginPage constructor
2026-02-02 10:50:05 INFO  BasePage - Starting of EmployeeDetails constructor
2026-02-02 10:50:05 INFO  BasePage - Ending of EmployeeDetails constructor
2026-02-02 10:50:05 INFO  BasePage - Starting of SearchEmployee method
2026-02-02 10:50:05 INFO  BasePage - Ending of SearchEmployee method
2026-02-02 10:50:06 INFO  BasePage - Starting of enterEmail method
2026-02-02 10:50:06 INFO  BasePage - Starting of sendKeys method
2026-02-02 10:50:06 INFO  BasePage - Ending of sendKeys method
2026-02-02 10:50:06 INFO  BasePage - Ending of enterEmail method
2026-02-02 10:50:06 INFO  BasePage - Starting of enterPassword method
2026-02-02 10:50:06 INFO  BasePage - Starting of sendKeys method
2026-02-02 10:50:06 INFO  BasePage - Ending of sendKeys method
2026-02-02 10:50:06 INFO  BasePage - Ending of enterPassword method
2026-02-02 10:50:06 INFO  BasePage - Starting of clickOnRememberMe method
2026-02-02 10:50:06 INFO  BasePage - Starting of click method
2026-02-02 10:50:06 INFO  BasePage - Ending of click method
2026-02-02 10:50:06 INFO  BasePage - Ending of clickOnRememberMe method
2026-02-02 10:50:06 INFO  BasePage - Starting of clickOnLoginButton method
2026-02-02 10:50:06 INFO  BasePage - Starting of click method
2026-02-02 10:50:06 INFO  BasePage - Ending of click method
2026-02-02 10:50:06 INFO  BasePage - Ending of clickOnLoginButton method
2026-02-02 10:50:06 INFO  BasePage - Starting of clickOnEmployeeButton method
2026-02-02 10:50:07 INFO  BaseTest - Ending of testSearchEmployee method
2026-02-02 10:50:07 INFO  Listeners - Test PassedA_testSearchEmployee
2026-02-02 10:50:08 INFO  BaseTest - Starting of setup method
2026-02-02 10:50:08 INFO  BasePage - Starting of click method
2026-02-02 10:50:08 INFO  BasePage - Ending of click method
2026-02-02 10:50:08 INFO  BasePage - Ending of clickOnEmployeeButton method
2026-02-02 10:50:08 INFO  BaseTest - Ending of setup method
2026-02-02 10:50:08 INFO  Listeners - Test Started  : A_testSearchEmployee
2026-02-02 10:50:08 INFO  BaseTest - Starting of testSearchEmployee method
2026-02-02 10:50:08 INFO  BasePage - Starting of MenuPage constructor
2026-02-02 10:50:08 INFO  BasePage - Ending of MenuPage constructor
2026-02-02 10:50:08 INFO  BasePage - Starting of HomePage constructor
2026-02-02 10:50:08 INFO  BasePage - Ending of HomePage constructor
2026-02-02 10:50:08 INFO  BasePage - Starting of LoginPage constructor
2026-02-02 10:50:08 INFO  BasePage - Ending of LoginPage constructor
2026-02-02 10:50:09 INFO  BasePage - Starting of enterEmail method
2026-02-02 10:50:09 INFO  BasePage - Starting of sendKeys method
2026-02-02 10:50:10 INFO  BasePage - Ending of sendKeys method
2026-02-02 10:50:10 INFO  BasePage - Ending of enterEmail method
2026-02-02 10:50:10 INFO  BasePage - Starting of enterPassword method
2026-02-02 10:50:10 INFO  BasePage - Starting of sendKeys method
2026-02-02 10:50:10 INFO  BasePage - Ending of sendKeys method
2026-02-02 10:50:10 INFO  BasePage - Ending of enterPassword method
2026-02-02 10:50:10 INFO  BasePage - Starting of clickOnRememberMe method
2026-02-02 10:50:10 INFO  BasePage - Starting of click method
2026-02-02 10:50:10 INFO  BasePage - Ending of click method
2026-02-02 10:50:10 INFO  BasePage - Ending of clickOnRememberMe method
2026-02-02 10:50:10 INFO  BasePage - Starting of clickOnLoginButton method
2026-02-02 10:50:10 INFO  BasePage - Starting of click method
2026-02-02 10:50:10 INFO  BasePage - Ending of click method
2026-02-02 10:50:10 INFO  BasePage - Ending of clickOnLoginButton method
2026-02-02 10:50:10 INFO  BasePage - Starting of clickOnMoreButton method
2026-02-02 10:50:10 INFO  BasePage - Ending of clickOnMoreButton method
2026-02-02 10:50:11 INFO  BasePage - Starting of clickOnSearch method
2026-02-02 10:50:11 INFO  BasePage - Starting of click method
2026-02-02 10:50:12 INFO  BasePage - Ending of click method
2026-02-02 10:50:12 INFO  BasePage - Ending of clickOnSearch method
2026-02-02 10:50:12 INFO  BasePage - Starting of enterEmployeeName method
2026-02-02 10:50:12 INFO  BasePage - Starting of sendKeys method
2026-02-02 10:50:12 INFO  BasePage - Ending of sendKeys method
2026-02-02 10:50:12 INFO  BasePage - Ending of enterEmployeeName method
2026-02-02 10:50:12 INFO  BasePage - Starting of enterPassword method
2026-02-02 10:50:12 INFO  BasePage - Starting of sendKeys method
2026-02-02 10:50:12 INFO  BasePage - Ending of sendKeys method
2026-02-02 10:50:12 INFO  BasePage - Ending of enterPassword method
2026-02-02 10:50:12 INFO  BasePage - Starting of clickOnSearch1 method
2026-02-02 10:50:12 INFO  BasePage - Starting of click method
2026-02-02 10:50:12 INFO  BasePage - Ending of click method
2026-02-02 10:50:12 INFO  BasePage - Ending of setup method
2026-02-02 10:50:13 INFO  BasePage - Starting of clickOnMenuButton method
2026-02-02 10:50:13 INFO  BasePage - Starting of click method
2026-02-02 10:50:14 INFO  BasePage - Ending of click method
2026-02-02 10:50:14 INFO  BasePage - Ending of clickOnMenuButton method
2026-02-02 10:50:14 INFO  BaseTest - Ending of setup method
2026-02-02 10:50:14 INFO  Listeners - Test Started  : A_testMenu
2026-02-02 10:50:14 INFO  BaseTest - Starting of testMenu method
2026-02-02 10:50:14 INFO  BasePage - Starting of clickOnSubMenuButton method
2026-02-02 10:50:14 INFO  BasePage - Starting of click method
2026-02-02 10:50:14 INFO  BasePage - Ending of click method
2026-02-02 10:50:14 INFO  BasePage - Ending of clickOnSubMenuButton method
2026-02-02 10:50:14 INFO  BaseTest - Ending of testMenu method
2026-02-02 10:50:14 INFO  Listeners - Test PassedA_testMenu
2026-02-02 10:50:14 INFO  BaseTest - Starting of setup method
2026-02-02 10:50:15 INFO  BasePage - Starting of IframePage constructor
2026-02-02 10:50:15 INFO  BasePage - Ending of IframePage constructor
2026-02-02 10:50:15 INFO  BasePage - Starting of HomePage constructor
2026-02-02 10:50:15 INFO  BasePage - Ending of HomePage constructor
2026-02-02 10:50:15 INFO  BasePage - Starting of LoginPage constructor
2026-02-02 10:50:15 INFO  BasePage - Ending of LoginPage constructor
2026-02-02 10:50:15 INFO  BaseTest - Ending of testSearchEmployee method
2026-02-02 10:50:15 INFO  Listeners - Test PassedA_testSearchEmployee
2026-02-02 10:50:16 INFO  BasePage - Starting of enterEmail method
2026-02-02 10:50:16 INFO  BasePage - Starting of sendKeys method
2026-02-02 10:50:16 INFO  BasePage - Ending of sendKeys method
2026-02-02 10:50:16 INFO  BasePage - Ending of enterEmail method
2026-02-02 10:50:16 INFO  BasePage - Starting of enterPassword method
2026-02-02 10:50:16 INFO  BasePage - Starting of sendKeys method
2026-02-02 10:50:16 INFO  BasePage - Ending of sendKeys method
2026-02-02 10:50:16 INFO  BasePage - Ending of enterPassword method
2026-02-02 10:50:16 INFO  BasePage - Starting of clickOnRememberMe method
2026-02-02 10:50:16 INFO  BasePage - Starting of click method
2026-02-02 10:50:16 INFO  BasePage - Ending of click method
2026-02-02 10:50:16 INFO  BasePage - Ending of clickOnRememberMe method
2026-02-02 10:50:16 INFO  BasePage - Starting of clickOnLoginButton method
2026-02-02 10:50:16 INFO  BasePage - Starting of click method
2026-02-02 10:50:16 INFO  BasePage - Ending of click method
2026-02-02 10:50:16 INFO  BasePage - Ending of clickOnLoginButton method
2026-02-02 10:50:16 INFO  BasePage - Starting of clickOnMoreButton method
2026-02-02 10:50:16 INFO  BaseTest - Starting of setup method
2026-02-02 10:50:17 INFO  BasePage - Ending of clickOnMoreButton method
2026-02-02 10:50:20 INFO  BasePage - Starting of clickOnMenuButton method
2026-02-02 10:50:20 INFO  BasePage - Starting of click method
2026-02-02 10:50:20 INFO  BasePage - Starting of MenuPage constructor
2026-02-02 10:50:20 INFO  BasePage - Ending of MenuPage constructor
2026-02-02 10:50:20 INFO  BasePage - Starting of HomePage constructor
2026-02-02 10:50:20 INFO  BasePage - Ending of HomePage constructor
2026-02-02 10:50:20 INFO  BasePage - Starting of LoginPage constructor
2026-02-02 10:50:20 INFO  BasePage - Ending of LoginPage constructor
2026-02-02 10:50:20 INFO  BasePage - Ending of click method
2026-02-02 10:50:20 INFO  BasePage - Ending of clickOnMenuButton method
2026-02-02 10:50:20 INFO  BasePage - Starting of clickOnIframeButton method
2026-02-02 10:50:20 INFO  BasePage - Starting of click method
2026-02-02 10:50:21 INFO  BasePage - Ending of click method
2026-02-02 10:50:21 INFO  BasePage - Ending of clickOnIframeButton method
2026-02-02 10:50:21 INFO  BaseTest - Ending of setup method
2026-02-02 10:50:21 INFO  Listeners - Test Started  : A_testIframe
2026-02-02 10:50:21 INFO  BaseTest - Starting of testIframe method
2026-02-02 10:50:21 INFO  BasePage - Starting of getFrameOneText method
2026-02-02 10:50:21 INFO  BasePage - Ending of getFrameOneText method
2026-02-02 10:50:21 INFO  BasePage - Starting of getText method
2026-02-02 10:50:21 INFO  BasePage - Ending of getText method
2026-02-02 10:50:21 INFO  BasePage - Starting of getFrameTwoText method
2026-02-02 10:50:21 INFO  BasePage - Ending of getFrameTwoText method
2026-02-02 10:50:21 INFO  BasePage - Starting of getText method
2026-02-02 10:50:21 INFO  BasePage - Ending of getText method
2026-02-02 10:50:21 INFO  BasePage - Starting of enterEmail method
2026-02-02 10:50:21 INFO  BasePage - Starting of sendKeys method
2026-02-02 10:50:21 INFO  BasePage - Starting of getWelcomeToJalaAcademyText method
2026-02-02 10:50:21 INFO  BasePage - Ending of getWelcomeToJalaAcademyText method
2026-02-02 10:50:21 INFO  BasePage - Starting of getText method
2026-02-02 10:50:21 INFO  BasePage - Ending of getText method
2026-02-02 10:50:21 INFO  BasePage - Ending of sendKeys method
2026-02-02 10:50:21 INFO  BasePage - Ending of enterEmail method
2026-02-02 10:50:21 INFO  BasePage - Starting of enterPassword method
2026-02-02 10:50:21 INFO  BasePage - Starting of sendKeys method
2026-02-02 10:50:21 INFO  BaseTest - Ending of testIframe method
2026-02-02 10:50:21 INFO  Listeners - Test PassedA_testIframe
2026-02-02 10:50:22 INFO  BasePage - Ending of sendKeys method
2026-02-02 10:50:22 INFO  BasePage - Ending of enterPassword method
2026-02-02 10:50:22 INFO  BasePage - Starting of clickOnRememberMe method
2026-02-02 10:50:22 INFO  BasePage - Starting of click method
2026-02-02 10:50:22 INFO  BasePage - Ending of click method
2026-02-02 10:50:22 INFO  BasePage - Ending of clickOnRememberMe method
2026-02-02 10:50:22 INFO  BasePage - Starting of clickOnLoginButton method
2026-02-02 10:50:22 INFO  BasePage - Starting of click method
2026-02-02 10:50:22 INFO  BaseTest - Starting of setup method
2026-02-02 10:50:22 INFO  BasePage - Ending of click method
2026-02-02 10:50:22 INFO  BasePage - Ending of clickOnLoginButton method
2026-02-02 10:50:22 INFO  BasePage - Starting of clickOnMoreButton method
2026-02-02 10:50:23 INFO  BasePage - Ending of clickOnMoreButton method
2026-02-02 10:50:23 INFO  BasePage - Starting of ImagesPage constructor
2026-02-02 10:50:23 INFO  BasePage - Ending of ImagesPage constructor
2026-02-02 10:50:23 INFO  BasePage - Starting of HomePage constructor
2026-02-02 10:50:23 INFO  BasePage - Ending of HomePage constructor
2026-02-02 10:50:23 INFO  BasePage - Starting of LoginPage constructor
2026-02-02 10:50:23 INFO  BasePage - Ending of LoginPage constructor
2026-02-02 10:50:24 INFO  BasePage - Starting of enterEmail method
2026-02-02 10:50:24 INFO  BasePage - Starting of sendKeys method
2026-02-02 10:50:24 INFO  BasePage - Ending of sendKeys method
2026-02-02 10:50:24 INFO  BasePage - Ending of enterEmail method
2026-02-02 10:50:24 INFO  BasePage - Starting of enterPassword method
2026-02-02 10:50:24 INFO  BasePage - Starting of sendKeys method
2026-02-02 10:50:25 INFO  BasePage - Ending of sendKeys method
2026-02-02 10:50:25 INFO  BasePage - Ending of enterPassword method
2026-02-02 10:50:25 INFO  BasePage - Starting of clickOnRememberMe method
2026-02-02 10:50:25 INFO  BasePage - Starting of click method
2026-02-02 10:50:25 INFO  BasePage - Ending of click method
2026-02-02 10:50:25 INFO  BasePage - Ending of clickOnRememberMe method
2026-02-02 10:50:25 INFO  BasePage - Starting of clickOnLoginButton method
2026-02-02 10:50:25 INFO  BasePage - Starting of click method
2026-02-02 10:50:25 INFO  BasePage - Ending of click method
2026-02-02 10:50:25 INFO  BasePage - Ending of clickOnLoginButton method
2026-02-02 10:50:25 INFO  BasePage - Starting of clickOnMoreButton method
2026-02-02 10:50:25 INFO  BasePage - Ending of clickOnMoreButton method
2026-02-02 10:50:26 INFO  BasePage - Starting of clickOnMenuButton method
2026-02-02 10:50:26 INFO  BasePage - Starting of click method
2026-02-02 10:50:26 INFO  BasePage - Ending of click method
2026-02-02 10:50:26 INFO  BasePage - Ending of clickOnMenuButton method
2026-02-02 10:50:26 INFO  BaseTest - Ending of setup method
2026-02-02 10:50:26 INFO  Listeners - Test Started  : A_testMenu
2026-02-02 10:50:26 INFO  BaseTest - Starting of testMenu method
2026-02-02 10:50:26 INFO  BasePage - Starting of clickOnSubMenuButton method
2026-02-02 10:50:26 INFO  BasePage - Starting of click method
2026-02-02 10:50:26 INFO  BasePage - Ending of click method
2026-02-02 10:50:26 INFO  BasePage - Ending of clickOnSubMenuButton method
2026-02-02 10:50:26 INFO  BaseTest - Ending of testMenu method
2026-02-02 10:50:26 INFO  Listeners - Test PassedA_testMenu
2026-02-02 10:50:27 INFO  BaseTest - Starting of setup method
2026-02-02 10:50:28 INFO  BasePage - Starting of clickOnImageButton method
2026-02-02 10:50:28 INFO  BasePage - Starting of click method
2026-02-02 10:50:28 INFO  BasePage - Ending of click method
2026-02-02 10:50:28 INFO  BasePage - Ending of clickOnImageButton method
2026-02-02 10:50:28 INFO  BaseTest - Ending of setup method
2026-02-02 10:50:28 INFO  Listeners - Test Started  : A_testUploadImages
2026-02-02 10:50:28 INFO  BaseTest - Starting of testUploadImages method
2026-02-02 10:50:28 INFO  BasePage - Starting of uploadImage method
2026-02-02 10:50:28 INFO  BasePage - Starting of sendKeys method
2026-02-02 10:50:29 INFO  BasePage - Ending of sendKeys method
2026-02-02 10:50:29 INFO  BasePage - Ending of uploadImage method
2026-02-02 10:50:30 INFO  BasePage - Starting of IframePage constructor
2026-02-02 10:50:30 INFO  BasePage - Ending of IframePage constructor
2026-02-02 10:50:30 INFO  BasePage - Starting of HomePage constructor
2026-02-02 10:50:30 INFO  BasePage - Ending of HomePage constructor
2026-02-02 10:50:30 INFO  BasePage - Starting of LoginPage constructor
2026-02-02 10:50:30 INFO  BasePage - Ending of LoginPage constructor
2026-02-02 10:50:31 INFO  BasePage - Starting of clickOnUploadButton method
2026-02-02 10:50:31 INFO  BasePage - Starting of click method
2026-02-02 10:50:31 INFO  BasePage - Ending of click method
2026-02-02 10:50:31 INFO  BasePage - Ending of clickOnUploadButton method
2026-02-02 10:50:31 INFO  BasePage - Starting of getImageLabel method
2026-02-02 10:50:31 INFO  BasePage - Ending of getImageLabel method
2026-02-02 10:50:31 INFO  BasePage - Starting of getText method
2026-02-02 10:50:31 INFO  BasePage - Ending of getText method
2026-02-02 10:50:31 INFO  BaseTest - Ending of testUploadImages method
2026-02-02 10:50:31 INFO  Listeners - Test PassedA_testUploadImages
2026-02-02 10:50:31 INFO  BasePage - Starting of enterEmail method
2026-02-02 10:50:31 INFO  BasePage - Starting of sendKeys method
2026-02-02 10:50:32 INFO  BasePage - Ending of sendKeys method
2026-02-02 10:50:32 INFO  BasePage - Ending of enterEmail method
2026-02-02 10:50:32 INFO  BasePage - Starting of enterPassword method
2026-02-02 10:50:32 INFO  BasePage - Starting of sendKeys method
2026-02-02 10:50:32 INFO  BasePage - Ending of sendKeys method
2026-02-02 10:50:32 INFO  BasePage - Ending of enterPassword method
2026-02-02 10:50:32 INFO  BasePage - Starting of clickOnRememberMe method
2026-02-02 10:50:32 INFO  BasePage - Starting of click method
2026-02-02 10:50:32 INFO  BasePage - Ending of click method
2026-02-02 10:50:32 INFO  BasePage - Ending of clickOnRememberMe method
2026-02-02 10:50:32 INFO  BasePage - Starting of clickOnLoginButton method
2026-02-02 10:50:32 INFO  BasePage - Starting of click method
2026-02-02 10:50:32 INFO  BasePage - Ending of click method
2026-02-02 10:50:32 INFO  BasePage - Ending of clickOnLoginButton method
2026-02-02 10:50:32 INFO  BasePage - Starting of clickOnMoreButton method
2026-02-02 10:50:32 INFO  BasePage - Ending of clickOnMoreButton method
2026-02-02 10:50:35 INFO  BasePage - Starting of clickOnMenuButton method
2026-02-02 10:50:35 INFO  BasePage - Starting of click method
2026-02-02 10:50:36 INFO  BasePage - Ending of click method
2026-02-02 10:50:36 INFO  BasePage - Ending of clickOnMenuButton method
2026-02-02 10:50:36 INFO  BasePage - Starting of clickOnIframeButton method
2026-02-02 10:50:36 INFO  BasePage - Starting of click method
2026-02-02 10:50:36 INFO  BasePage - Ending of click method
2026-02-02 10:50:36 INFO  BasePage - Ending of clickOnIframeButton method
2026-02-02 10:50:36 INFO  BaseTest - Ending of setup method
2026-02-02 10:50:36 INFO  Listeners - Test Started  : A_testIframe
2026-02-02 10:50:36 INFO  BaseTest - Starting of testIframe method
2026-02-02 10:50:36 INFO  BasePage - Starting of getFrameOneText method
2026-02-02 10:50:36 INFO  BasePage - Ending of getFrameOneText method
2026-02-02 10:50:36 INFO  BasePage - Starting of getText method
2026-02-02 10:50:36 INFO  BasePage - Ending of getText method
2026-02-02 10:50:36 INFO  BasePage - Starting of getFrameTwoText method
2026-02-02 10:50:36 INFO  BasePage - Ending of getFrameTwoText method
2026-02-02 10:50:36 INFO  BasePage - Starting of getText method
2026-02-02 10:50:36 INFO  BasePage - Ending of getText method
2026-02-02 10:50:36 INFO  BasePage - Starting of getWelcomeToJalaAcademyText method
2026-02-02 10:50:36 INFO  BasePage - Ending of getWelcomeToJalaAcademyText method
2026-02-02 10:50:36 INFO  BasePage - Starting of getText method
2026-02-02 10:50:36 INFO  BasePage - Ending of getText method
2026-02-02 10:50:36 INFO  BaseTest - Ending of testIframe method
2026-02-02 10:50:36 INFO  Listeners - Test PassedA_testIframe
2026-02-02 10:50:37 INFO  BaseTest - Starting of setup method
2026-02-02 10:50:40 INFO  BasePage - Starting of ImagesPage constructor
2026-02-02 10:50:40 INFO  BasePage - Ending of ImagesPage constructor
2026-02-02 10:50:40 INFO  BasePage - Starting of HomePage constructor
2026-02-02 10:50:40 INFO  BasePage - Ending of HomePage constructor
2026-02-02 10:50:40 INFO  BasePage - Starting of LoginPage constructor
2026-02-02 10:50:40 INFO  BasePage - Ending of LoginPage constructor
2026-02-02 10:50:41 INFO  BasePage - Starting of enterEmail method
2026-02-02 10:50:41 INFO  BasePage - Starting of sendKeys method
2026-02-02 10:50:41 INFO  BasePage - Ending of sendKeys method
2026-02-02 10:50:41 INFO  BasePage - Ending of enterEmail method
2026-02-02 10:50:41 INFO  BasePage - Starting of enterPassword method
2026-02-02 10:50:41 INFO  BasePage - Starting of sendKeys method
2026-02-02 10:50:41 INFO  BasePage - Ending of sendKeys method
2026-02-02 10:50:41 INFO  BasePage - Ending of enterPassword method
2026-02-02 10:50:41 INFO  BasePage - Starting of clickOnRememberMe method
2026-02-02 10:50:41 INFO  BasePage - Starting of click method
2026-02-02 10:50:41 INFO  BasePage - Ending of click method
2026-02-02 10:50:41 INFO  BasePage - Ending of clickOnRememberMe method
2026-02-02 10:50:41 INFO  BasePage - Starting of clickOnLoginButton method
2026-02-02 10:50:41 INFO  BasePage - Starting of click method
2026-02-02 10:50:41 INFO  BasePage - Ending of click method
2026-02-02 10:50:41 INFO  BasePage - Ending of clickOnLoginButton method
2026-02-02 10:50:41 INFO  BasePage - Starting of clickOnMoreButton method
2026-02-02 10:50:42 INFO  BasePage - Ending of clickOnMoreButton method
2026-02-02 10:50:45 INFO  BasePage - Starting of clickOnImageButton method
2026-02-02 10:50:45 INFO  BasePage - Starting of click method
2026-02-02 10:50:45 INFO  BasePage - Ending of click method
2026-02-02 10:50:45 INFO  BasePage - Ending of clickOnImageButton method
2026-02-02 10:50:45 INFO  BaseTest - Ending of setup method
2026-02-02 10:50:45 INFO  Listeners - Test Started  : A_testUploadImages
2026-02-02 10:50:45 INFO  BaseTest - Starting of testUploadImages method
2026-02-02 10:50:45 INFO  BasePage - Starting of uploadImage method
2026-02-02 10:50:45 INFO  BasePage - Starting of sendKeys method
2026-02-02 10:50:45 INFO  BasePage - Ending of sendKeys method
2026-02-02 10:50:45 INFO  BasePage - Ending of uploadImage method
2026-02-02 10:50:47 INFO  BasePage - Starting of clickOnUploadButton method
2026-02-02 10:50:47 INFO  BasePage - Starting of click method
2026-02-02 10:50:47 INFO  BasePage - Ending of click method
2026-02-02 10:50:47 INFO  BasePage - Ending of clickOnUploadButton method
2026-02-02 10:50:47 INFO  BasePage - Starting of getImageLabel method
2026-02-02 10:50:47 INFO  BasePage - Ending of getImageLabel method
2026-02-02 10:50:47 INFO  BasePage - Starting of getText method
2026-02-02 10:50:47 INFO  BasePage - Ending of getText method
2026-02-02 10:50:47 INFO  BaseTest - Ending of testUploadImages method
2026-02-02 10:50:47 INFO  Listeners - Test PassedA_testUploadImages
2026-02-02 11:07:49 INFO  BaseTest - Starting of setup method
2026-02-02 11:07:49 INFO  BaseTest - Starting of setup method
2026-02-02 11:07:52 INFO  BasePage - Starting of LoginPage constructor
2026-02-02 11:07:52 INFO  BasePage - Ending of LoginPage constructor
2026-02-02 11:07:55 INFO  BaseTest - Ending of setup method
2026-02-02 11:07:55 INFO  BasePage - Starting of LoginPage constructor
2026-02-02 11:07:55 INFO  BasePage - Ending of LoginPage constructor
2026-02-02 11:07:55 INFO  Listeners - Test Started  : A_TestInvaildLogin
2026-02-02 11:07:55 INFO  BaseTest - Starting of TestInvaildLogin method
2026-02-02 11:07:55 INFO  BasePage - Starting of enterEmail method
2026-02-02 11:07:55 INFO  BasePage - Starting of sendKeys method
2026-02-02 11:07:56 INFO  BasePage - Ending of sendKeys method
2026-02-02 11:07:56 INFO  BasePage - Ending of enterEmail method
2026-02-02 11:07:56 INFO  BasePage - Starting of enterPassword method
2026-02-02 11:07:56 INFO  BasePage - Starting of sendKeys method
2026-02-02 11:07:56 INFO  BasePage - Ending of sendKeys method
2026-02-02 11:07:56 INFO  BasePage - Ending of enterPassword method
2026-02-02 11:07:56 INFO  BasePage - Starting of clickOnRememberMe method
2026-02-02 11:07:56 INFO  BasePage - Starting of click method
2026-02-02 11:07:56 INFO  BasePage - Ending of click method
2026-02-02 11:07:56 INFO  BasePage - Ending of clickOnRememberMe method
2026-02-02 11:07:56 INFO  BasePage - Starting of clickOnLoginButton method
2026-02-02 11:07:56 INFO  BasePage - Starting of click method
2026-02-02 11:07:56 INFO  BaseTest - Ending of setup method
2026-02-02 11:07:56 INFO  Listeners - Test Started  : A_TestInvaildLogin
2026-02-02 11:07:56 INFO  BaseTest - Starting of TestInvaildLogin method
2026-02-02 11:07:56 INFO  BasePage - Starting of enterEmail method
2026-02-02 11:07:56 INFO  BasePage - Starting of sendKeys method
2026-02-02 11:07:57 INFO  BasePage - Ending of click method
2026-02-02 11:07:57 INFO  BasePage - Ending of clickOnLoginButton method
2026-02-02 11:07:57 INFO  BaseTest - Ending of TestInvaildLogin method
2026-02-02 11:07:57 INFO  Listeners - Test PassedA_TestInvaildLogin
2026-02-02 11:07:57 INFO  BasePage - Ending of sendKeys method
2026-02-02 11:07:57 INFO  BasePage - Ending of enterEmail method
2026-02-02 11:07:57 INFO  BasePage - Starting of enterPassword method
2026-02-02 11:07:57 INFO  BasePage - Starting of sendKeys method
2026-02-02 11:07:57 INFO  BasePage - Ending of sendKeys method
2026-02-02 11:07:57 INFO  BasePage - Ending of enterPassword method
2026-02-02 11:07:57 INFO  BasePage - Starting of clickOnRememberMe method
2026-02-02 11:07:57 INFO  BasePage - Starting of click method
2026-02-02 11:07:57 INFO  BasePage - Ending of click method
2026-02-02 11:07:57 INFO  BasePage - Ending of clickOnRememberMe method
2026-02-02 11:07:57 INFO  BasePage - Starting of clickOnLoginButton method
2026-02-02 11:07:57 INFO  BasePage - Starting of click method
2026-02-02 11:07:57 INFO  Listeners - Test Started  : B_TestInvaildLogin2
2026-02-02 11:07:57 INFO  BaseTest - Starting of TestInvaildLogin2 method
2026-02-02 11:07:57 INFO  BasePage - Starting of enterEmail method
2026-02-02 11:07:57 INFO  BasePage - Starting of sendKeys method
2026-02-02 11:07:57 INFO  BasePage - Ending of click method
2026-02-02 11:07:57 INFO  BasePage - Ending of clickOnLoginButton method
2026-02-02 11:07:57 INFO  BaseTest - Ending of TestInvaildLogin method
2026-02-02 11:07:57 INFO  Listeners - Test PassedA_TestInvaildLogin
2026-02-02 11:07:57 INFO  Listeners - Test Started  : B_TestInvaildLogin2
2026-02-02 11:07:57 INFO  BaseTest - Starting of TestInvaildLogin2 method
2026-02-02 11:07:57 INFO  BasePage - Starting of enterEmail method
2026-02-02 11:07:57 INFO  BasePage - Starting of sendKeys method
2026-02-02 11:07:58 INFO  BasePage - Ending of sendKeys method
2026-02-02 11:07:58 INFO  BasePage - Ending of enterEmail method
2026-02-02 11:07:58 INFO  BasePage - Starting of enterPassword method
2026-02-02 11:07:58 INFO  BasePage - Starting of sendKeys method
2026-02-02 11:07:58 INFO  BasePage - Ending of sendKeys method
2026-02-02 11:07:58 INFO  BasePage - Ending of enterPassword method
2026-02-02 11:07:58 INFO  BasePage - Starting of clickOnRememberMe method
2026-02-02 11:07:58 INFO  BasePage - Starting of click method
2026-02-02 11:07:58 INFO  BasePage - Ending of click method
2026-02-02 11:07:58 INFO  BasePage - Ending of clickOnRememberMe method
2026-02-02 11:07:58 INFO  BasePage - Starting of clickOnLoginButton method
2026-02-02 11:07:58 INFO  BasePage - Starting of click method
2026-02-02 11:07:58 INFO  BasePage - Ending of sendKeys method
2026-02-02 11:07:58 INFO  BasePage - Ending of enterEmail method
2026-02-02 11:07:58 INFO  BasePage - Starting of enterPassword method
2026-02-02 11:07:58 INFO  BasePage - Starting of sendKeys method
2026-02-02 11:07:58 INFO  BasePage - Ending of click method
2026-02-02 11:07:58 INFO  BasePage - Ending of clickOnLoginButton method
2026-02-02 11:07:58 INFO  BaseTest - Ending of TestInvaildLogin2 method
2026-02-02 11:07:58 INFO  Listeners - Test PassedB_TestInvaildLogin2
2026-02-02 11:07:58 INFO  Listeners - Test Started  : C_TestInvaildLogin3
2026-02-02 11:07:58 INFO  BaseTest - Starting of TestInvaildLogin3 method
2026-02-02 11:07:58 INFO  BasePage - Starting of enterEmail method
2026-02-02 11:07:58 INFO  BasePage - Starting of sendKeys method
2026-02-02 11:07:58 INFO  BasePage - Ending of sendKeys method
2026-02-02 11:07:58 INFO  BasePage - Ending of enterPassword method
2026-02-02 11:07:58 INFO  BasePage - Starting of clickOnRememberMe method
2026-02-02 11:07:58 INFO  BasePage - Starting of click method
2026-02-02 11:07:58 INFO  BasePage - Ending of sendKeys method
2026-02-02 11:07:58 INFO  BasePage - Ending of enterEmail method
2026-02-02 11:07:58 INFO  BasePage - Starting of enterPassword method
2026-02-02 11:07:58 INFO  BasePage - Starting of sendKeys method
2026-02-02 11:07:58 INFO  BasePage - Ending of sendKeys method
2026-02-02 11:07:58 INFO  BasePage - Ending of enterPassword method
2026-02-02 11:07:58 INFO  BasePage - Starting of clickOnRememberMe method
2026-02-02 11:07:58 INFO  BasePage - Starting of click method
2026-02-02 11:07:58 INFO  BasePage - Ending of click method
2026-02-02 11:07:58 INFO  BasePage - Ending of clickOnRememberMe method
2026-02-02 11:07:58 INFO  BasePage - Starting of clickOnLoginButton method
2026-02-02 11:07:58 INFO  BasePage - Starting of click method
2026-02-02 11:07:58 INFO  BasePage - Ending of click method
2026-02-02 11:07:58 INFO  BasePage - Ending of clickOnRememberMe method
2026-02-02 11:07:58 INFO  BasePage - Starting of clickOnLoginButton method
2026-02-02 11:07:58 INFO  BasePage - Starting of click method
2026-02-02 11:07:58 INFO  BasePage - Ending of click method
2026-02-02 11:07:58 INFO  BasePage - Ending of clickOnLoginButton method
2026-02-02 11:07:58 INFO  BaseTest - Ending of TestInvaildLogin2 method
2026-02-02 11:07:58 INFO  Listeners - Test PassedB_TestInvaildLogin2
2026-02-02 11:07:58 INFO  Listeners - Test Started  : C_TestInvaildLogin3
2026-02-02 11:07:58 INFO  BaseTest - Starting of TestInvaildLogin3 method
2026-02-02 11:07:58 INFO  BasePage - Ending of click method
2026-02-02 11:07:58 INFO  BasePage - Starting of enterEmail method
2026-02-02 11:07:58 INFO  BasePage - Ending of clickOnLoginButton method
2026-02-02 11:07:58 INFO  BasePage - Starting of sendKeys method
2026-02-02 11:07:58 INFO  BaseTest - Ending of TestInvaildLogin3 method
2026-02-02 11:07:58 INFO  Listeners - Test PassedC_TestInvaildLogin3
2026-02-02 11:07:58 INFO  Listeners - Test Started  : D_testVaildLogin4
2026-02-02 11:07:58 INFO  BaseTest - Starting of testVaildLogin4 method
2026-02-02 11:07:58 INFO  BasePage - Starting of enterEmail method
2026-02-02 11:07:58 INFO  BasePage - Starting of sendKeys method
2026-02-02 11:07:58 INFO  BasePage - Ending of sendKeys method
2026-02-02 11:07:58 INFO  BasePage - Ending of enterEmail method
2026-02-02 11:07:58 INFO  BasePage - Starting of enterPassword method
2026-02-02 11:07:58 INFO  BasePage - Starting of sendKeys method
2026-02-02 11:07:58 INFO  BasePage - Ending of sendKeys method
2026-02-02 11:07:58 INFO  BasePage - Ending of enterPassword method
2026-02-02 11:07:58 INFO  BasePage - Starting of clickOnRememberMe method
2026-02-02 11:07:58 INFO  BasePage - Starting of click method
2026-02-02 11:07:58 INFO  BasePage - Ending of sendKeys method
2026-02-02 11:07:58 INFO  BasePage - Ending of enterEmail method
2026-02-02 11:07:58 INFO  BasePage - Starting of enterPassword method
2026-02-02 11:07:58 INFO  BasePage - Starting of sendKeys method
2026-02-02 11:07:58 INFO  BasePage - Ending of click method
2026-02-02 11:07:58 INFO  BasePage - Ending of clickOnRememberMe method
2026-02-02 11:07:58 INFO  BasePage - Starting of clickOnLoginButton method
2026-02-02 11:07:58 INFO  BasePage - Starting of click method
2026-02-02 11:07:58 INFO  BasePage - Ending of sendKeys method
2026-02-02 11:07:58 INFO  BasePage - Ending of enterPassword method
2026-02-02 11:07:58 INFO  BasePage - Starting of clickOnRememberMe method
2026-02-02 11:07:58 INFO  BasePage - Starting of click method
2026-02-02 11:07:58 INFO  BasePage - Ending of click method
2026-02-02 11:07:58 INFO  BasePage - Ending of clickOnLoginButton method
2026-02-02 11:07:58 INFO  BaseTest - Ending of testVaildLogin4 method
2026-02-02 11:07:58 INFO  Listeners - Test PassedD_testVaildLogin4
2026-02-02 11:07:59 INFO  BasePage - Ending of click method
2026-02-02 11:07:59 INFO  BasePage - Ending of clickOnRememberMe method
2026-02-02 11:07:59 INFO  BasePage - Starting of clickOnLoginButton method
2026-02-02 11:07:59 INFO  BasePage - Starting of click method
2026-02-02 11:07:59 INFO  BasePage - Ending of click method
2026-02-02 11:07:59 INFO  BasePage - Ending of clickOnLoginButton method
2026-02-02 11:07:59 INFO  BaseTest - Ending of TestInvaildLogin3 method
2026-02-02 11:07:59 INFO  Listeners - Test PassedC_TestInvaildLogin3
2026-02-02 11:07:59 INFO  Listeners - Test Started  : D_testVaildLogin4
2026-02-02 11:07:59 INFO  BaseTest - Starting of testVaildLogin4 method
2026-02-02 11:07:59 INFO  BasePage - Starting of enterEmail method
2026-02-02 11:07:59 INFO  BasePage - Starting of sendKeys method
2026-02-02 11:07:59 INFO  BasePage - Ending of sendKeys method
2026-02-02 11:07:59 INFO  BasePage - Ending of enterEmail method
2026-02-02 11:07:59 INFO  BasePage - Starting of enterPassword method
2026-02-02 11:07:59 INFO  BasePage - Starting of sendKeys method
2026-02-02 11:07:59 INFO  BasePage - Ending of sendKeys method
2026-02-02 11:07:59 INFO  BasePage - Ending of enterPassword method
2026-02-02 11:07:59 INFO  BasePage - Starting of clickOnRememberMe method
2026-02-02 11:07:59 INFO  BasePage - Starting of click method
2026-02-02 11:07:59 INFO  BasePage - Ending of click method
2026-02-02 11:07:59 INFO  BasePage - Ending of clickOnRememberMe method
2026-02-02 11:07:59 INFO  BasePage - Starting of clickOnLoginButton method
2026-02-02 11:07:59 INFO  BasePage - Starting of click method
2026-02-02 11:07:59 INFO  BasePage - Ending of click method
2026-02-02 11:07:59 INFO  BasePage - Ending of clickOnLoginButton method
2026-02-02 11:07:59 INFO  BaseTest - Ending of testVaildLogin4 method
2026-02-02 11:07:59 INFO  Listeners - Test PassedD_testVaildLogin4
2026-02-02 11:07:59 INFO  BaseTest - Starting of setup method
2026-02-02 11:08:00 INFO  BasePage - Starting of EmployeeDetails constructor
2026-02-02 11:08:00 INFO  BasePage - Ending of EmployeeDetails constructor
2026-02-02 11:08:00 INFO  BasePage - Starting of LoginPage constructor
2026-02-02 11:08:00 INFO  BasePage - Ending of LoginPage constructor
2026-02-02 11:08:00 INFO  BaseTest - Starting of setup method
2026-02-02 11:08:01 INFO  BasePage - Starting of enterEmail method
2026-02-02 11:08:01 INFO  BasePage - Starting of sendKeys method
2026-02-02 11:08:02 INFO  BasePage - Ending of sendKeys method
2026-02-02 11:08:02 INFO  BasePage - Ending of enterEmail method
2026-02-02 11:08:02 INFO  BasePage - Starting of enterPassword method
2026-02-02 11:08:02 INFO  BasePage - Starting of sendKeys method
2026-02-02 11:08:02 INFO  BasePage - Ending of sendKeys method
2026-02-02 11:08:02 INFO  BasePage - Ending of enterPassword method
2026-02-02 11:08:02 INFO  BasePage - Starting of clickOnRememberMe method
2026-02-02 11:08:02 INFO  BasePage - Starting of click method
2026-02-02 11:08:02 INFO  BasePage - Ending of click method
2026-02-02 11:08:02 INFO  BasePage - Ending of clickOnRememberMe method
2026-02-02 11:08:02 INFO  BasePage - Starting of clickOnLoginButton method
2026-02-02 11:08:02 INFO  BasePage - Starting of click method
2026-02-02 11:08:02 INFO  BasePage - Ending of click method
2026-02-02 11:08:02 INFO  BasePage - Ending of clickOnLoginButton method
2026-02-02 11:08:02 INFO  BaseTest - Ending of setup method
2026-02-02 11:08:02 INFO  Listeners - Test Started  : A_testVaildEmployeeDetails
2026-02-02 11:08:02 INFO  BaseTest - Starting of testVaildEmployeeDetails method
2026-02-02 11:08:02 INFO  BasePage - Starting of getWelcomeToJalaAcademy method
2026-02-02 11:08:02 INFO  BasePage - Ending of getWelcomeToJalaAcademy method
2026-02-02 11:08:02 INFO  BasePage - Starting of getText method
2026-02-02 11:08:02 INFO  BasePage - Ending of getText method
2026-02-02 11:08:03 INFO  BasePage - Starting of clickOnEmployeeButton method
2026-02-02 11:08:04 INFO  BasePage - Starting of EmployeeDetails constructor
2026-02-02 11:08:04 INFO  BasePage - Ending of EmployeeDetails constructor
2026-02-02 11:08:04 INFO  BasePage - Starting of LoginPage constructor
2026-02-02 11:08:05 INFO  BasePage - Ending of LoginPage constructor
2026-02-02 11:08:05 INFO  BasePage - Starting of click method
2026-02-02 11:08:05 INFO  BasePage - Ending of click method
2026-02-02 11:08:05 INFO  BasePage - Ending of clickOnEmployeeButton method
2026-02-02 11:08:05 INFO  BasePage - Starting of clickOnCreateButton method
2026-02-02 11:08:06 INFO  BasePage - Starting of enterEmail method
2026-02-02 11:08:06 INFO  BasePage - Starting of sendKeys method
2026-02-02 11:08:06 INFO  BasePage - Ending of sendKeys method
2026-02-02 11:08:06 INFO  BasePage - Ending of enterEmail method
2026-02-02 11:08:06 INFO  BasePage - Starting of enterPassword method
2026-02-02 11:08:06 INFO  BasePage - Starting of sendKeys method
2026-02-02 11:08:06 INFO  BasePage - Ending of sendKeys method
2026-02-02 11:08:06 INFO  BasePage - Ending of enterPassword method
2026-02-02 11:08:06 INFO  BasePage - Starting of clickOnRememberMe method
2026-02-02 11:08:06 INFO  BasePage - Starting of click method
2026-02-02 11:08:06 INFO  BasePage - Ending of click method
2026-02-02 11:08:06 INFO  BasePage - Ending of clickOnRememberMe method
2026-02-02 11:08:06 INFO  BasePage - Starting of clickOnLoginButton method
2026-02-02 11:08:06 INFO  BasePage - Starting of click method
2026-02-02 11:08:06 INFO  BasePage - Ending of click method
2026-02-02 11:08:06 INFO  BasePage - Ending of clickOnLoginButton method
2026-02-02 11:08:06 INFO  BaseTest - Ending of setup method
2026-02-02 11:08:06 INFO  Listeners - Test Started  : A_testVaildEmployeeDetails
2026-02-02 11:08:06 INFO  BaseTest - Starting of testVaildEmployeeDetails method
2026-02-02 11:08:06 INFO  BasePage - Starting of getWelcomeToJalaAcademy method
2026-02-02 11:08:06 INFO  BasePage - Ending of getWelcomeToJalaAcademy method
2026-02-02 11:08:06 INFO  BasePage - Starting of getText method
2026-02-02 11:08:06 INFO  BasePage - Ending of getText method
2026-02-02 11:08:06 INFO  BasePage - Starting of clickOnEmployeeButton method
2026-02-02 11:08:07 INFO  BasePage - Starting of click method
2026-02-02 11:08:07 INFO  BasePage - Ending of click method
2026-02-02 11:08:07 INFO  BasePage - Ending of clickOnCreateButton method
2026-02-02 11:08:07 INFO  BasePage - Starting of enterFirstName method
2026-02-02 11:08:07 INFO  BasePage - Starting of sendKeys method
2026-02-02 11:08:07 INFO  BasePage - Ending of sendKeys method
2026-02-02 11:08:07 INFO  BasePage - Ending of enterFirstName method
2026-02-02 11:08:07 INFO  BasePage - Starting of enterFirstName method
2026-02-02 11:08:07 INFO  BasePage - Starting of sendKeys method
2026-02-02 11:08:07 INFO  BasePage - Ending of sendKeys method
2026-02-02 11:08:07 INFO  BasePage - Ending of enterFirstName method
2026-02-02 11:08:07 INFO  BasePage - Starting of enterEmailId method
2026-02-02 11:08:07 INFO  BasePage - Starting of sendKeys method
2026-02-02 11:08:08 INFO  BasePage - Ending of sendKeys method
2026-02-02 11:08:08 INFO  BasePage - Ending of enterEmailId method
2026-02-02 11:08:08 INFO  BasePage - Starting of enterMobileNumber method
2026-02-02 11:08:08 INFO  BasePage - Starting of sendKeys method
2026-02-02 11:08:08 INFO  BasePage - Ending of sendKeys method
2026-02-02 11:08:08 INFO  BasePage - Ending of enterMobileNumber method
2026-02-02 11:08:08 INFO  BasePage - Starting of enterDateOfBirth method
2026-02-02 11:08:08 INFO  BasePage - Starting of sendKeys method
2026-02-02 11:08:08 INFO  BasePage - Ending of sendKeys method
2026-02-02 11:08:08 INFO  BasePage - Ending of enterDateOfBirth method
2026-02-02 11:08:08 INFO  BasePage - Starting of clickOnEmployeeButton method
2026-02-02 11:08:08 INFO  BasePage - Starting of click method
2026-02-02 11:08:09 INFO  BasePage - Ending of click method
2026-02-02 11:08:09 INFO  BasePage - Ending of clickOnEmployeeButton method
2026-02-02 11:08:09 INFO  BasePage - Starting of clickOnCreateButton method
2026-02-02 11:08:10 INFO  BasePage - Starting of click method
2026-02-02 11:08:10 INFO  BasePage - Ending of click method
2026-02-02 11:08:10 INFO  BasePage - Ending of clickOnEmployeeButton method
2026-02-02 11:08:10 INFO  BasePage - Starting of enterAddress method
2026-02-02 11:08:10 INFO  BasePage - Starting of sendKeys method
2026-02-02 11:08:10 INFO  BasePage - Ending of sendKeys method
2026-02-02 11:08:10 INFO  BasePage - Ending of enterAddress method
2026-02-02 11:08:10 INFO  BasePage - Starting of clickOnSelectCity method
2026-02-02 11:08:10 INFO  BasePage - Starting of click method
2026-02-02 11:08:10 INFO  BasePage - Ending of click method
2026-02-02 11:08:10 INFO  BasePage - Ending of clickOnSelectCity method
2026-02-02 11:08:10 INFO  BasePage - Starting of clickOnIndia method
2026-02-02 11:08:10 INFO  BasePage - Starting of click method
2026-02-02 11:08:10 INFO  BasePage - Ending of click method
2026-02-02 11:08:10 INFO  BasePage - Ending of clickOnIndia method
2026-02-02 11:08:11 INFO  BasePage - Starting of click method
2026-02-02 11:08:11 INFO  BasePage - Ending of click method
2026-02-02 11:08:11 INFO  BasePage - Ending of clickOnCreateButton method
2026-02-02 11:08:11 INFO  BasePage - Starting of enterFirstName method
2026-02-02 11:08:11 INFO  BasePage - Starting of sendKeys method
2026-02-02 11:08:11 INFO  BasePage - Ending of sendKeys method
2026-02-02 11:08:11 INFO  BasePage - Ending of enterFirstName method
2026-02-02 11:08:11 INFO  BasePage - Starting of enterFirstName method
2026-02-02 11:08:11 INFO  BasePage - Starting of sendKeys method
2026-02-02 11:08:11 INFO  BasePage - Ending of sendKeys method
2026-02-02 11:08:11 INFO  BasePage - Ending of enterFirstName method
2026-02-02 11:08:11 INFO  BasePage - Starting of enterEmailId method
2026-02-02 11:08:11 INFO  BasePage - Starting of sendKeys method
2026-02-02 11:08:11 INFO  BasePage - Ending of sendKeys method
2026-02-02 11:08:11 INFO  BasePage - Ending of enterEmailId method
2026-02-02 11:08:11 INFO  BasePage - Starting of enterMobileNumber method
2026-02-02 11:08:11 INFO  BasePage - Starting of sendKeys method
2026-02-02 11:08:11 INFO  BasePage - Ending of sendKeys method
2026-02-02 11:08:11 INFO  BasePage - Ending of enterMobileNumber method
2026-02-02 11:08:11 INFO  BasePage - Starting of enterDateOfBirth method
2026-02-02 11:08:11 INFO  BasePage - Starting of sendKeys method
2026-02-02 11:08:11 INFO  BasePage - Ending of sendKeys method
2026-02-02 11:08:11 INFO  BasePage - Ending of enterDateOfBirth method
2026-02-02 11:08:11 INFO  BasePage - Starting of clickOnEmployeeButton method
2026-02-02 11:08:13 INFO  BasePage - Starting of click method
2026-02-02 11:08:13 INFO  BasePage - Starting of clickOnSelectCity method
2026-02-02 11:08:13 INFO  BasePage - Starting of click method
2026-02-02 11:08:13 INFO  BasePage - Ending of click method
2026-02-02 11:08:13 INFO  BasePage - Ending of clickOnEmployeeButton method
2026-02-02 11:08:13 INFO  BasePage - Starting of enterAddress method
2026-02-02 11:08:13 INFO  BasePage - Starting of sendKeys method
2026-02-02 11:08:13 INFO  BasePage - Ending of sendKeys method
2026-02-02 11:08:13 INFO  BasePage - Ending of enterAddress method
2026-02-02 11:08:13 INFO  BasePage - Starting of clickOnSelectCity method
2026-02-02 11:08:13 INFO  BasePage - Starting of click method
2026-02-02 11:08:13 INFO  BasePage - Ending of click method
2026-02-02 11:08:13 INFO  BasePage - Ending of clickOnSelectCity method
2026-02-02 11:08:13 INFO  BasePage - Starting of clickOnHyderabad method
2026-02-02 11:08:13 INFO  BasePage - Starting of click method
2026-02-02 11:08:13 INFO  BasePage - Ending of click method
2026-02-02 11:08:13 INFO  BasePage - Ending of clickOnHyderabad method
2026-02-02 11:08:13 INFO  BasePage - Starting of clickOnQaAutomation method
2026-02-02 11:08:13 INFO  BasePage - Starting of click method
2026-02-02 11:08:14 INFO  BasePage - Ending of click method
2026-02-02 11:08:14 INFO  BasePage - Ending of clickOnQaAutomation method
2026-02-02 11:08:14 INFO  BasePage - Starting of clickOnIndia method
2026-02-02 11:08:14 INFO  BasePage - Starting of click method
2026-02-02 11:08:14 INFO  BasePage - Ending of click method
2026-02-02 11:08:14 INFO  BasePage - Ending of clickOnIndia method
2026-02-02 11:08:14 INFO  BaseTest - Ending of testVaildEmployeeDetails method
2026-02-02 11:08:14 INFO  Listeners - Test PassedA_testVaildEmployeeDetails
2026-02-02 11:08:14 INFO  BasePage - Ending of click method
2026-02-02 11:08:14 INFO  BasePage - Ending of clickOnSelectCity method
2026-02-02 11:08:14 INFO  BasePage - Starting of clickOnIndia method
2026-02-02 11:08:14 INFO  BasePage - Starting of click method
2026-02-02 11:08:14 INFO  BaseTest - Starting of setup method
2026-02-02 11:08:14 INFO  BasePage - Ending of click method
2026-02-02 11:08:14 INFO  BasePage - Ending of clickOnIndia method
2026-02-02 11:08:15 INFO  BasePage - Starting of LoginPage constructor
2026-02-02 11:08:15 INFO  BasePage - Ending of LoginPage constructor
2026-02-02 11:08:15 INFO  BasePage - Starting of EmployeeDetails constructor
2026-02-02 11:08:15 INFO  BasePage - Ending of EmployeeDetails constructor
2026-02-02 11:08:15 INFO  BasePage - Starting of SearchEmployee method
2026-02-02 11:08:15 INFO  BasePage - Ending of SearchEmployee method
2026-02-02 11:08:16 INFO  BasePage - Starting of enterEmail method
2026-02-02 11:08:16 INFO  BasePage - Starting of sendKeys method
2026-02-02 11:08:16 INFO  BasePage - Ending of sendKeys method
2026-02-02 11:08:16 INFO  BasePage - Ending of enterEmail method
2026-02-02 11:08:16 INFO  BasePage - Starting of enterPassword method
2026-02-02 11:08:16 INFO  BasePage - Starting of sendKeys method
2026-02-02 11:08:16 INFO  BasePage - Ending of sendKeys method
2026-02-02 11:08:16 INFO  BasePage - Ending of enterPassword method
2026-02-02 11:08:16 INFO  BasePage - Starting of clickOnRememberMe method
2026-02-02 11:08:16 INFO  BasePage - Starting of click method
2026-02-02 11:08:16 INFO  BasePage - Ending of click method
2026-02-02 11:08:16 INFO  BasePage - Ending of clickOnRememberMe method
2026-02-02 11:08:16 INFO  BasePage - Starting of clickOnLoginButton method
2026-02-02 11:08:16 INFO  BasePage - Starting of click method
2026-02-02 11:08:16 INFO  BasePage - Ending of click method
2026-02-02 11:08:16 INFO  BasePage - Ending of clickOnLoginButton method
2026-02-02 11:08:16 INFO  BasePage - Starting of clickOnEmployeeButton method
2026-02-02 11:08:17 INFO  BasePage - Starting of clickOnSelectCity method
2026-02-02 11:08:17 INFO  BasePage - Starting of click method
2026-02-02 11:08:17 INFO  BasePage - Ending of click method
2026-02-02 11:08:17 INFO  BasePage - Ending of clickOnSelectCity method
2026-02-02 11:08:17 INFO  BasePage - Starting of clickOnHyderabad method
2026-02-02 11:08:17 INFO  BasePage - Starting of click method
2026-02-02 11:08:17 INFO  BasePage - Ending of click method
2026-02-02 11:08:17 INFO  BasePage - Ending of clickOnHyderabad method
2026-02-02 11:08:17 INFO  BasePage - Starting of clickOnQaAutomation method
2026-02-02 11:08:17 INFO  BasePage - Starting of click method
2026-02-02 11:08:17 INFO  BasePage - Ending of click method
2026-02-02 11:08:17 INFO  BasePage - Ending of clickOnQaAutomation method
2026-02-02 11:08:17 INFO  BasePage - Starting of clickOnIndia method
2026-02-02 11:08:17 INFO  BasePage - Starting of click method
2026-02-02 11:08:17 INFO  BasePage - Ending of click method
2026-02-02 11:08:17 INFO  BasePage - Ending of clickOnIndia method
2026-02-02 11:08:17 INFO  BaseTest - Ending of testVaildEmployeeDetails method
2026-02-02 11:08:17 INFO  Listeners - Test PassedA_testVaildEmployeeDetails
2026-02-02 11:08:18 INFO  BaseTest - Starting of setup method
2026-02-02 11:08:18 INFO  BasePage - Starting of click method
2026-02-02 11:08:18 INFO  BasePage - Ending of click method
2026-02-02 11:08:18 INFO  BasePage - Ending of clickOnEmployeeButton method
2026-02-02 11:08:18 INFO  BaseTest - Ending of setup method
2026-02-02 11:08:18 INFO  Listeners - Test Started  : A_testSearchEmployee
2026-02-02 11:08:18 INFO  BaseTest - Starting of testSearchEmployee method
2026-02-02 11:08:21 INFO  BasePage - Starting of clickOnSearch method
2026-02-02 11:08:21 INFO  BasePage - Starting of click method
2026-02-02 11:08:22 INFO  BasePage - Starting of LoginPage constructor
2026-02-02 11:08:22 INFO  BasePage - Ending of LoginPage constructor
2026-02-02 11:08:22 INFO  BasePage - Starting of EmployeeDetails constructor
2026-02-02 11:08:22 INFO  BasePage - Ending of EmployeeDetails constructor
2026-02-02 11:08:22 INFO  BasePage - Starting of SearchEmployee method
2026-02-02 11:08:22 INFO  BasePage - Ending of SearchEmployee method
2026-02-02 11:08:22 INFO  BasePage - Ending of click method
2026-02-02 11:08:22 INFO  BasePage - Ending of clickOnSearch method
2026-02-02 11:08:22 INFO  BasePage - Starting of enterEmployeeName method
2026-02-02 11:08:22 INFO  BasePage - Starting of sendKeys method
2026-02-02 11:08:23 INFO  BasePage - Ending of sendKeys method
2026-02-02 11:08:23 INFO  BasePage - Ending of enterEmployeeName method
2026-02-02 11:08:23 INFO  BasePage - Starting of enterPassword method
2026-02-02 11:08:23 INFO  BasePage - Starting of sendKeys method
2026-02-02 11:08:23 INFO  BasePage - Starting of enterEmail method
2026-02-02 11:08:23 INFO  BasePage - Starting of sendKeys method
2026-02-02 11:08:23 INFO  BasePage - Ending of sendKeys method
2026-02-02 11:08:23 INFO  BasePage - Ending of enterPassword method
2026-02-02 11:08:23 INFO  BasePage - Starting of clickOnSearch1 method
2026-02-02 11:08:23 INFO  BasePage - Starting of click method
2026-02-02 11:08:23 INFO  BasePage - Ending of click method
2026-02-02 11:08:23 INFO  BasePage - Ending of setup method
2026-02-02 11:08:24 INFO  BasePage - Ending of sendKeys method
2026-02-02 11:08:24 INFO  BasePage - Ending of enterEmail method
2026-02-02 11:08:24 INFO  BasePage - Starting of enterPassword method
2026-02-02 11:08:24 INFO  BasePage - Starting of sendKeys method
2026-02-02 11:08:24 INFO  BasePage - Ending of sendKeys method
2026-02-02 11:08:24 INFO  BasePage - Ending of enterPassword method
2026-02-02 11:08:24 INFO  BasePage - Starting of clickOnRememberMe method
2026-02-02 11:08:24 INFO  BasePage - Starting of click method
2026-02-02 11:08:24 INFO  BasePage - Ending of click method
2026-02-02 11:08:24 INFO  BasePage - Ending of clickOnRememberMe method
2026-02-02 11:08:24 INFO  BasePage - Starting of clickOnLoginButton method
2026-02-02 11:08:24 INFO  BasePage - Starting of click method
2026-02-02 11:08:24 INFO  BasePage - Ending of click method
2026-02-02 11:08:24 INFO  BasePage - Ending of clickOnLoginButton method
2026-02-02 11:08:24 INFO  BasePage - Starting of clickOnEmployeeButton method
2026-02-02 11:08:26 INFO  BasePage - Starting of click method
2026-02-02 11:08:26 INFO  BasePage - Ending of click method
2026-02-02 11:08:26 INFO  BasePage - Ending of clickOnEmployeeButton method
2026-02-02 11:08:26 INFO  BaseTest - Ending of setup method
2026-02-02 11:08:26 INFO  Listeners - Test Started  : A_testSearchEmployee
2026-02-02 11:08:26 INFO  BaseTest - Starting of testSearchEmployee method
2026-02-02 11:08:26 INFO  BaseTest - Ending of testSearchEmployee method
2026-02-02 11:08:26 INFO  Listeners - Test PassedA_testSearchEmployee
2026-02-02 11:08:27 INFO  BaseTest - Starting of setup method
2026-02-02 11:08:28 INFO  BasePage - Starting of MenuPage constructor
2026-02-02 11:08:28 INFO  BasePage - Ending of MenuPage constructor
2026-02-02 11:08:28 INFO  BasePage - Starting of HomePage constructor
2026-02-02 11:08:28 INFO  BasePage - Ending of HomePage constructor
2026-02-02 11:08:28 INFO  BasePage - Starting of LoginPage constructor
2026-02-02 11:08:28 INFO  BasePage - Ending of LoginPage constructor
2026-02-02 11:08:29 INFO  BasePage - Starting of enterEmail method
2026-02-02 11:08:29 INFO  BasePage - Starting of sendKeys method
2026-02-02 11:08:29 INFO  BasePage - Starting of clickOnSearch method
2026-02-02 11:08:29 INFO  BasePage - Starting of click method
2026-02-02 11:08:29 INFO  BasePage - Ending of sendKeys method
2026-02-02 11:08:29 INFO  BasePage - Ending of enterEmail method
2026-02-02 11:08:29 INFO  BasePage - Starting of enterPassword method
2026-02-02 11:08:29 INFO  BasePage - Starting of sendKeys method
2026-02-02 11:08:29 INFO  BasePage - Ending of sendKeys method
2026-02-02 11:08:29 INFO  BasePage - Ending of enterPassword method
2026-02-02 11:08:29 INFO  BasePage - Starting of clickOnRememberMe method
2026-02-02 11:08:29 INFO  BasePage - Starting of click method
2026-02-02 11:08:30 INFO  BasePage - Ending of click method
2026-02-02 11:08:30 INFO  BasePage - Ending of clickOnRememberMe method
2026-02-02 11:08:30 INFO  BasePage - Starting of clickOnLoginButton method
2026-02-02 11:08:30 INFO  BasePage - Starting of click method
2026-02-02 11:08:30 INFO  BasePage - Ending of click method
2026-02-02 11:08:30 INFO  BasePage - Ending of clickOnSearch method
2026-02-02 11:08:30 INFO  BasePage - Starting of enterEmployeeName method
2026-02-02 11:08:30 INFO  BasePage - Starting of sendKeys method
2026-02-02 11:08:30 INFO  BasePage - Ending of click method
2026-02-02 11:08:30 INFO  BasePage - Ending of clickOnLoginButton method
2026-02-02 11:08:30 INFO  BasePage - Starting of clickOnMoreButton method
2026-02-02 11:08:30 INFO  BasePage - Ending of sendKeys method
2026-02-02 11:08:30 INFO  BasePage - Ending of enterEmployeeName method
2026-02-02 11:08:30 INFO  BasePage - Starting of enterPassword method
2026-02-02 11:08:30 INFO  BasePage - Starting of sendKeys method
2026-02-02 11:08:30 INFO  BasePage - Ending of sendKeys method
2026-02-02 11:08:30 INFO  BasePage - Ending of enterPassword method
2026-02-02 11:08:30 INFO  BasePage - Starting of clickOnSearch1 method
2026-02-02 11:08:30 INFO  BasePage - Starting of click method
2026-02-02 11:08:30 INFO  BasePage - Ending of click method
2026-02-02 11:08:30 INFO  BasePage - Ending of setup method
2026-02-02 11:08:30 INFO  BasePage - Ending of clickOnMoreButton method
2026-02-02 11:08:33 INFO  BaseTest - Ending of testSearchEmployee method
2026-02-02 11:08:33 INFO  Listeners - Test PassedA_testSearchEmployee
2026-02-02 11:08:33 INFO  BasePage - Starting of clickOnMenuButton method
2026-02-02 11:08:33 INFO  BasePage - Starting of click method
2026-02-02 11:08:33 INFO  BasePage - Ending of click method
2026-02-02 11:08:33 INFO  BasePage - Ending of clickOnMenuButton method
2026-02-02 11:08:33 INFO  BaseTest - Ending of setup method
2026-02-02 11:08:33 INFO  Listeners - Test Started  : A_testMenu
2026-02-02 11:08:33 INFO  BaseTest - Starting of testMenu method
2026-02-02 11:08:33 INFO  BasePage - Starting of clickOnSubMenuButton method
2026-02-02 11:08:33 INFO  BasePage - Starting of click method
2026-02-02 11:08:34 INFO  BasePage - Ending of click method
2026-02-02 11:08:34 INFO  BasePage - Ending of clickOnSubMenuButton method
2026-02-02 11:08:34 INFO  BaseTest - Ending of testMenu method
2026-02-02 11:08:34 INFO  Listeners - Test PassedA_testMenu
2026-02-02 11:08:34 INFO  BaseTest - Starting of setup method
2026-02-02 11:08:34 INFO  BaseTest - Starting of setup method
2026-02-02 11:08:35 INFO  BasePage - Starting of IframePage constructor
2026-02-02 11:08:35 INFO  BasePage - Ending of IframePage constructor
2026-02-02 11:08:35 INFO  BasePage - Starting of HomePage constructor
2026-02-02 11:08:35 INFO  BasePage - Ending of HomePage constructor
2026-02-02 11:08:35 INFO  BasePage - Starting of LoginPage constructor
2026-02-02 11:08:35 INFO  BasePage - Ending of LoginPage constructor
2026-02-02 11:08:37 INFO  BasePage - Starting of enterEmail method
2026-02-02 11:08:37 INFO  BasePage - Starting of sendKeys method
2026-02-02 11:08:37 INFO  BasePage - Ending of sendKeys method
2026-02-02 11:08:37 INFO  BasePage - Ending of enterEmail method
2026-02-02 11:08:37 INFO  BasePage - Starting of enterPassword method
2026-02-02 11:08:37 INFO  BasePage - Starting of sendKeys method
2026-02-02 11:08:38 INFO  BasePage - Ending of sendKeys method
2026-02-02 11:08:38 INFO  BasePage - Ending of enterPassword method
2026-02-02 11:08:38 INFO  BasePage - Starting of clickOnRememberMe method
2026-02-02 11:08:38 INFO  BasePage - Starting of click method
2026-02-02 11:08:38 INFO  BasePage - Ending of click method
2026-02-02 11:08:38 INFO  BasePage - Ending of clickOnRememberMe method
2026-02-02 11:08:38 INFO  BasePage - Starting of clickOnLoginButton method
2026-02-02 11:08:38 INFO  BasePage - Starting of click method
2026-02-02 11:08:38 INFO  BasePage - Ending of click method
2026-02-02 11:08:38 INFO  BasePage - Ending of clickOnLoginButton method
2026-02-02 11:08:38 INFO  BasePage - Starting of clickOnMoreButton method
2026-02-02 11:08:39 INFO  BasePage - Ending of clickOnMoreButton method
2026-02-02 11:08:39 INFO  BasePage - Starting of MenuPage constructor
2026-02-02 11:08:39 INFO  BasePage - Ending of MenuPage constructor
2026-02-02 11:08:39 INFO  BasePage - Starting of HomePage constructor
2026-02-02 11:08:39 INFO  BasePage - Ending of HomePage constructor
2026-02-02 11:08:39 INFO  BasePage - Starting of LoginPage constructor
2026-02-02 11:08:39 INFO  BasePage - Ending of LoginPage constructor
2026-02-02 11:08:40 INFO  BasePage - Starting of enterEmail method
2026-02-02 11:08:40 INFO  BasePage - Starting of sendKeys method
2026-02-02 11:08:41 INFO  BasePage - Ending of sendKeys method
2026-02-02 11:08:41 INFO  BasePage - Ending of enterEmail method
2026-02-02 11:08:41 INFO  BasePage - Starting of enterPassword method
2026-02-02 11:08:41 INFO  BasePage - Starting of sendKeys method
2026-02-02 11:08:41 INFO  BasePage - Ending of sendKeys method
2026-02-02 11:08:41 INFO  BasePage - Ending of enterPassword method
2026-02-02 11:08:41 INFO  BasePage - Starting of clickOnRememberMe method
2026-02-02 11:08:41 INFO  BasePage - Starting of click method
2026-02-02 11:08:41 INFO  BasePage - Ending of click method
2026-02-02 11:08:41 INFO  BasePage - Ending of clickOnRememberMe method
2026-02-02 11:08:41 INFO  BasePage - Starting of clickOnLoginButton method
2026-02-02 11:08:41 INFO  BasePage - Starting of click method
2026-02-02 11:08:41 INFO  BasePage - Ending of click method
2026-02-02 11:08:41 INFO  BasePage - Ending of clickOnLoginButton method
2026-02-02 11:08:41 INFO  BasePage - Starting of clickOnMoreButton method
2026-02-02 11:08:42 INFO  BasePage - Ending of clickOnMoreButton method
2026-02-02 11:08:42 INFO  BasePage - Starting of clickOnMenuButton method
2026-02-02 11:08:42 INFO  BasePage - Starting of click method
2026-02-02 11:08:42 INFO  BasePage - Ending of click method
2026-02-02 11:08:42 INFO  BasePage - Ending of clickOnMenuButton method
2026-02-02 11:08:42 INFO  BasePage - Starting of clickOnIframeButton method
2026-02-02 11:08:42 INFO  BasePage - Starting of click method
2026-02-02 11:08:42 INFO  BasePage - Ending of click method
2026-02-02 11:08:42 INFO  BasePage - Ending of clickOnIframeButton method
2026-02-02 11:08:42 INFO  BaseTest - Ending of setup method
2026-02-02 11:08:42 INFO  Listeners - Test Started  : A_testIframe
2026-02-02 11:08:42 INFO  BaseTest - Starting of testIframe method
2026-02-02 11:08:42 INFO  BasePage - Starting of getFrameOneText method
2026-02-02 11:08:42 INFO  BasePage - Ending of getFrameOneText method
2026-02-02 11:08:42 INFO  BasePage - Starting of getText method
2026-02-02 11:08:42 INFO  BasePage - Ending of getText method
2026-02-02 11:08:42 INFO  BasePage - Starting of getFrameTwoText method
2026-02-02 11:08:42 INFO  BasePage - Ending of getFrameTwoText method
2026-02-02 11:08:42 INFO  BasePage - Starting of getText method
2026-02-02 11:08:42 INFO  BasePage - Ending of getText method
2026-02-02 11:08:43 INFO  BasePage - Starting of getWelcomeToJalaAcademyText method
2026-02-02 11:08:43 INFO  BasePage - Ending of getWelcomeToJalaAcademyText method
2026-02-02 11:08:43 INFO  BasePage - Starting of getText method
2026-02-02 11:08:43 INFO  BasePage - Ending of getText method
2026-02-02 11:08:43 INFO  BaseTest - Ending of testIframe method
2026-02-02 11:08:43 INFO  Listeners - Test PassedA_testIframe
2026-02-02 11:08:43 INFO  BaseTest - Starting of setup method
2026-02-02 11:08:44 INFO  BasePage - Starting of ImagesPage constructor
2026-02-02 11:08:44 INFO  BasePage - Ending of ImagesPage constructor
2026-02-02 11:08:44 INFO  BasePage - Starting of HomePage constructor
2026-02-02 11:08:44 INFO  BasePage - Ending of HomePage constructor
2026-02-02 11:08:44 INFO  BasePage - Starting of LoginPage constructor
2026-02-02 11:08:44 INFO  BasePage - Ending of LoginPage constructor
2026-02-02 11:08:45 INFO  BasePage - Starting of clickOnMenuButton method
2026-02-02 11:08:45 INFO  BasePage - Starting of click method
2026-02-02 11:08:45 INFO  BasePage - Ending of click method
2026-02-02 11:08:45 INFO  BasePage - Ending of clickOnMenuButton method
2026-02-02 11:08:45 INFO  BaseTest - Ending of setup method
2026-02-02 11:08:45 INFO  Listeners - Test Started  : A_testMenu
2026-02-02 11:08:45 INFO  BaseTest - Starting of testMenu method
2026-02-02 11:08:45 INFO  BasePage - Starting of clickOnSubMenuButton method
2026-02-02 11:08:45 INFO  BasePage - Starting of click method
2026-02-02 11:08:45 INFO  BasePage - Ending of click method
2026-02-02 11:08:45 INFO  BasePage - Ending of clickOnSubMenuButton method
2026-02-02 11:08:45 INFO  BaseTest - Ending of testMenu method
2026-02-02 11:08:45 INFO  Listeners - Test PassedA_testMenu
2026-02-02 11:08:45 INFO  BasePage - Starting of enterEmail method
2026-02-02 11:08:45 INFO  BasePage - Starting of sendKeys method
2026-02-02 11:08:45 INFO  BasePage - Ending of sendKeys method
2026-02-02 11:08:45 INFO  BasePage - Ending of enterEmail method
2026-02-02 11:08:45 INFO  BasePage - Starting of enterPassword method
2026-02-02 11:08:45 INFO  BasePage - Starting of sendKeys method
2026-02-02 11:08:45 INFO  BasePage - Ending of sendKeys method
2026-02-02 11:08:45 INFO  BasePage - Ending of enterPassword method
2026-02-02 11:08:45 INFO  BasePage - Starting of clickOnRememberMe method
2026-02-02 11:08:45 INFO  BasePage - Starting of click method
2026-02-02 11:08:45 INFO  BasePage - Ending of click method
2026-02-02 11:08:45 INFO  BasePage - Ending of clickOnRememberMe method
2026-02-02 11:08:45 INFO  BasePage - Starting of clickOnLoginButton method
2026-02-02 11:08:45 INFO  BasePage - Starting of click method
2026-02-02 11:08:45 INFO  BasePage - Ending of click method
2026-02-02 11:08:45 INFO  BasePage - Ending of clickOnLoginButton method
2026-02-02 11:08:45 INFO  BasePage - Starting of clickOnMoreButton method
2026-02-02 11:08:46 INFO  BasePage - Ending of clickOnMoreButton method
2026-02-02 11:08:46 INFO  BaseTest - Starting of setup method
2026-02-02 11:08:49 INFO  BasePage - Starting of clickOnImageButton method
2026-02-02 11:08:49 INFO  BasePage - Starting of click method
2026-02-02 11:08:49 INFO  BasePage - Ending of click method
2026-02-02 11:08:49 INFO  BasePage - Ending of clickOnImageButton method
2026-02-02 11:08:49 INFO  BaseTest - Ending of setup method
2026-02-02 11:08:49 INFO  Listeners - Test Started  : A_testUploadImages
2026-02-02 11:08:49 INFO  BaseTest - Starting of testUploadImages method
2026-02-02 11:08:49 INFO  BasePage - Starting of uploadImage method
2026-02-02 11:08:49 INFO  BasePage - Starting of sendKeys method
2026-02-02 11:08:49 INFO  BasePage - Ending of sendKeys method
2026-02-02 11:08:49 INFO  BasePage - Ending of uploadImage method
2026-02-02 11:08:50 INFO  BasePage - Starting of IframePage constructor
2026-02-02 11:08:50 INFO  BasePage - Ending of IframePage constructor
2026-02-02 11:08:50 INFO  BasePage - Starting of HomePage constructor
2026-02-02 11:08:50 INFO  BasePage - Ending of HomePage constructor
2026-02-02 11:08:50 INFO  BasePage - Starting of LoginPage constructor
2026-02-02 11:08:50 INFO  BasePage - Ending of LoginPage constructor
2026-02-02 11:08:51 INFO  BasePage - Starting of enterEmail method
2026-02-02 11:08:51 INFO  BasePage - Starting of sendKeys method
2026-02-02 11:08:51 INFO  BasePage - Ending of sendKeys method
2026-02-02 11:08:51 INFO  BasePage - Ending of enterEmail method
2026-02-02 11:08:51 INFO  BasePage - Starting of enterPassword method
2026-02-02 11:08:51 INFO  BasePage - Starting of sendKeys method
2026-02-02 11:08:51 INFO  BasePage - Starting of clickOnUploadButton method
2026-02-02 11:08:51 INFO  BasePage - Starting of click method
2026-02-02 11:08:51 INFO  BasePage - Ending of sendKeys method
2026-02-02 11:08:51 INFO  BasePage - Ending of enterPassword method
2026-02-02 11:08:51 INFO  BasePage - Starting of clickOnRememberMe method
2026-02-02 11:08:51 INFO  BasePage - Starting of click method
2026-02-02 11:08:52 INFO  BasePage - Ending of click method
2026-02-02 11:08:52 INFO  BasePage - Ending of clickOnRememberMe method
2026-02-02 11:08:52 INFO  BasePage - Starting of clickOnLoginButton method
2026-02-02 11:08:52 INFO  BasePage - Starting of click method
2026-02-02 11:08:52 INFO  BasePage - Ending of click method
2026-02-02 11:08:52 INFO  BasePage - Ending of clickOnLoginButton method
2026-02-02 11:08:52 INFO  BasePage - Starting of clickOnMoreButton method
2026-02-02 11:08:52 INFO  BasePage - Ending of click method
2026-02-02 11:08:52 INFO  BasePage - Ending of clickOnUploadButton method
2026-02-02 11:08:52 INFO  BasePage - Starting of getImageLabel method
2026-02-02 11:08:52 INFO  BasePage - Ending of getImageLabel method
2026-02-02 11:08:52 INFO  BasePage - Starting of getText method
2026-02-02 11:08:52 INFO  BasePage - Ending of getText method
2026-02-02 11:08:52 INFO  BaseTest - Ending of testUploadImages method
2026-02-02 11:08:52 INFO  Listeners - Test PassedA_testUploadImages
2026-02-02 11:08:52 INFO  BasePage - Ending of clickOnMoreButton method
2026-02-02 11:08:55 INFO  BasePage - Starting of clickOnMenuButton method
2026-02-02 11:08:55 INFO  BasePage - Starting of click method
2026-02-02 11:08:56 INFO  BasePage - Ending of click method
2026-02-02 11:08:56 INFO  BasePage - Ending of clickOnMenuButton method
2026-02-02 11:08:56 INFO  BasePage - Starting of clickOnIframeButton method
2026-02-02 11:08:56 INFO  BasePage - Starting of click method
2026-02-02 11:08:56 INFO  BasePage - Ending of click method
2026-02-02 11:08:56 INFO  BasePage - Ending of clickOnIframeButton method
2026-02-02 11:08:56 INFO  BaseTest - Ending of setup method
2026-02-02 11:08:56 INFO  Listeners - Test Started  : A_testIframe
2026-02-02 11:08:56 INFO  BaseTest - Starting of testIframe method
2026-02-02 11:08:56 INFO  BasePage - Starting of getFrameOneText method
2026-02-02 11:08:56 INFO  BasePage - Ending of getFrameOneText method
2026-02-02 11:08:56 INFO  BasePage - Starting of getText method
2026-02-02 11:08:56 INFO  BasePage - Ending of getText method
2026-02-02 11:08:56 INFO  BasePage - Starting of getFrameTwoText method
2026-02-02 11:08:56 INFO  BasePage - Ending of getFrameTwoText method
2026-02-02 11:08:56 INFO  BasePage - Starting of getText method
2026-02-02 11:08:56 INFO  BasePage - Ending of getText method
2026-02-02 11:08:56 INFO  BasePage - Starting of getWelcomeToJalaAcademyText method
2026-02-02 11:08:56 INFO  BasePage - Ending of getWelcomeToJalaAcademyText method
2026-02-02 11:08:56 INFO  BasePage - Starting of getText method
2026-02-02 11:08:56 INFO  BasePage - Ending of getText method
2026-02-02 11:08:56 INFO  BaseTest - Ending of testIframe method
2026-02-02 11:08:56 INFO  Listeners - Test PassedA_testIframe
2026-02-02 11:08:57 INFO  BaseTest - Starting of setup method
2026-02-02 11:09:00 INFO  BasePage - Starting of ImagesPage constructor
2026-02-02 11:09:00 INFO  BasePage - Ending of ImagesPage constructor
2026-02-02 11:09:00 INFO  BasePage - Starting of HomePage constructor
2026-02-02 11:09:00 INFO  BasePage - Ending of HomePage constructor
2026-02-02 11:09:00 INFO  BasePage - Starting of LoginPage constructor
2026-02-02 11:09:00 INFO  BasePage - Ending of LoginPage constructor
2026-02-02 11:09:01 INFO  BasePage - Starting of enterEmail method
2026-02-02 11:09:01 INFO  BasePage - Starting of sendKeys method
2026-02-02 11:09:01 INFO  BasePage - Ending of sendKeys method
2026-02-02 11:09:01 INFO  BasePage - Ending of enterEmail method
2026-02-02 11:09:01 INFO  BasePage - Starting of enterPassword method
2026-02-02 11:09:01 INFO  BasePage - Starting of sendKeys method
2026-02-02 11:09:01 INFO  BasePage - Ending of sendKeys method
2026-02-02 11:09:01 INFO  BasePage - Ending of enterPassword method
2026-02-02 11:09:01 INFO  BasePage - Starting of clickOnRememberMe method
2026-02-02 11:09:01 INFO  BasePage - Starting of click method
2026-02-02 11:09:02 INFO  BasePage - Ending of click method
2026-02-02 11:09:02 INFO  BasePage - Ending of clickOnRememberMe method
2026-02-02 11:09:02 INFO  BasePage - Starting of clickOnLoginButton method
2026-02-02 11:09:02 INFO  BasePage - Starting of click method
2026-02-02 11:09:02 INFO  BasePage - Ending of click method
2026-02-02 11:09:02 INFO  BasePage - Ending of clickOnLoginButton method
2026-02-02 11:09:02 INFO  BasePage - Starting of clickOnMoreButton method
2026-02-02 11:09:02 INFO  BasePage - Ending of clickOnMoreButton method
2026-02-02 11:09:05 INFO  BasePage - Starting of clickOnImageButton method
2026-02-02 11:09:05 INFO  BasePage - Starting of click method
2026-02-02 11:09:06 INFO  BasePage - Ending of click method
2026-02-02 11:09:06 INFO  BasePage - Ending of clickOnImageButton method
2026-02-02 11:09:06 INFO  BaseTest - Ending of setup method
2026-02-02 11:09:06 INFO  Listeners - Test Started  : A_testUploadImages
2026-02-02 11:09:06 INFO  BaseTest - Starting of testUploadImages method
2026-02-02 11:09:06 INFO  BasePage - Starting of uploadImage method
2026-02-02 11:09:06 INFO  BasePage - Starting of sendKeys method
2026-02-02 11:09:06 INFO  BasePage - Ending of sendKeys method
2026-02-02 11:09:06 INFO  BasePage - Ending of uploadImage method
2026-02-02 11:09:08 INFO  BasePage - Starting of clickOnUploadButton method
2026-02-02 11:09:08 INFO  BasePage - Starting of click method
2026-02-02 11:09:08 INFO  BasePage - Ending of click method
2026-02-02 11:09:08 INFO  BasePage - Ending of clickOnUploadButton method
2026-02-02 11:09:08 INFO  BasePage - Starting of getImageLabel method
2026-02-02 11:09:08 INFO  BasePage - Ending of getImageLabel method
2026-02-02 11:09:08 INFO  BasePage - Starting of getText method
2026-02-02 11:09:08 INFO  BasePage - Ending of getText method
2026-02-02 11:09:08 INFO  BaseTest - Ending of testUploadImages method
2026-02-02 11:09:08 INFO  Listeners - Test PassedA_testUploadImages
2026-02-02 12:56:38 INFO  BaseTest - Starting of setup method
2026-02-02 12:56:38 INFO  BaseTest - Starting of setup method
2026-02-02 12:56:47 INFO  BasePage - Starting of LoginPage constructor
2026-02-02 12:56:47 INFO  BasePage - Ending of LoginPage constructor
2026-02-02 12:56:50 INFO  BaseTest - Ending of setup method
2026-02-02 12:56:50 INFO  Listeners - Test Started  : A_TestInvaildLogin
2026-02-02 12:56:50 INFO  BaseTest - Starting of TestInvaildLogin method
2026-02-02 12:56:50 INFO  BasePage - Starting of enterEmail method
2026-02-02 12:56:50 INFO  BasePage - Starting of sendKeys method
2026-02-02 12:56:51 INFO  BasePage - Ending of sendKeys method
2026-02-02 12:56:51 INFO  BasePage - Ending of enterEmail method
2026-02-02 12:56:51 INFO  BasePage - Starting of enterPassword method
2026-02-02 12:56:51 INFO  BasePage - Starting of sendKeys method
2026-02-02 12:56:51 INFO  BasePage - Ending of sendKeys method
2026-02-02 12:56:51 INFO  BasePage - Ending of enterPassword method
2026-02-02 12:56:51 INFO  BasePage - Starting of clickOnRememberMe method
2026-02-02 12:56:51 INFO  BasePage - Starting of click method
2026-02-02 12:56:51 INFO  BasePage - Ending of click method
2026-02-02 12:56:51 INFO  BasePage - Ending of clickOnRememberMe method
2026-02-02 12:56:51 INFO  BasePage - Starting of clickOnLoginButton method
2026-02-02 12:56:51 INFO  BasePage - Starting of click method
2026-02-02 12:56:51 INFO  BasePage - Ending of click method
2026-02-02 12:56:51 INFO  BasePage - Ending of clickOnLoginButton method
2026-02-02 12:56:51 INFO  BaseTest - Ending of TestInvaildLogin method
2026-02-02 12:56:51 INFO  Listeners - Test PassedA_TestInvaildLogin
2026-02-02 12:56:51 INFO  Listeners - Test Started  : B_TestInvaildLogin2
2026-02-02 12:56:51 INFO  BaseTest - Starting of TestInvaildLogin2 method
2026-02-02 12:56:51 INFO  BasePage - Starting of enterEmail method
2026-02-02 12:56:51 INFO  BasePage - Starting of sendKeys method
2026-02-02 12:56:52 INFO  BasePage - Ending of sendKeys method
2026-02-02 12:56:52 INFO  BasePage - Ending of enterEmail method
2026-02-02 12:56:52 INFO  BasePage - Starting of enterPassword method
2026-02-02 12:56:52 INFO  BasePage - Starting of sendKeys method
2026-02-02 12:56:52 INFO  BasePage - Ending of sendKeys method
2026-02-02 12:56:52 INFO  BasePage - Ending of enterPassword method
2026-02-02 12:56:52 INFO  BasePage - Starting of clickOnRememberMe method
2026-02-02 12:56:52 INFO  BasePage - Starting of click method
2026-02-02 12:56:52 INFO  BasePage - Ending of click method
2026-02-02 12:56:52 INFO  BasePage - Ending of clickOnRememberMe method
2026-02-02 12:56:52 INFO  BasePage - Starting of clickOnLoginButton method
2026-02-02 12:56:52 INFO  BasePage - Starting of click method
2026-02-02 12:56:52 INFO  BasePage - Ending of click method
2026-02-02 12:56:52 INFO  BasePage - Ending of clickOnLoginButton method
2026-02-02 12:56:52 INFO  BaseTest - Ending of TestInvaildLogin2 method
2026-02-02 12:56:52 INFO  Listeners - Test PassedB_TestInvaildLogin2
2026-02-02 12:56:52 INFO  Listeners - Test Started  : C_TestInvaildLogin3
2026-02-02 12:56:52 INFO  BaseTest - Starting of TestInvaildLogin3 method
2026-02-02 12:56:52 INFO  BasePage - Starting of enterEmail method
2026-02-02 12:56:52 INFO  BasePage - Starting of sendKeys method
2026-02-02 12:56:52 INFO  BasePage - Ending of sendKeys method
2026-02-02 12:56:52 INFO  BasePage - Ending of enterEmail method
2026-02-02 12:56:52 INFO  BasePage - Starting of enterPassword method
2026-02-02 12:56:52 INFO  BasePage - Starting of sendKeys method
2026-02-02 12:56:53 INFO  BasePage - Ending of sendKeys method
2026-02-02 12:56:53 INFO  BasePage - Ending of enterPassword method
2026-02-02 12:56:53 INFO  BasePage - Starting of clickOnRememberMe method
2026-02-02 12:56:53 INFO  BasePage - Starting of click method
2026-02-02 12:56:53 INFO  BasePage - Starting of LoginPage constructor
2026-02-02 12:56:53 INFO  BasePage - Ending of LoginPage constructor
2026-02-02 12:56:53 INFO  BasePage - Ending of click method
2026-02-02 12:56:53 INFO  BasePage - Ending of clickOnRememberMe method
2026-02-02 12:56:53 INFO  BasePage - Starting of clickOnLoginButton method
2026-02-02 12:56:53 INFO  BasePage - Starting of click method
2026-02-02 12:56:53 INFO  BasePage - Ending of click method
2026-02-02 12:56:53 INFO  BasePage - Ending of clickOnLoginButton method
2026-02-02 12:56:53 INFO  BaseTest - Ending of TestInvaildLogin3 method
2026-02-02 12:56:53 INFO  Listeners - Test PassedC_TestInvaildLogin3
2026-02-02 12:56:53 INFO  Listeners - Test Started  : D_testVaildLogin4
2026-02-02 12:56:53 INFO  BaseTest - Starting of testVaildLogin4 method
2026-02-02 12:56:53 INFO  BasePage - Starting of enterEmail method
2026-02-02 12:56:53 INFO  BasePage - Starting of sendKeys method
2026-02-02 12:56:53 INFO  BasePage - Ending of sendKeys method
2026-02-02 12:56:53 INFO  BasePage - Ending of enterEmail method
2026-02-02 12:56:53 INFO  BasePage - Starting of enterPassword method
2026-02-02 12:56:53 INFO  BasePage - Starting of sendKeys method
2026-02-02 12:56:54 INFO  BasePage - Ending of sendKeys method
2026-02-02 12:56:54 INFO  BasePage - Ending of enterPassword method
2026-02-02 12:56:54 INFO  BasePage - Starting of clickOnRememberMe method
2026-02-02 12:56:54 INFO  BasePage - Starting of click method
2026-02-02 12:56:54 INFO  BasePage - Ending of click method
2026-02-02 12:56:54 INFO  BasePage - Ending of clickOnRememberMe method
2026-02-02 12:56:54 INFO  BasePage - Starting of clickOnLoginButton method
2026-02-02 12:56:54 INFO  BasePage - Starting of click method
2026-02-02 12:56:54 INFO  BasePage - Ending of click method
2026-02-02 12:56:54 INFO  BasePage - Ending of clickOnLoginButton method
2026-02-02 12:56:54 INFO  BaseTest - Ending of testVaildLogin4 method
2026-02-02 12:56:54 INFO  Listeners - Test PassedD_testVaildLogin4
2026-02-02 12:56:54 INFO  BaseTest - Ending of setup method
2026-02-02 12:56:54 INFO  Listeners - Test Started  : A_TestInvaildLogin
2026-02-02 12:56:54 INFO  BaseTest - Starting of TestInvaildLogin method
2026-02-02 12:56:54 INFO  BasePage - Starting of enterEmail method
2026-02-02 12:56:54 INFO  BasePage - Starting of sendKeys method
2026-02-02 12:56:54 INFO  BasePage - Ending of sendKeys method
2026-02-02 12:56:54 INFO  BasePage - Ending of enterEmail method
2026-02-02 12:56:54 INFO  BasePage - Starting of enterPassword method
2026-02-02 12:56:54 INFO  BasePage - Starting of sendKeys method
2026-02-02 12:56:55 INFO  BasePage - Ending of sendKeys method
2026-02-02 12:56:55 INFO  BasePage - Ending of enterPassword method
2026-02-02 12:56:55 INFO  BasePage - Starting of clickOnRememberMe method
2026-02-02 12:56:55 INFO  BasePage - Starting of click method
2026-02-02 12:56:55 INFO  BaseTest - Starting of setup method
2026-02-02 12:56:55 INFO  BasePage - Ending of click method
2026-02-02 12:56:55 INFO  BasePage - Ending of clickOnRememberMe method
2026-02-02 12:56:55 INFO  BasePage - Starting of clickOnLoginButton method
2026-02-02 12:56:55 INFO  BasePage - Starting of click method
2026-02-02 12:56:55 INFO  BasePage - Ending of click method
2026-02-02 12:56:55 INFO  BasePage - Ending of clickOnLoginButton method
2026-02-02 12:56:55 INFO  BaseTest - Ending of TestInvaildLogin method
2026-02-02 12:56:55 INFO  Listeners - Test PassedA_TestInvaildLogin
2026-02-02 12:56:55 INFO  Listeners - Test Started  : B_TestInvaildLogin2
2026-02-02 12:56:55 INFO  BaseTest - Starting of TestInvaildLogin2 method
2026-02-02 12:56:55 INFO  BasePage - Starting of enterEmail method
2026-02-02 12:56:55 INFO  BasePage - Starting of sendKeys method
2026-02-02 12:56:55 INFO  BasePage - Ending of sendKeys method
2026-02-02 12:56:55 INFO  BasePage - Ending of enterEmail method
2026-02-02 12:56:55 INFO  BasePage - Starting of enterPassword method
2026-02-02 12:56:55 INFO  BasePage - Starting of sendKeys method
2026-02-02 12:56:55 INFO  BasePage - Ending of sendKeys method
2026-02-02 12:56:55 INFO  BasePage - Ending of enterPassword method
2026-02-02 12:56:55 INFO  BasePage - Starting of clickOnRememberMe method
2026-02-02 12:56:55 INFO  BasePage - Starting of click method
2026-02-02 12:56:55 INFO  BasePage - Ending of click method
2026-02-02 12:56:55 INFO  BasePage - Ending of clickOnRememberMe method
2026-02-02 12:56:55 INFO  BasePage - Starting of clickOnLoginButton method
2026-02-02 12:56:55 INFO  BasePage - Starting of click method
2026-02-02 12:56:55 INFO  BasePage - Ending of click method
2026-02-02 12:56:55 INFO  BasePage - Ending of clickOnLoginButton method
2026-02-02 12:56:55 INFO  BaseTest - Ending of TestInvaildLogin2 method
2026-02-02 12:56:55 INFO  Listeners - Test PassedB_TestInvaildLogin2
2026-02-02 12:56:55 INFO  Listeners - Test Started  : C_TestInvaildLogin3
2026-02-02 12:56:55 INFO  BaseTest - Starting of TestInvaildLogin3 method
2026-02-02 12:56:55 INFO  BasePage - Starting of enterEmail method
2026-02-02 12:56:55 INFO  BasePage - Starting of sendKeys method
2026-02-02 12:56:55 INFO  BasePage - Ending of sendKeys method
2026-02-02 12:56:55 INFO  BasePage - Ending of enterEmail method
2026-02-02 12:56:55 INFO  BasePage - Starting of enterPassword method
2026-02-02 12:56:55 INFO  BasePage - Starting of sendKeys method
2026-02-02 12:56:56 INFO  BasePage - Ending of sendKeys method
2026-02-02 12:56:56 INFO  BasePage - Ending of enterPassword method
2026-02-02 12:56:56 INFO  BasePage - Starting of clickOnRememberMe method
2026-02-02 12:56:56 INFO  BasePage - Starting of click method
2026-02-02 12:56:56 INFO  BasePage - Ending of click method
2026-02-02 12:56:56 INFO  BasePage - Ending of clickOnRememberMe method
2026-02-02 12:56:56 INFO  BasePage - Starting of clickOnLoginButton method
2026-02-02 12:56:56 INFO  BasePage - Starting of click method
2026-02-02 12:56:56 INFO  BasePage - Ending of click method
2026-02-02 12:56:56 INFO  BasePage - Ending of clickOnLoginButton method
2026-02-02 12:56:56 INFO  BaseTest - Ending of TestInvaildLogin3 method
2026-02-02 12:56:56 INFO  Listeners - Test PassedC_TestInvaildLogin3
2026-02-02 12:56:56 INFO  Listeners - Test Started  : D_testVaildLogin4
2026-02-02 12:56:56 INFO  BaseTest - Starting of testVaildLogin4 method
2026-02-02 12:56:56 INFO  BasePage - Starting of enterEmail method
2026-02-02 12:56:56 INFO  BasePage - Starting of sendKeys method
2026-02-02 12:56:56 INFO  BasePage - Ending of sendKeys method
2026-02-02 12:56:56 INFO  BasePage - Ending of enterEmail method
2026-02-02 12:56:56 INFO  BasePage - Starting of enterPassword method
2026-02-02 12:56:56 INFO  BasePage - Starting of sendKeys method
2026-02-02 12:56:56 INFO  BasePage - Ending of sendKeys method
2026-02-02 12:56:56 INFO  BasePage - Ending of enterPassword method
2026-02-02 12:56:56 INFO  BasePage - Starting of clickOnRememberMe method
2026-02-02 12:56:56 INFO  BasePage - Starting of click method
2026-02-02 12:56:56 INFO  BasePage - Ending of click method
2026-02-02 12:56:56 INFO  BasePage - Ending of clickOnRememberMe method
2026-02-02 12:56:56 INFO  BasePage - Starting of clickOnLoginButton method
2026-02-02 12:56:56 INFO  BasePage - Starting of click method
2026-02-02 12:56:56 INFO  BasePage - Ending of click method
2026-02-02 12:56:56 INFO  BasePage - Ending of clickOnLoginButton method
2026-02-02 12:56:56 INFO  BaseTest - Ending of testVaildLogin4 method
2026-02-02 12:56:56 INFO  Listeners - Test PassedD_testVaildLogin4
2026-02-02 12:56:57 INFO  BasePage - Starting of EmployeeDetails constructor
2026-02-02 12:56:57 INFO  BasePage - Ending of EmployeeDetails constructor
2026-02-02 12:56:57 INFO  BasePage - Starting of LoginPage constructor
2026-02-02 12:56:57 INFO  BasePage - Ending of LoginPage constructor
2026-02-02 12:56:58 INFO  BaseTest - Starting of setup method
2026-02-02 12:56:58 INFO  BasePage - Starting of enterEmail method
2026-02-02 12:56:58 INFO  BasePage - Starting of sendKeys method
2026-02-02 12:56:59 INFO  BasePage - Ending of sendKeys method
2026-02-02 12:56:59 INFO  BasePage - Ending of enterEmail method
2026-02-02 12:56:59 INFO  BasePage - Starting of enterPassword method
2026-02-02 12:56:59 INFO  BasePage - Starting of sendKeys method
2026-02-02 12:56:59 INFO  BasePage - Ending of sendKeys method
2026-02-02 12:56:59 INFO  BasePage - Ending of enterPassword method
2026-02-02 12:56:59 INFO  BasePage - Starting of clickOnRememberMe method
2026-02-02 12:56:59 INFO  BasePage - Starting of click method
2026-02-02 12:56:59 INFO  BasePage - Ending of click method
2026-02-02 12:56:59 INFO  BasePage - Ending of clickOnRememberMe method
2026-02-02 12:56:59 INFO  BasePage - Starting of clickOnLoginButton method
2026-02-02 12:56:59 INFO  BasePage - Starting of click method
2026-02-02 12:56:59 INFO  BasePage - Ending of click method
2026-02-02 12:56:59 INFO  BasePage - Ending of clickOnLoginButton method
2026-02-02 12:56:59 INFO  BaseTest - Ending of setup method
2026-02-02 12:56:59 INFO  Listeners - Test Started  : A_testVaildEmployeeDetails
2026-02-02 12:56:59 INFO  BaseTest - Starting of testVaildEmployeeDetails method
2026-02-02 12:56:59 INFO  BasePage - Starting of getWelcomeToJalaAcademy method
2026-02-02 12:56:59 INFO  BasePage - Ending of getWelcomeToJalaAcademy method
2026-02-02 12:56:59 INFO  BasePage - Starting of getText method
2026-02-02 12:56:59 INFO  BasePage - Ending of getText method
2026-02-02 12:57:00 INFO  BasePage - Starting of clickOnEmployeeButton method
2026-02-02 12:57:02 INFO  BasePage - Starting of click method
2026-02-02 12:57:02 INFO  BasePage - Ending of click method
2026-02-02 12:57:02 INFO  BasePage - Ending of clickOnEmployeeButton method
2026-02-02 12:57:02 INFO  BasePage - Starting of clickOnCreateButton method
2026-02-02 12:57:04 INFO  BasePage - Starting of EmployeeDetails constructor
2026-02-02 12:57:04 INFO  BasePage - Ending of EmployeeDetails constructor
2026-02-02 12:57:04 INFO  BasePage - Starting of LoginPage constructor
2026-02-02 12:57:04 INFO  BasePage - Ending of LoginPage constructor
2026-02-02 12:57:04 INFO  BasePage - Starting of click method
2026-02-02 12:57:04 INFO  BasePage - Ending of click method
2026-02-02 12:57:04 INFO  BasePage - Ending of clickOnCreateButton method
2026-02-02 12:57:04 INFO  BasePage - Starting of enterFirstName method
2026-02-02 12:57:04 INFO  BasePage - Starting of sendKeys method
2026-02-02 12:57:04 INFO  BasePage - Ending of sendKeys method
2026-02-02 12:57:04 INFO  BasePage - Ending of enterFirstName method
2026-02-02 12:57:04 INFO  BasePage - Starting of enterFirstName method
2026-02-02 12:57:04 INFO  BasePage - Starting of sendKeys method
2026-02-02 12:57:05 INFO  BasePage - Starting of enterEmail method
2026-02-02 12:57:05 INFO  BasePage - Starting of sendKeys method
2026-02-02 12:57:05 INFO  BasePage - Ending of sendKeys method
2026-02-02 12:57:05 INFO  BasePage - Ending of enterFirstName method
2026-02-02 12:57:05 INFO  BasePage - Starting of enterEmailId method
2026-02-02 12:57:05 INFO  BasePage - Starting of sendKeys method
2026-02-02 12:57:05 INFO  BasePage - Ending of sendKeys method
2026-02-02 12:57:05 INFO  BasePage - Ending of enterEmail method
2026-02-02 12:57:05 INFO  BasePage - Starting of enterPassword method
2026-02-02 12:57:05 INFO  BasePage - Starting of sendKeys method
2026-02-02 12:57:05 INFO  BasePage - Ending of sendKeys method
2026-02-02 12:57:05 INFO  BasePage - Ending of enterPassword method
2026-02-02 12:57:05 INFO  BasePage - Starting of clickOnRememberMe method
2026-02-02 12:57:05 INFO  BasePage - Starting of click method
2026-02-02 12:57:05 INFO  BasePage - Ending of sendKeys method
2026-02-02 12:57:05 INFO  BasePage - Ending of enterEmailId method
2026-02-02 12:57:05 INFO  BasePage - Starting of enterMobileNumber method
2026-02-02 12:57:05 INFO  BasePage - Starting of sendKeys method
2026-02-02 12:57:05 INFO  BasePage - Ending of click method
2026-02-02 12:57:05 INFO  BasePage - Ending of clickOnRememberMe method
2026-02-02 12:57:05 INFO  BasePage - Starting of clickOnLoginButton method
2026-02-02 12:57:05 INFO  BasePage - Starting of click method
2026-02-02 12:57:05 INFO  BasePage - Ending of click method
2026-02-02 12:57:05 INFO  BasePage - Ending of clickOnLoginButton method
2026-02-02 12:57:05 INFO  BaseTest - Ending of setup method
2026-02-02 12:57:05 INFO  Listeners - Test Started  : A_testVaildEmployeeDetails
2026-02-02 12:57:05 INFO  BaseTest - Starting of testVaildEmployeeDetails method
2026-02-02 12:57:05 INFO  BasePage - Starting of getWelcomeToJalaAcademy method
2026-02-02 12:57:05 INFO  BasePage - Ending of getWelcomeToJalaAcademy method
2026-02-02 12:57:05 INFO  BasePage - Starting of getText method
2026-02-02 12:57:05 INFO  BasePage - Ending of getText method
2026-02-02 12:57:05 INFO  BasePage - Ending of sendKeys method
2026-02-02 12:57:05 INFO  BasePage - Ending of enterMobileNumber method
2026-02-02 12:57:05 INFO  BasePage - Starting of enterDateOfBirth method
2026-02-02 12:57:05 INFO  BasePage - Starting of sendKeys method
2026-02-02 12:57:06 INFO  BasePage - Starting of clickOnEmployeeButton method
2026-02-02 12:57:06 INFO  BasePage - Ending of sendKeys method
2026-02-02 12:57:06 INFO  BasePage - Ending of enterDateOfBirth method
2026-02-02 12:57:06 INFO  BasePage - Starting of clickOnEmployeeButton method
2026-02-02 12:57:08 INFO  BasePage - Starting of click method
2026-02-02 12:57:08 INFO  BasePage - Ending of click method
2026-02-02 12:57:08 INFO  BasePage - Starting of click method
2026-02-02 12:57:08 INFO  BasePage - Ending of clickOnEmployeeButton method
2026-02-02 12:57:08 INFO  BasePage - Starting of clickOnCreateButton method
2026-02-02 12:57:08 INFO  BasePage - Ending of click method
2026-02-02 12:57:08 INFO  BasePage - Ending of clickOnEmployeeButton method
2026-02-02 12:57:08 INFO  BasePage - Starting of enterAddress method
2026-02-02 12:57:08 INFO  BasePage - Starting of sendKeys method
2026-02-02 12:57:09 INFO  BasePage - Ending of sendKeys method
2026-02-02 12:57:09 INFO  BasePage - Ending of enterAddress method
2026-02-02 12:57:09 INFO  BasePage - Starting of clickOnSelectCity method
2026-02-02 12:57:09 INFO  BasePage - Starting of click method
2026-02-02 12:57:09 INFO  BasePage - Ending of click method
2026-02-02 12:57:09 INFO  BasePage - Ending of clickOnSelectCity method
2026-02-02 12:57:09 INFO  BasePage - Starting of clickOnIndia method
2026-02-02 12:57:09 INFO  BasePage - Starting of click method
2026-02-02 12:57:09 INFO  BasePage - Ending of click method
2026-02-02 12:57:09 INFO  BasePage - Ending of clickOnIndia method
2026-02-02 12:57:10 INFO  BasePage - Starting of click method
2026-02-02 12:57:10 INFO  BasePage - Ending of click method
2026-02-02 12:57:10 INFO  BasePage - Ending of clickOnCreateButton method
2026-02-02 12:57:10 INFO  BasePage - Starting of enterFirstName method
2026-02-02 12:57:10 INFO  BasePage - Starting of sendKeys method
2026-02-02 12:57:10 INFO  BasePage - Ending of sendKeys method
2026-02-02 12:57:10 INFO  BasePage - Ending of enterFirstName method
2026-02-02 12:57:10 INFO  BasePage - Starting of enterFirstName method
2026-02-02 12:57:10 INFO  BasePage - Starting of sendKeys method
2026-02-02 12:57:11 INFO  BasePage - Ending of sendKeys method
2026-02-02 12:57:11 INFO  BasePage - Ending of enterFirstName method
2026-02-02 12:57:11 INFO  BasePage - Starting of enterEmailId method
2026-02-02 12:57:11 INFO  BasePage - Starting of sendKeys method
2026-02-02 12:57:11 INFO  BasePage - Ending of sendKeys method
2026-02-02 12:57:11 INFO  BasePage - Ending of enterEmailId method
2026-02-02 12:57:11 INFO  BasePage - Starting of enterMobileNumber method
2026-02-02 12:57:11 INFO  BasePage - Starting of sendKeys method
2026-02-02 12:57:11 INFO  BasePage - Ending of sendKeys method
2026-02-02 12:57:11 INFO  BasePage - Ending of enterMobileNumber method
2026-02-02 12:57:11 INFO  BasePage - Starting of enterDateOfBirth method
2026-02-02 12:57:11 INFO  BasePage - Starting of sendKeys method
2026-02-02 12:57:11 INFO  BasePage - Ending of sendKeys method
2026-02-02 12:57:11 INFO  BasePage - Ending of enterDateOfBirth method
2026-02-02 12:57:11 INFO  BasePage - Starting of clickOnEmployeeButton method
2026-02-02 12:57:12 INFO  BasePage - Starting of clickOnSelectCity method
2026-02-02 12:57:12 INFO  BasePage - Starting of click method
2026-02-02 12:57:12 INFO  BasePage - Ending of click method
2026-02-02 12:57:12 INFO  BasePage - Ending of clickOnSelectCity method
2026-02-02 12:57:12 INFO  BasePage - Starting of clickOnHyderabad method
2026-02-02 12:57:12 INFO  BasePage - Starting of click method
2026-02-02 12:57:12 INFO  BasePage - Ending of click method
2026-02-02 12:57:12 INFO  BasePage - Ending of clickOnHyderabad method
2026-02-02 12:57:12 INFO  BasePage - Starting of clickOnQaAutomation method
2026-02-02 12:57:12 INFO  BasePage - Starting of click method
2026-02-02 12:57:12 INFO  BasePage - Ending of click method
2026-02-02 12:57:12 INFO  BasePage - Ending of clickOnQaAutomation method
2026-02-02 12:57:12 INFO  BasePage - Starting of clickOnIndia method
2026-02-02 12:57:12 INFO  BasePage - Starting of click method
2026-02-02 12:57:12 INFO  BasePage - Ending of click method
2026-02-02 12:57:12 INFO  BasePage - Ending of clickOnIndia method
2026-02-02 12:57:12 INFO  BaseTest - Ending of testVaildEmployeeDetails method
2026-02-02 12:57:12 INFO  Listeners - Test PassedA_testVaildEmployeeDetails
2026-02-02 12:57:13 INFO  BaseTest - Starting of setup method
2026-02-02 12:57:13 INFO  BasePage - Starting of click method
2026-02-02 12:57:13 INFO  BasePage - Ending of click method
2026-02-02 12:57:13 INFO  BasePage - Ending of clickOnEmployeeButton method
2026-02-02 12:57:13 INFO  BasePage - Starting of enterAddress method
2026-02-02 12:57:13 INFO  BasePage - Starting of sendKeys method
2026-02-02 12:57:13 INFO  BasePage - Ending of sendKeys method
2026-02-02 12:57:13 INFO  BasePage - Ending of enterAddress method
2026-02-02 12:57:13 INFO  BasePage - Starting of clickOnSelectCity method
2026-02-02 12:57:13 INFO  BasePage - Starting of click method
2026-02-02 12:57:14 INFO  BasePage - Ending of click method
2026-02-02 12:57:14 INFO  BasePage - Ending of clickOnSelectCity method
2026-02-02 12:57:14 INFO  BasePage - Starting of clickOnIndia method
2026-02-02 12:57:14 INFO  BasePage - Starting of click method
2026-02-02 12:57:14 INFO  BasePage - Ending of click method
2026-02-02 12:57:14 INFO  BasePage - Ending of clickOnIndia method
2026-02-02 12:57:14 INFO  BasePage - Starting of LoginPage constructor
2026-02-02 12:57:14 INFO  BasePage - Ending of LoginPage constructor
2026-02-02 12:57:14 INFO  BasePage - Starting of EmployeeDetails constructor
2026-02-02 12:57:14 INFO  BasePage - Ending of EmployeeDetails constructor
2026-02-02 12:57:14 INFO  BasePage - Starting of SearchEmployee method
2026-02-02 12:57:14 INFO  BasePage - Ending of SearchEmployee method
2026-02-02 12:57:15 INFO  BasePage - Starting of enterEmail method
2026-02-02 12:57:15 INFO  BasePage - Starting of sendKeys method
2026-02-02 12:57:16 INFO  BasePage - Ending of sendKeys method
2026-02-02 12:57:16 INFO  BasePage - Ending of enterEmail method
2026-02-02 12:57:16 INFO  BasePage - Starting of enterPassword method
2026-02-02 12:57:16 INFO  BasePage - Starting of sendKeys method
2026-02-02 12:57:16 INFO  BasePage - Ending of sendKeys method
2026-02-02 12:57:16 INFO  BasePage - Ending of enterPassword method
2026-02-02 12:57:16 INFO  BasePage - Starting of clickOnRememberMe method
2026-02-02 12:57:16 INFO  BasePage - Starting of click method
2026-02-02 12:57:16 INFO  BasePage - Ending of click method
2026-02-02 12:57:16 INFO  BasePage - Ending of clickOnRememberMe method
2026-02-02 12:57:16 INFO  BasePage - Starting of clickOnLoginButton method
2026-02-02 12:57:16 INFO  BasePage - Starting of click method
2026-02-02 12:57:16 INFO  BasePage - Ending of click method
2026-02-02 12:57:16 INFO  BasePage - Ending of clickOnLoginButton method
2026-02-02 12:57:16 INFO  BasePage - Starting of clickOnEmployeeButton method
2026-02-02 12:57:17 INFO  BasePage - Starting of clickOnSelectCity method
2026-02-02 12:57:17 INFO  BasePage - Starting of click method
2026-02-02 12:57:17 INFO  BasePage - Ending of click method
2026-02-02 12:57:17 INFO  BasePage - Ending of clickOnSelectCity method
2026-02-02 12:57:17 INFO  BasePage - Starting of clickOnHyderabad method
2026-02-02 12:57:17 INFO  BasePage - Starting of click method
2026-02-02 12:57:17 INFO  BasePage - Ending of click method
2026-02-02 12:57:17 INFO  BasePage - Ending of clickOnHyderabad method
2026-02-02 12:57:17 INFO  BasePage - Starting of clickOnQaAutomation method
2026-02-02 12:57:17 INFO  BasePage - Starting of click method
2026-02-02 12:57:17 INFO  BasePage - Ending of click method
2026-02-02 12:57:17 INFO  BasePage - Ending of clickOnQaAutomation method
2026-02-02 12:57:17 INFO  BasePage - Starting of clickOnIndia method
2026-02-02 12:57:17 INFO  BasePage - Starting of click method
2026-02-02 12:57:17 INFO  BasePage - Ending of click method
2026-02-02 12:57:17 INFO  BasePage - Ending of clickOnIndia method
2026-02-02 12:57:17 INFO  BaseTest - Ending of testVaildEmployeeDetails method
2026-02-02 12:57:17 INFO  Listeners - Test PassedA_testVaildEmployeeDetails
2026-02-02 12:57:18 INFO  BasePage - Starting of click method
2026-02-02 12:57:19 INFO  BasePage - Ending of click method
2026-02-02 12:57:19 INFO  BasePage - Ending of clickOnEmployeeButton method
2026-02-02 12:57:19 INFO  BaseTest - Ending of setup method
2026-02-02 12:57:19 INFO  Listeners - Test Started  : A_testSearchEmployee
2026-02-02 12:57:19 INFO  BaseTest - Starting of testSearchEmployee method
2026-02-02 12:57:19 INFO  BaseTest - Starting of setup method
2026-02-02 12:57:22 INFO  BasePage - Starting of clickOnSearch method
2026-02-02 12:57:22 INFO  BasePage - Starting of click method
2026-02-02 12:57:23 INFO  BasePage - Ending of click method
2026-02-02 12:57:23 INFO  BasePage - Ending of clickOnSearch method
2026-02-02 12:57:23 INFO  BasePage - Starting of enterEmployeeName method
2026-02-02 12:57:23 INFO  BasePage - Starting of sendKeys method
2026-02-02 12:57:23 INFO  BasePage - Ending of sendKeys method
2026-02-02 12:57:23 INFO  BasePage - Ending of enterEmployeeName method
2026-02-02 12:57:23 INFO  BasePage - Starting of enterPassword method
2026-02-02 12:57:23 INFO  BasePage - Starting of sendKeys method
2026-02-02 12:57:23 INFO  BasePage - Ending of sendKeys method
2026-02-02 12:57:23 INFO  BasePage - Ending of enterPassword method
2026-02-02 12:57:23 INFO  BasePage - Starting of clickOnSearch1 method
2026-02-02 12:57:23 INFO  BasePage - Starting of click method
2026-02-02 12:57:23 INFO  BasePage - Ending of click method
2026-02-02 12:57:23 INFO  BasePage - Ending of setup method
2026-02-02 12:57:25 INFO  BasePage - Starting of LoginPage constructor
2026-02-02 12:57:25 INFO  BasePage - Ending of LoginPage constructor
2026-02-02 12:57:25 INFO  BasePage - Starting of EmployeeDetails constructor
2026-02-02 12:57:25 INFO  BasePage - Ending of EmployeeDetails constructor
2026-02-02 12:57:25 INFO  BasePage - Starting of SearchEmployee method
2026-02-02 12:57:25 INFO  BasePage - Ending of SearchEmployee method
2026-02-02 12:57:25 INFO  BasePage - Starting of enterEmail method
2026-02-02 12:57:25 INFO  BasePage - Starting of sendKeys method
2026-02-02 12:57:26 INFO  BasePage - Ending of sendKeys method
2026-02-02 12:57:26 INFO  BasePage - Ending of enterEmail method
2026-02-02 12:57:26 INFO  BasePage - Starting of enterPassword method
2026-02-02 12:57:26 INFO  BasePage - Starting of sendKeys method
2026-02-02 12:57:26 INFO  BasePage - Ending of sendKeys method
2026-02-02 12:57:26 INFO  BasePage - Ending of enterPassword method
2026-02-02 12:57:26 INFO  BasePage - Starting of clickOnRememberMe method
2026-02-02 12:57:26 INFO  BasePage - Starting of click method
2026-02-02 12:57:26 INFO  BasePage - Ending of click method
2026-02-02 12:57:26 INFO  BasePage - Ending of clickOnRememberMe method
2026-02-02 12:57:26 INFO  BasePage - Starting of clickOnLoginButton method
2026-02-02 12:57:26 INFO  BasePage - Starting of click method
2026-02-02 12:57:26 INFO  BaseTest - Ending of testSearchEmployee method
2026-02-02 12:57:26 INFO  Listeners - Test PassedA_testSearchEmployee
2026-02-02 12:57:26 INFO  BasePage - Ending of click method
2026-02-02 12:57:26 INFO  BasePage - Ending of clickOnLoginButton method
2026-02-02 12:57:26 INFO  BasePage - Starting of clickOnEmployeeButton method
2026-02-02 12:57:27 INFO  BaseTest - Starting of setup method
2026-02-02 12:57:28 INFO  BasePage - Starting of MenuPage constructor
2026-02-02 12:57:28 INFO  BasePage - Ending of MenuPage constructor
2026-02-02 12:57:28 INFO  BasePage - Starting of HomePage constructor
2026-02-02 12:57:28 INFO  BasePage - Ending of HomePage constructor
2026-02-02 12:57:28 INFO  BasePage - Starting of LoginPage constructor
2026-02-02 12:57:28 INFO  BasePage - Ending of LoginPage constructor
2026-02-02 12:57:28 INFO  BasePage - Starting of click method
2026-02-02 12:57:28 INFO  BasePage - Ending of click method
2026-02-02 12:57:28 INFO  BasePage - Ending of clickOnEmployeeButton method
2026-02-02 12:57:28 INFO  BaseTest - Ending of setup method
2026-02-02 12:57:28 INFO  Listeners - Test Started  : A_testSearchEmployee
2026-02-02 12:57:28 INFO  BaseTest - Starting of testSearchEmployee method
2026-02-02 12:57:29 INFO  BasePage - Starting of enterEmail method
2026-02-02 12:57:29 INFO  BasePage - Starting of sendKeys method
2026-02-02 12:57:30 INFO  BasePage - Ending of sendKeys method
2026-02-02 12:57:30 INFO  BasePage - Ending of enterEmail method
2026-02-02 12:57:30 INFO  BasePage - Starting of enterPassword method
2026-02-02 12:57:30 INFO  BasePage - Starting of sendKeys method
2026-02-02 12:57:30 INFO  BasePage - Ending of sendKeys method
2026-02-02 12:57:30 INFO  BasePage - Ending of enterPassword method
2026-02-02 12:57:30 INFO  BasePage - Starting of clickOnRememberMe method
2026-02-02 12:57:30 INFO  BasePage - Starting of click method
2026-02-02 12:57:30 INFO  BasePage - Ending of click method
2026-02-02 12:57:30 INFO  BasePage - Ending of clickOnRememberMe method
2026-02-02 12:57:30 INFO  BasePage - Starting of clickOnLoginButton method
2026-02-02 12:57:30 INFO  BasePage - Starting of click method
2026-02-02 12:57:31 INFO  BasePage - Ending of click method
2026-02-02 12:57:31 INFO  BasePage - Ending of clickOnLoginButton method
2026-02-02 12:57:31 INFO  BasePage - Starting of clickOnMoreButton method
2026-02-02 12:57:31 INFO  BasePage - Starting of clickOnSearch method
2026-02-02 12:57:31 INFO  BasePage - Starting of click method
2026-02-02 12:57:31 INFO  BasePage - Ending of clickOnMoreButton method
2026-02-02 12:57:32 INFO  BasePage - Ending of click method
2026-02-02 12:57:32 INFO  BasePage - Ending of clickOnSearch method
2026-02-02 12:57:32 INFO  BasePage - Starting of enterEmployeeName method
2026-02-02 12:57:32 INFO  BasePage - Starting of sendKeys method
2026-02-02 12:57:32 INFO  BasePage - Ending of sendKeys method
2026-02-02 12:57:32 INFO  BasePage - Ending of enterEmployeeName method
2026-02-02 12:57:32 INFO  BasePage - Starting of enterPassword method
2026-02-02 12:57:32 INFO  BasePage - Starting of sendKeys method
2026-02-02 12:57:32 INFO  BasePage - Ending of sendKeys method
2026-02-02 12:57:32 INFO  BasePage - Ending of enterPassword method
2026-02-02 12:57:32 INFO  BasePage - Starting of clickOnSearch1 method
2026-02-02 12:57:32 INFO  BasePage - Starting of click method
2026-02-02 12:57:32 INFO  BasePage - Ending of click method
2026-02-02 12:57:32 INFO  BasePage - Ending of setup method
2026-02-02 12:57:34 INFO  BasePage - Starting of clickOnMenuButton method
2026-02-02 12:57:34 INFO  BasePage - Starting of click method
2026-02-02 12:57:35 INFO  BasePage - Ending of click method
2026-02-02 12:57:35 INFO  BasePage - Ending of clickOnMenuButton method
2026-02-02 12:57:35 INFO  BaseTest - Ending of setup method
2026-02-02 12:57:35 INFO  Listeners - Test Started  : A_testMenu
2026-02-02 12:57:35 INFO  BaseTest - Starting of testMenu method
2026-02-02 12:57:35 INFO  BasePage - Starting of clickOnSubMenuButton method
2026-02-02 12:57:35 INFO  BasePage - Starting of click method
2026-02-02 12:57:35 INFO  BasePage - Ending of click method
2026-02-02 12:57:35 INFO  BasePage - Ending of clickOnSubMenuButton method
2026-02-02 12:57:35 INFO  BaseTest - Ending of testMenu method
2026-02-02 12:57:35 INFO  Listeners - Test PassedA_testMenu
2026-02-02 12:57:35 INFO  BaseTest - Ending of testSearchEmployee method
2026-02-02 12:57:35 INFO  Listeners - Test PassedA_testSearchEmployee
2026-02-02 12:57:35 INFO  BaseTest - Starting of setup method
2026-02-02 12:57:36 INFO  BasePage - Starting of IframePage constructor
2026-02-02 12:57:36 INFO  BasePage - Ending of IframePage constructor
2026-02-02 12:57:36 INFO  BasePage - Starting of HomePage constructor
2026-02-02 12:57:36 INFO  BasePage - Ending of HomePage constructor
2026-02-02 12:57:36 INFO  BasePage - Starting of LoginPage constructor
2026-02-02 12:57:36 INFO  BasePage - Ending of LoginPage constructor
2026-02-02 12:57:37 INFO  BaseTest - Starting of setup method
2026-02-02 12:57:38 INFO  BasePage - Starting of enterEmail method
2026-02-02 12:57:38 INFO  BasePage - Starting of sendKeys method
2026-02-02 12:57:38 INFO  BasePage - Ending of sendKeys method
2026-02-02 12:57:38 INFO  BasePage - Ending of enterEmail method
2026-02-02 12:57:38 INFO  BasePage - Starting of enterPassword method
2026-02-02 12:57:38 INFO  BasePage - Starting of sendKeys method
2026-02-02 12:57:38 INFO  BasePage - Ending of sendKeys method
2026-02-02 12:57:38 INFO  BasePage - Ending of enterPassword method
2026-02-02 12:57:38 INFO  BasePage - Starting of clickOnRememberMe method
2026-02-02 12:57:38 INFO  BasePage - Starting of click method
2026-02-02 12:57:38 INFO  BasePage - Ending of click method
2026-02-02 12:57:38 INFO  BasePage - Ending of clickOnRememberMe method
2026-02-02 12:57:38 INFO  BasePage - Starting of clickOnLoginButton method
2026-02-02 12:57:38 INFO  BasePage - Starting of click method
2026-02-02 12:57:38 INFO  BasePage - Ending of click method
2026-02-02 12:57:38 INFO  BasePage - Ending of clickOnLoginButton method
2026-02-02 12:57:38 INFO  BasePage - Starting of clickOnMoreButton method
2026-02-02 12:57:39 INFO  BasePage - Ending of clickOnMoreButton method
2026-02-02 12:57:42 INFO  BasePage - Starting of clickOnMenuButton method
2026-02-02 12:57:42 INFO  BasePage - Starting of click method
2026-02-02 12:57:42 INFO  BasePage - Ending of click method
2026-02-02 12:57:42 INFO  BasePage - Ending of clickOnMenuButton method
2026-02-02 12:57:42 INFO  BasePage - Starting of clickOnIframeButton method
2026-02-02 12:57:42 INFO  BasePage - Starting of click method
2026-02-02 12:57:43 INFO  BasePage - Starting of MenuPage constructor
2026-02-02 12:57:43 INFO  BasePage - Ending of MenuPage constructor
2026-02-02 12:57:43 INFO  BasePage - Starting of HomePage constructor
2026-02-02 12:57:43 INFO  BasePage - Ending of HomePage constructor
2026-02-02 12:57:43 INFO  BasePage - Starting of LoginPage constructor
2026-02-02 12:57:43 INFO  BasePage - Ending of LoginPage constructor
2026-02-02 12:57:43 INFO  BasePage - Ending of click method
2026-02-02 12:57:43 INFO  BasePage - Ending of clickOnIframeButton method
2026-02-02 12:57:43 INFO  BaseTest - Ending of setup method
2026-02-02 12:57:43 INFO  Listeners - Test Started  : A_testIframe
2026-02-02 12:57:43 INFO  BaseTest - Starting of testIframe method
2026-02-02 12:57:43 INFO  BasePage - Starting of getFrameOneText method
2026-02-02 12:57:43 INFO  BasePage - Ending of getFrameOneText method
2026-02-02 12:57:43 INFO  BasePage - Starting of getText method
2026-02-02 12:57:43 INFO  BasePage - Ending of getText method
2026-02-02 12:57:43 INFO  BasePage - Starting of getFrameTwoText method
2026-02-02 12:57:43 INFO  BasePage - Ending of getFrameTwoText method
2026-02-02 12:57:43 INFO  BasePage - Starting of getText method
2026-02-02 12:57:43 INFO  BasePage - Ending of getText method
2026-02-02 12:57:43 INFO  BasePage - Starting of getWelcomeToJalaAcademyText method
2026-02-02 12:57:43 INFO  BasePage - Ending of getWelcomeToJalaAcademyText method
2026-02-02 12:57:43 INFO  BasePage - Starting of getText method
2026-02-02 12:57:43 INFO  BasePage - Ending of getText method
2026-02-02 12:57:43 INFO  BaseTest - Ending of testIframe method
2026-02-02 12:57:43 INFO  Listeners - Test PassedA_testIframe
2026-02-02 12:57:44 INFO  BaseTest - Starting of setup method
2026-02-02 12:57:44 INFO  BasePage - Starting of enterEmail method
2026-02-02 12:57:44 INFO  BasePage - Starting of sendKeys method
2026-02-02 12:57:44 INFO  BasePage - Ending of sendKeys method
2026-02-02 12:57:44 INFO  BasePage - Ending of enterEmail method
2026-02-02 12:57:44 INFO  BasePage - Starting of enterPassword method
2026-02-02 12:57:44 INFO  BasePage - Starting of sendKeys method
2026-02-02 12:57:44 INFO  BasePage - Ending of sendKeys method
2026-02-02 12:57:44 INFO  BasePage - Ending of enterPassword method
2026-02-02 12:57:44 INFO  BasePage - Starting of clickOnRememberMe method
2026-02-02 12:57:44 INFO  BasePage - Starting of click method
2026-02-02 12:57:45 INFO  BasePage - Ending of click method
2026-02-02 12:57:45 INFO  BasePage - Ending of clickOnRememberMe method
2026-02-02 12:57:45 INFO  BasePage - Starting of clickOnLoginButton method
2026-02-02 12:57:45 INFO  BasePage - Starting of click method
2026-02-02 12:57:45 INFO  BasePage - Ending of click method
2026-02-02 12:57:45 INFO  BasePage - Ending of clickOnLoginButton method
2026-02-02 12:57:45 INFO  BasePage - Starting of clickOnMoreButton method
2026-02-02 12:57:45 INFO  BasePage - Starting of ImagesPage constructor
2026-02-02 12:57:45 INFO  BasePage - Ending of ImagesPage constructor
2026-02-02 12:57:45 INFO  BasePage - Starting of HomePage constructor
2026-02-02 12:57:45 INFO  BasePage - Ending of HomePage constructor
2026-02-02 12:57:45 INFO  BasePage - Starting of LoginPage constructor
2026-02-02 12:57:45 INFO  BasePage - Ending of LoginPage constructor
2026-02-02 12:57:45 INFO  BasePage - Starting of enterEmail method
2026-02-02 12:57:45 INFO  BasePage - Starting of sendKeys method
2026-02-02 12:57:46 INFO  BasePage - Ending of clickOnMoreButton method
2026-02-02 12:57:46 INFO  BasePage - Ending of sendKeys method
2026-02-02 12:57:46 INFO  BasePage - Ending of enterEmail method
2026-02-02 12:57:46 INFO  BasePage - Starting of enterPassword method
2026-02-02 12:57:46 INFO  BasePage - Starting of sendKeys method
2026-02-02 12:57:47 INFO  BasePage - Ending of sendKeys method
2026-02-02 12:57:47 INFO  BasePage - Ending of enterPassword method
2026-02-02 12:57:47 INFO  BasePage - Starting of clickOnRememberMe method
2026-02-02 12:57:47 INFO  BasePage - Starting of click method
2026-02-02 12:57:47 INFO  BasePage - Ending of click method
2026-02-02 12:57:47 INFO  BasePage - Ending of clickOnRememberMe method
2026-02-02 12:57:47 INFO  BasePage - Starting of clickOnLoginButton method
2026-02-02 12:57:47 INFO  BasePage - Starting of click method
2026-02-02 12:57:47 INFO  BasePage - Ending of click method
2026-02-02 12:57:47 INFO  BasePage - Ending of clickOnLoginButton method
2026-02-02 12:57:47 INFO  BasePage - Starting of clickOnMoreButton method
2026-02-02 12:57:47 INFO  BasePage - Ending of clickOnMoreButton method
2026-02-02 12:57:49 INFO  BasePage - Starting of clickOnMenuButton method
2026-02-02 12:57:49 INFO  BasePage - Starting of click method
2026-02-02 12:57:49 INFO  BasePage - Ending of click method
2026-02-02 12:57:49 INFO  BasePage - Ending of clickOnMenuButton method
2026-02-02 12:57:49 INFO  BaseTest - Ending of setup method
2026-02-02 12:57:49 INFO  Listeners - Test Started  : A_testMenu
2026-02-02 12:57:49 INFO  BaseTest - Starting of testMenu method
2026-02-02 12:57:49 INFO  BasePage - Starting of clickOnSubMenuButton method
2026-02-02 12:57:49 INFO  BasePage - Starting of click method
2026-02-02 12:57:49 INFO  BasePage - Ending of click method
2026-02-02 12:57:49 INFO  BasePage - Ending of clickOnSubMenuButton method
2026-02-02 12:57:49 INFO  BaseTest - Ending of testMenu method
2026-02-02 12:57:49 INFO  Listeners - Test PassedA_testMenu
2026-02-02 12:57:50 INFO  BasePage - Starting of clickOnImageButton method
2026-02-02 12:57:50 INFO  BasePage - Starting of click method
2026-02-02 12:57:51 INFO  BasePage - Ending of click method
2026-02-02 12:57:51 INFO  BasePage - Ending of clickOnImageButton method
2026-02-02 12:57:51 INFO  BaseTest - Ending of setup method
2026-02-02 12:57:51 INFO  Listeners - Test Started  : A_testUploadImages
2026-02-02 12:57:51 INFO  BaseTest - Starting of testUploadImages method
2026-02-02 12:57:51 INFO  BasePage - Starting of uploadImage method
2026-02-02 12:57:51 INFO  BasePage - Starting of sendKeys method
2026-02-02 12:57:51 INFO  BasePage - Ending of sendKeys method
2026-02-02 12:57:51 INFO  BasePage - Ending of uploadImage method
2026-02-02 12:57:51 INFO  BaseTest - Starting of setup method
2026-02-02 12:57:53 INFO  BasePage - Starting of clickOnUploadButton method
2026-02-02 12:57:53 INFO  BasePage - Starting of click method
2026-02-02 12:57:53 INFO  BasePage - Ending of click method
2026-02-02 12:57:53 INFO  BasePage - Ending of clickOnUploadButton method
2026-02-02 12:57:53 INFO  BasePage - Starting of getImageLabel method
2026-02-02 12:57:53 INFO  BasePage - Ending of getImageLabel method
2026-02-02 12:57:53 INFO  BasePage - Starting of getText method
2026-02-02 12:57:53 INFO  BasePage - Ending of getText method
2026-02-02 12:57:53 INFO  BaseTest - Ending of testUploadImages method
2026-02-02 12:57:53 INFO  Listeners - Test PassedA_testUploadImages
2026-02-02 12:57:56 INFO  BasePage - Starting of IframePage constructor
2026-02-02 12:57:56 INFO  BasePage - Ending of IframePage constructor
2026-02-02 12:57:56 INFO  BasePage - Starting of HomePage constructor
2026-02-02 12:57:56 INFO  BasePage - Ending of HomePage constructor
2026-02-02 12:57:56 INFO  BasePage - Starting of LoginPage constructor
2026-02-02 12:57:56 INFO  BasePage - Ending of LoginPage constructor
2026-02-02 12:57:57 INFO  BasePage - Starting of enterEmail method
2026-02-02 12:57:57 INFO  BasePage - Starting of sendKeys method
2026-02-02 12:57:57 INFO  BasePage - Ending of sendKeys method
2026-02-02 12:57:57 INFO  BasePage - Ending of enterEmail method
2026-02-02 12:57:57 INFO  BasePage - Starting of enterPassword method
2026-02-02 12:57:57 INFO  BasePage - Starting of sendKeys method
2026-02-02 12:57:57 INFO  BasePage - Ending of sendKeys method
2026-02-02 12:57:57 INFO  BasePage - Ending of enterPassword method
2026-02-02 12:57:57 INFO  BasePage - Starting of clickOnRememberMe method
2026-02-02 12:57:57 INFO  BasePage - Starting of click method
2026-02-02 12:57:57 INFO  BasePage - Ending of click method
2026-02-02 12:57:57 INFO  BasePage - Ending of clickOnRememberMe method
2026-02-02 12:57:57 INFO  BasePage - Starting of clickOnLoginButton method
2026-02-02 12:57:57 INFO  BasePage - Starting of click method
2026-02-02 12:57:58 INFO  BasePage - Ending of click method
2026-02-02 12:57:58 INFO  BasePage - Ending of clickOnLoginButton method
2026-02-02 12:57:58 INFO  BasePage - Starting of clickOnMoreButton method
2026-02-02 12:57:58 INFO  BasePage - Ending of clickOnMoreButton method
2026-02-02 12:58:01 INFO  BasePage - Starting of clickOnMenuButton method
2026-02-02 12:58:01 INFO  BasePage - Starting of click method
2026-02-02 12:58:01 INFO  BasePage - Ending of click method
2026-02-02 12:58:01 INFO  BasePage - Ending of clickOnMenuButton method
2026-02-02 12:58:01 INFO  BasePage - Starting of clickOnIframeButton method
2026-02-02 12:58:01 INFO  BasePage - Starting of click method
2026-02-02 12:58:02 INFO  BasePage - Ending of click method
2026-02-02 12:58:02 INFO  BasePage - Ending of clickOnIframeButton method
2026-02-02 12:58:02 INFO  BaseTest - Ending of setup method
2026-02-02 12:58:02 INFO  Listeners - Test Started  : A_testIframe
2026-02-02 12:58:02 INFO  BaseTest - Starting of testIframe method
2026-02-02 12:58:02 INFO  BasePage - Starting of getFrameOneText method
2026-02-02 12:58:02 INFO  BasePage - Ending of getFrameOneText method
2026-02-02 12:58:02 INFO  BasePage - Starting of getText method
2026-02-02 12:58:02 INFO  BasePage - Ending of getText method
2026-02-02 12:58:02 INFO  BasePage - Starting of getFrameTwoText method
2026-02-02 12:58:02 INFO  BasePage - Ending of getFrameTwoText method
2026-02-02 12:58:02 INFO  BasePage - Starting of getText method
2026-02-02 12:58:02 INFO  BasePage - Ending of getText method
2026-02-02 12:58:02 INFO  BasePage - Starting of getWelcomeToJalaAcademyText method
2026-02-02 12:58:02 INFO  BasePage - Ending of getWelcomeToJalaAcademyText method
2026-02-02 12:58:02 INFO  BasePage - Starting of getText method
2026-02-02 12:58:02 INFO  BasePage - Ending of getText method
2026-02-02 12:58:02 INFO  BaseTest - Ending of testIframe method
2026-02-02 12:58:02 INFO  Listeners - Test PassedA_testIframe
2026-02-02 12:58:04 INFO  BaseTest - Starting of setup method
2026-02-02 12:58:08 INFO  BasePage - Starting of ImagesPage constructor
2026-02-02 12:58:08 INFO  BasePage - Ending of ImagesPage constructor
2026-02-02 12:58:08 INFO  BasePage - Starting of HomePage constructor
2026-02-02 12:58:08 INFO  BasePage - Ending of HomePage constructor
2026-02-02 12:58:08 INFO  BasePage - Starting of LoginPage constructor
2026-02-02 12:58:08 INFO  BasePage - Ending of LoginPage constructor
2026-02-02 12:58:09 INFO  BasePage - Starting of enterEmail method
2026-02-02 12:58:09 INFO  BasePage - Starting of sendKeys method
2026-02-02 12:58:09 INFO  BasePage - Ending of sendKeys method
2026-02-02 12:58:09 INFO  BasePage - Ending of enterEmail method
2026-02-02 12:58:09 INFO  BasePage - Starting of enterPassword method
2026-02-02 12:58:09 INFO  BasePage - Starting of sendKeys method
2026-02-02 12:58:09 INFO  BasePage - Ending of sendKeys method
2026-02-02 12:58:09 INFO  BasePage - Ending of enterPassword method
2026-02-02 12:58:09 INFO  BasePage - Starting of clickOnRememberMe method
2026-02-02 12:58:09 INFO  BasePage - Starting of click method
2026-02-02 12:58:09 INFO  BasePage - Ending of click method
2026-02-02 12:58:09 INFO  BasePage - Ending of clickOnRememberMe method
2026-02-02 12:58:09 INFO  BasePage - Starting of clickOnLoginButton method
2026-02-02 12:58:09 INFO  BasePage - Starting of click method
2026-02-02 12:58:09 INFO  BasePage - Ending of click method
2026-02-02 12:58:09 INFO  BasePage - Ending of clickOnLoginButton method
2026-02-02 12:58:09 INFO  BasePage - Starting of clickOnMoreButton method
2026-02-02 12:58:10 INFO  BasePage - Ending of clickOnMoreButton method
2026-02-02 12:58:13 INFO  BasePage - Starting of clickOnImageButton method
2026-02-02 12:58:13 INFO  BasePage - Starting of click method
2026-02-02 12:58:13 INFO  BasePage - Ending of click method
2026-02-02 12:58:13 INFO  BasePage - Ending of clickOnImageButton method
2026-02-02 12:58:13 INFO  BaseTest - Ending of setup method
2026-02-02 12:58:13 INFO  Listeners - Test Started  : A_testUploadImages
2026-02-02 12:58:13 INFO  BaseTest - Starting of testUploadImages method
2026-02-02 12:58:13 INFO  BasePage - Starting of uploadImage method
2026-02-02 12:58:13 INFO  BasePage - Starting of sendKeys method
2026-02-02 12:58:13 INFO  BasePage - Ending of sendKeys method
2026-02-02 12:58:13 INFO  BasePage - Ending of uploadImage method
2026-02-02 12:58:15 INFO  BasePage - Starting of clickOnUploadButton method
2026-02-02 12:58:15 INFO  BasePage - Starting of click method
2026-02-02 12:58:15 INFO  BasePage - Ending of click method
2026-02-02 12:58:15 INFO  BasePage - Ending of clickOnUploadButton method
2026-02-02 12:58:15 INFO  BasePage - Starting of getImageLabel method
2026-02-02 12:58:15 INFO  BasePage - Ending of getImageLabel method
2026-02-02 12:58:15 INFO  BasePage - Starting of getText method
2026-02-02 12:58:15 INFO  BasePage - Ending of getText method
2026-02-02 12:58:15 INFO  BaseTest - Ending of testUploadImages method
2026-02-02 12:58:15 INFO  Listeners - Test PassedA_testUploadImages
2026-02-02 13:02:26 INFO  BaseTest - Starting of setup method
2026-02-02 13:02:26 INFO  BaseTest - Starting of setup method
2026-02-02 13:02:29 INFO  BasePage - Starting of LoginPage constructor
2026-02-02 13:02:29 INFO  BasePage - Ending of LoginPage constructor
2026-02-02 13:02:30 INFO  BaseTest - Ending of setup method
2026-02-02 13:02:30 INFO  Listeners - Test Started  : A_TestInvaildLogin
2026-02-02 13:02:30 INFO  BaseTest - Starting of TestInvaildLogin method
2026-02-02 13:02:30 INFO  BasePage - Starting of enterEmail method
2026-02-02 13:02:30 INFO  BasePage - Starting of sendKeys method
2026-02-02 13:02:31 INFO  BasePage - Ending of sendKeys method
2026-02-02 13:02:31 INFO  BasePage - Ending of enterEmail method
2026-02-02 13:02:31 INFO  BasePage - Starting of enterPassword method
2026-02-02 13:02:31 INFO  BasePage - Starting of sendKeys method
2026-02-02 13:02:31 INFO  BasePage - Ending of sendKeys method
2026-02-02 13:02:31 INFO  BasePage - Ending of enterPassword method
2026-02-02 13:02:31 INFO  BasePage - Starting of clickOnRememberMe method
2026-02-02 13:02:31 INFO  BasePage - Starting of click method
2026-02-02 13:02:31 INFO  BasePage - Ending of click method
2026-02-02 13:02:31 INFO  BasePage - Ending of clickOnRememberMe method
2026-02-02 13:02:31 INFO  BasePage - Starting of clickOnLoginButton method
2026-02-02 13:02:31 INFO  BasePage - Starting of click method
2026-02-02 13:02:31 INFO  BasePage - Ending of click method
2026-02-02 13:02:31 INFO  BasePage - Ending of clickOnLoginButton method
2026-02-02 13:02:31 INFO  BaseTest - Ending of TestInvaildLogin method
2026-02-02 13:02:31 INFO  Listeners - Test PassedA_TestInvaildLogin
2026-02-02 13:02:32 INFO  Listeners - Test Started  : B_TestInvaildLogin2
2026-02-02 13:02:32 INFO  BaseTest - Starting of TestInvaildLogin2 method
2026-02-02 13:02:32 INFO  BasePage - Starting of enterEmail method
2026-02-02 13:02:32 INFO  BasePage - Starting of sendKeys method
2026-02-02 13:02:32 INFO  BasePage - Ending of sendKeys method
2026-02-02 13:02:32 INFO  BasePage - Ending of enterEmail method
2026-02-02 13:02:32 INFO  BasePage - Starting of enterPassword method
2026-02-02 13:02:32 INFO  BasePage - Starting of sendKeys method
2026-02-02 13:02:32 INFO  BasePage - Ending of sendKeys method
2026-02-02 13:02:32 INFO  BasePage - Ending of enterPassword method
2026-02-02 13:02:32 INFO  BasePage - Starting of clickOnRememberMe method
2026-02-02 13:02:32 INFO  BasePage - Starting of click method
2026-02-02 13:02:32 INFO  BasePage - Ending of click method
2026-02-02 13:02:32 INFO  BasePage - Ending of clickOnRememberMe method
2026-02-02 13:02:32 INFO  BasePage - Starting of clickOnLoginButton method
2026-02-02 13:02:32 INFO  BasePage - Starting of click method
2026-02-02 13:02:32 INFO  BasePage - Ending of click method
2026-02-02 13:02:32 INFO  BasePage - Ending of clickOnLoginButton method
2026-02-02 13:02:32 INFO  BaseTest - Ending of TestInvaildLogin2 method
2026-02-02 13:02:32 INFO  Listeners - Test PassedB_TestInvaildLogin2
2026-02-02 13:02:32 INFO  Listeners - Test Started  : C_TestInvaildLogin3
2026-02-02 13:02:32 INFO  BaseTest - Starting of TestInvaildLogin3 method
2026-02-02 13:02:32 INFO  BasePage - Starting of enterEmail method
2026-02-02 13:02:32 INFO  BasePage - Starting of sendKeys method
2026-02-02 13:02:32 INFO  BasePage - Ending of sendKeys method
2026-02-02 13:02:32 INFO  BasePage - Ending of enterEmail method
2026-02-02 13:02:32 INFO  BasePage - Starting of enterPassword method
2026-02-02 13:02:32 INFO  BasePage - Starting of sendKeys method
2026-02-02 13:02:33 INFO  BasePage - Ending of sendKeys method
2026-02-02 13:02:33 INFO  BasePage - Ending of enterPassword method
2026-02-02 13:02:33 INFO  BasePage - Starting of clickOnRememberMe method
2026-02-02 13:02:33 INFO  BasePage - Starting of click method
2026-02-02 13:02:33 INFO  BasePage - Ending of click method
2026-02-02 13:02:33 INFO  BasePage - Ending of clickOnRememberMe method
2026-02-02 13:02:33 INFO  BasePage - Starting of clickOnLoginButton method
2026-02-02 13:02:33 INFO  BasePage - Starting of click method
2026-02-02 13:02:33 INFO  BasePage - Ending of click method
2026-02-02 13:02:33 INFO  BasePage - Ending of clickOnLoginButton method
2026-02-02 13:02:33 INFO  BaseTest - Ending of TestInvaildLogin3 method
2026-02-02 13:02:33 INFO  Listeners - Test PassedC_TestInvaildLogin3
2026-02-02 13:02:33 INFO  Listeners - Test Started  : D_testVaildLogin4
2026-02-02 13:02:33 INFO  BaseTest - Starting of testVaildLogin4 method
2026-02-02 13:02:33 INFO  BasePage - Starting of enterEmail method
2026-02-02 13:02:33 INFO  BasePage - Starting of sendKeys method
2026-02-02 13:02:33 INFO  BasePage - Ending of sendKeys method
2026-02-02 13:02:33 INFO  BasePage - Ending of enterEmail method
2026-02-02 13:02:33 INFO  BasePage - Starting of enterPassword method
2026-02-02 13:02:33 INFO  BasePage - Starting of sendKeys method
2026-02-02 13:02:33 INFO  BasePage - Ending of sendKeys method
2026-02-02 13:02:33 INFO  BasePage - Ending of enterPassword method
2026-02-02 13:02:33 INFO  BasePage - Starting of clickOnRememberMe method
2026-02-02 13:02:33 INFO  BasePage - Starting of click method
2026-02-02 13:02:33 INFO  BasePage - Ending of click method
2026-02-02 13:02:33 INFO  BasePage - Ending of clickOnRememberMe method
2026-02-02 13:02:33 INFO  BasePage - Starting of clickOnLoginButton method
2026-02-02 13:02:33 INFO  BasePage - Starting of click method
2026-02-02 13:02:33 INFO  BasePage - Ending of click method
2026-02-02 13:02:33 INFO  BasePage - Ending of clickOnLoginButton method
2026-02-02 13:02:33 INFO  BaseTest - Ending of testVaildLogin4 method
2026-02-02 13:02:33 INFO  Listeners - Test PassedD_testVaildLogin4
2026-02-02 13:02:34 INFO  BaseTest - Starting of setup method
2026-02-02 13:02:34 INFO  BasePage - Starting of LoginPage constructor
2026-02-02 13:02:34 INFO  BasePage - Ending of LoginPage constructor
2026-02-02 13:02:35 INFO  BaseTest - Ending of setup method
2026-02-02 13:02:35 INFO  Listeners - Test Started  : A_TestInvaildLogin
2026-02-02 13:02:35 INFO  BaseTest - Starting of TestInvaildLogin method
2026-02-02 13:02:35 INFO  BasePage - Starting of enterEmail method
2026-02-02 13:02:35 INFO  BasePage - Starting of sendKeys method
2026-02-02 13:02:36 INFO  BasePage - Starting of EmployeeDetails constructor
2026-02-02 13:02:36 INFO  BasePage - Ending of EmployeeDetails constructor
2026-02-02 13:02:36 INFO  BasePage - Starting of LoginPage constructor
2026-02-02 13:02:36 INFO  BasePage - Ending of LoginPage constructor
2026-02-02 13:02:36 INFO  BasePage - Ending of sendKeys method
2026-02-02 13:02:36 INFO  BasePage - Ending of enterEmail method
2026-02-02 13:02:36 INFO  BasePage - Starting of enterPassword method
2026-02-02 13:02:36 INFO  BasePage - Starting of sendKeys method
2026-02-02 13:02:36 INFO  BasePage - Ending of sendKeys method
2026-02-02 13:02:36 INFO  BasePage - Ending of enterPassword method
2026-02-02 13:02:36 INFO  BasePage - Starting of clickOnRememberMe method
2026-02-02 13:02:36 INFO  BasePage - Starting of click method
2026-02-02 13:02:36 INFO  BasePage - Ending of click method
2026-02-02 13:02:36 INFO  BasePage - Ending of clickOnRememberMe method
2026-02-02 13:02:36 INFO  BasePage - Starting of clickOnLoginButton method
2026-02-02 13:02:36 INFO  BasePage - Starting of click method
2026-02-02 13:02:36 INFO  BasePage - Ending of click method
2026-02-02 13:02:36 INFO  BasePage - Ending of clickOnLoginButton method
2026-02-02 13:02:36 INFO  BaseTest - Ending of TestInvaildLogin method
2026-02-02 13:02:36 INFO  Listeners - Test PassedA_TestInvaildLogin
2026-02-02 13:02:36 INFO  Listeners - Test Started  : B_TestInvaildLogin2
2026-02-02 13:02:36 INFO  BaseTest - Starting of TestInvaildLogin2 method
2026-02-02 13:02:36 INFO  BasePage - Starting of enterEmail method
2026-02-02 13:02:36 INFO  BasePage - Starting of sendKeys method
2026-02-02 13:02:37 INFO  BasePage - Ending of sendKeys method
2026-02-02 13:02:37 INFO  BasePage - Ending of enterEmail method
2026-02-02 13:02:37 INFO  BasePage - Starting of enterPassword method
2026-02-02 13:02:37 INFO  BasePage - Starting of sendKeys method
2026-02-02 13:02:37 INFO  BasePage - Ending of sendKeys method
2026-02-02 13:02:37 INFO  BasePage - Ending of enterPassword method
2026-02-02 13:02:37 INFO  BasePage - Starting of clickOnRememberMe method
2026-02-02 13:02:37 INFO  BasePage - Starting of click method
2026-02-02 13:02:37 INFO  BasePage - Starting of enterEmail method
2026-02-02 13:02:37 INFO  BasePage - Starting of sendKeys method
2026-02-02 13:02:37 INFO  BasePage - Ending of click method
2026-02-02 13:02:37 INFO  BasePage - Ending of clickOnRememberMe method
2026-02-02 13:02:37 INFO  BasePage - Starting of clickOnLoginButton method
2026-02-02 13:02:37 INFO  BasePage - Starting of click method
2026-02-02 13:02:37 INFO  BasePage - Ending of click method
2026-02-02 13:02:37 INFO  BasePage - Ending of clickOnLoginButton method
2026-02-02 13:02:37 INFO  BaseTest - Ending of TestInvaildLogin2 method
2026-02-02 13:02:37 INFO  Listeners - Test PassedB_TestInvaildLogin2
2026-02-02 13:02:37 INFO  Listeners - Test Started  : C_TestInvaildLogin3
2026-02-02 13:02:37 INFO  BaseTest - Starting of TestInvaildLogin3 method
2026-02-02 13:02:37 INFO  BasePage - Starting of enterEmail method
2026-02-02 13:02:37 INFO  BasePage - Starting of sendKeys method
2026-02-02 13:02:37 INFO  BasePage - Ending of sendKeys method
2026-02-02 13:02:37 INFO  BasePage - Ending of enterEmail method
2026-02-02 13:02:37 INFO  BasePage - Starting of enterPassword method
2026-02-02 13:02:37 INFO  BasePage - Starting of sendKeys method
2026-02-02 13:02:37 INFO  BasePage - Ending of sendKeys method
2026-02-02 13:02:37 INFO  BasePage - Ending of enterPassword method
2026-02-02 13:02:37 INFO  BasePage - Starting of clickOnRememberMe method
2026-02-02 13:02:37 INFO  BasePage - Starting of click method
2026-02-02 13:02:37 INFO  BasePage - Ending of sendKeys method
2026-02-02 13:02:37 INFO  BasePage - Ending of enterEmail method
2026-02-02 13:02:37 INFO  BasePage - Starting of enterPassword method
2026-02-02 13:02:37 INFO  BasePage - Starting of sendKeys method
2026-02-02 13:02:38 INFO  BasePage - Ending of click method
2026-02-02 13:02:38 INFO  BasePage - Ending of clickOnRememberMe method
2026-02-02 13:02:38 INFO  BasePage - Starting of clickOnLoginButton method
2026-02-02 13:02:38 INFO  BasePage - Starting of click method
2026-02-02 13:02:38 INFO  BasePage - Ending of click method
2026-02-02 13:02:38 INFO  BasePage - Ending of clickOnLoginButton method
2026-02-02 13:02:38 INFO  BaseTest - Ending of TestInvaildLogin3 method
2026-02-02 13:02:38 INFO  Listeners - Test PassedC_TestInvaildLogin3
2026-02-02 13:02:38 INFO  Listeners - Test Started  : D_testVaildLogin4
2026-02-02 13:02:38 INFO  BaseTest - Starting of testVaildLogin4 method
2026-02-02 13:02:38 INFO  BasePage - Starting of enterEmail method
2026-02-02 13:02:38 INFO  BasePage - Starting of sendKeys method
2026-02-02 13:02:38 INFO  BasePage - Ending of sendKeys method
2026-02-02 13:02:38 INFO  BasePage - Ending of enterPassword method
2026-02-02 13:02:38 INFO  BasePage - Starting of clickOnRememberMe method
2026-02-02 13:02:38 INFO  BasePage - Starting of click method
2026-02-02 13:02:38 INFO  BasePage - Ending of sendKeys method
2026-02-02 13:02:38 INFO  BasePage - Ending of enterEmail method
2026-02-02 13:02:38 INFO  BasePage - Starting of enterPassword method
2026-02-02 13:02:38 INFO  BasePage - Starting of sendKeys method
2026-02-02 13:02:38 INFO  BasePage - Ending of sendKeys method
2026-02-02 13:02:38 INFO  BasePage - Ending of enterPassword method
2026-02-02 13:02:38 INFO  BasePage - Starting of clickOnRememberMe method
2026-02-02 13:02:38 INFO  BasePage - Starting of click method
2026-02-02 13:02:38 INFO  BasePage - Ending of click method
2026-02-02 13:02:38 INFO  BasePage - Ending of clickOnRememberMe method
2026-02-02 13:02:38 INFO  BasePage - Starting of clickOnLoginButton method
2026-02-02 13:02:38 INFO  BasePage - Starting of click method
2026-02-02 13:02:38 INFO  BasePage - Ending of click method
2026-02-02 13:02:38 INFO  BasePage - Ending of clickOnRememberMe method
2026-02-02 13:02:38 INFO  BasePage - Starting of clickOnLoginButton method
2026-02-02 13:02:38 INFO  BasePage - Starting of click method
2026-02-02 13:02:38 INFO  BasePage - Ending of click method
2026-02-02 13:02:38 INFO  BasePage - Ending of clickOnLoginButton method
2026-02-02 13:02:38 INFO  BaseTest - Ending of setup method
2026-02-02 13:02:38 INFO  Listeners - Test Started  : A_testVaildEmployeeDetails
2026-02-02 13:02:38 INFO  BaseTest - Starting of testVaildEmployeeDetails method
2026-02-02 13:02:38 INFO  BasePage - Starting of getWelcomeToJalaAcademy method
2026-02-02 13:02:38 INFO  BasePage - Ending of getWelcomeToJalaAcademy method
2026-02-02 13:02:38 INFO  BasePage - Starting of getText method
2026-02-02 13:02:38 INFO  BasePage - Ending of getText method
2026-02-02 13:02:38 INFO  BasePage - Ending of click method
2026-02-02 13:02:38 INFO  BasePage - Ending of clickOnLoginButton method
2026-02-02 13:02:38 INFO  BaseTest - Ending of testVaildLogin4 method
2026-02-02 13:02:38 INFO  Listeners - Test PassedD_testVaildLogin4
2026-02-02 13:02:38 INFO  BasePage - Starting of clickOnEmployeeButton method
2026-02-02 13:02:40 INFO  BaseTest - Starting of setup method
2026-02-02 13:02:40 INFO  BasePage - Starting of click method
2026-02-02 13:02:40 INFO  BasePage - Ending of click method
2026-02-02 13:02:40 INFO  BasePage - Ending of clickOnEmployeeButton method
2026-02-02 13:02:40 INFO  BasePage - Starting of clickOnCreateButton method
2026-02-02 13:02:42 INFO  BasePage - Starting of click method
2026-02-02 13:02:43 INFO  BasePage - Ending of click method
2026-02-02 13:02:43 INFO  BasePage - Ending of clickOnCreateButton method
2026-02-02 13:02:43 INFO  BasePage - Starting of enterFirstName method
2026-02-02 13:02:43 INFO  BasePage - Starting of sendKeys method
2026-02-02 13:02:43 INFO  BasePage - Ending of sendKeys method
2026-02-02 13:02:43 INFO  BasePage - Ending of enterFirstName method
2026-02-02 13:02:43 INFO  BasePage - Starting of enterFirstName method
2026-02-02 13:02:43 INFO  BasePage - Starting of sendKeys method
2026-02-02 13:02:43 INFO  BasePage - Ending of sendKeys method
2026-02-02 13:02:43 INFO  BasePage - Ending of enterFirstName method
2026-02-02 13:02:43 INFO  BasePage - Starting of enterEmailId method
2026-02-02 13:02:43 INFO  BasePage - Starting of sendKeys method
2026-02-02 13:02:44 INFO  BasePage - Ending of sendKeys method
2026-02-02 13:02:44 INFO  BasePage - Ending of enterEmailId method
2026-02-02 13:02:44 INFO  BasePage - Starting of enterMobileNumber method
2026-02-02 13:02:44 INFO  BasePage - Starting of sendKeys method
2026-02-02 13:02:44 INFO  BasePage - Ending of sendKeys method
2026-02-02 13:02:44 INFO  BasePage - Ending of enterMobileNumber method
2026-02-02 13:02:44 INFO  BasePage - Starting of enterDateOfBirth method
2026-02-02 13:02:44 INFO  BasePage - Starting of sendKeys method
2026-02-02 13:02:44 INFO  BasePage - Ending of sendKeys method
2026-02-02 13:02:44 INFO  BasePage - Ending of enterDateOfBirth method
2026-02-02 13:02:44 INFO  BasePage - Starting of clickOnEmployeeButton method
2026-02-02 13:02:46 INFO  BasePage - Starting of EmployeeDetails constructor
2026-02-02 13:02:46 INFO  BasePage - Ending of EmployeeDetails constructor
2026-02-02 13:02:46 INFO  BasePage - Starting of LoginPage constructor
2026-02-02 13:02:46 INFO  BasePage - Ending of LoginPage constructor
2026-02-02 13:02:46 INFO  BasePage - Starting of click method
2026-02-02 13:02:46 INFO  BasePage - Ending of click method
2026-02-02 13:02:46 INFO  BasePage - Ending of clickOnEmployeeButton method
2026-02-02 13:02:46 INFO  BasePage - Starting of enterAddress method
2026-02-02 13:02:46 INFO  BasePage - Starting of sendKeys method
2026-02-02 13:02:46 INFO  BasePage - Ending of sendKeys method
2026-02-02 13:02:46 INFO  BasePage - Ending of enterAddress method
2026-02-02 13:02:46 INFO  BasePage - Starting of clickOnSelectCity method
2026-02-02 13:02:46 INFO  BasePage - Starting of click method
2026-02-02 13:02:47 INFO  BasePage - Ending of click method
2026-02-02 13:02:47 INFO  BasePage - Ending of clickOnSelectCity method
2026-02-02 13:02:47 INFO  BasePage - Starting of clickOnIndia method
2026-02-02 13:02:47 INFO  BasePage - Starting of click method
2026-02-02 13:02:47 INFO  BasePage - Starting of enterEmail method
2026-02-02 13:02:47 INFO  BasePage - Starting of sendKeys method
2026-02-02 13:02:47 INFO  BasePage - Ending of click method
2026-02-02 13:02:47 INFO  BasePage - Ending of clickOnIndia method
2026-02-02 13:02:47 INFO  BasePage - Ending of sendKeys method
2026-02-02 13:02:47 INFO  BasePage - Ending of enterEmail method
2026-02-02 13:02:47 INFO  BasePage - Starting of enterPassword method
2026-02-02 13:02:47 INFO  BasePage - Starting of sendKeys method
2026-02-02 13:02:47 INFO  BasePage - Ending of sendKeys method
2026-02-02 13:02:47 INFO  BasePage - Ending of enterPassword method
2026-02-02 13:02:47 INFO  BasePage - Starting of clickOnRememberMe method
2026-02-02 13:02:47 INFO  BasePage - Starting of click method
2026-02-02 13:02:47 INFO  BasePage - Ending of click method
2026-02-02 13:02:47 INFO  BasePage - Ending of clickOnRememberMe method
2026-02-02 13:02:47 INFO  BasePage - Starting of clickOnLoginButton method
2026-02-02 13:02:47 INFO  BasePage - Starting of click method
2026-02-02 13:02:47 INFO  BasePage - Ending of click method
2026-02-02 13:02:47 INFO  BasePage - Ending of clickOnLoginButton method
2026-02-02 13:02:47 INFO  BaseTest - Ending of setup method
2026-02-02 13:02:47 INFO  Listeners - Test Started  : A_testVaildEmployeeDetails
2026-02-02 13:02:47 INFO  BaseTest - Starting of testVaildEmployeeDetails method
2026-02-02 13:02:47 INFO  BasePage - Starting of getWelcomeToJalaAcademy method
2026-02-02 13:02:47 INFO  BasePage - Ending of getWelcomeToJalaAcademy method
2026-02-02 13:02:47 INFO  BasePage - Starting of getText method
2026-02-02 13:02:47 INFO  BasePage - Ending of getText method
2026-02-02 13:02:48 INFO  BasePage - Starting of clickOnEmployeeButton method
2026-02-02 13:02:50 INFO  BasePage - Starting of clickOnSelectCity method
2026-02-02 13:02:50 INFO  BasePage - Starting of click method
2026-02-02 13:02:50 INFO  BasePage - Starting of click method
2026-02-02 13:02:50 INFO  BasePage - Ending of click method
2026-02-02 13:02:50 INFO  BasePage - Ending of clickOnEmployeeButton method
2026-02-02 13:02:50 INFO  BasePage - Starting of clickOnCreateButton method
2026-02-02 13:02:50 INFO  BasePage - Ending of click method
2026-02-02 13:02:50 INFO  BasePage - Ending of clickOnSelectCity method
2026-02-02 13:02:50 INFO  BasePage - Starting of clickOnHyderabad method
2026-02-02 13:02:50 INFO  BasePage - Starting of click method
2026-02-02 13:02:50 INFO  BasePage - Ending of click method
2026-02-02 13:02:50 INFO  BasePage - Ending of clickOnHyderabad method
2026-02-02 13:02:50 INFO  BasePage - Starting of clickOnQaAutomation method
2026-02-02 13:02:50 INFO  BasePage - Starting of click method
2026-02-02 13:02:50 INFO  BasePage - Ending of click method
2026-02-02 13:02:50 INFO  BasePage - Ending of clickOnQaAutomation method
2026-02-02 13:02:50 INFO  BasePage - Starting of clickOnIndia method
2026-02-02 13:02:50 INFO  BasePage - Starting of click method
2026-02-02 13:02:50 INFO  BasePage - Ending of click method
2026-02-02 13:02:50 INFO  BasePage - Ending of clickOnIndia method
2026-02-02 13:02:50 INFO  BaseTest - Ending of testVaildEmployeeDetails method
2026-02-02 13:02:50 INFO  Listeners - Test PassedA_testVaildEmployeeDetails
2026-02-02 13:02:51 INFO  BaseTest - Starting of setup method
2026-02-02 13:02:52 INFO  BasePage - Starting of click method
2026-02-02 13:02:52 INFO  BasePage - Starting of LoginPage constructor
2026-02-02 13:02:52 INFO  BasePage - Ending of LoginPage constructor
2026-02-02 13:02:52 INFO  BasePage - Starting of EmployeeDetails constructor
2026-02-02 13:02:52 INFO  BasePage - Ending of EmployeeDetails constructor
2026-02-02 13:02:52 INFO  BasePage - Starting of SearchEmployee method
2026-02-02 13:02:52 INFO  BasePage - Ending of SearchEmployee method
2026-02-02 13:02:53 INFO  BasePage - Ending of click method
2026-02-02 13:02:53 INFO  BasePage - Ending of clickOnCreateButton method
2026-02-02 13:02:53 INFO  BasePage - Starting of enterFirstName method
2026-02-02 13:02:53 INFO  BasePage - Starting of sendKeys method
2026-02-02 13:02:53 INFO  BasePage - Ending of sendKeys method
2026-02-02 13:02:53 INFO  BasePage - Ending of enterFirstName method
2026-02-02 13:02:53 INFO  BasePage - Starting of enterFirstName method
2026-02-02 13:02:53 INFO  BasePage - Starting of sendKeys method
2026-02-02 13:02:53 INFO  BasePage - Ending of sendKeys method
2026-02-02 13:02:53 INFO  BasePage - Ending of enterFirstName method
2026-02-02 13:02:53 INFO  BasePage - Starting of enterEmailId method
2026-02-02 13:02:53 INFO  BasePage - Starting of sendKeys method
2026-02-02 13:02:53 INFO  BasePage - Ending of sendKeys method
2026-02-02 13:02:53 INFO  BasePage - Ending of enterEmailId method
2026-02-02 13:02:53 INFO  BasePage - Starting of enterMobileNumber method
2026-02-02 13:02:53 INFO  BasePage - Starting of sendKeys method
2026-02-02 13:02:53 INFO  BasePage - Ending of sendKeys method
2026-02-02 13:02:53 INFO  BasePage - Ending of enterMobileNumber method
2026-02-02 13:02:53 INFO  BasePage - Starting of enterDateOfBirth method
2026-02-02 13:02:53 INFO  BasePage - Starting of sendKeys method
2026-02-02 13:02:53 INFO  BasePage - Ending of sendKeys method
2026-02-02 13:02:53 INFO  BasePage - Ending of enterDateOfBirth method
2026-02-02 13:02:53 INFO  BasePage - Starting of clickOnEmployeeButton method
2026-02-02 13:02:54 INFO  BasePage - Starting of enterEmail method
2026-02-02 13:02:54 INFO  BasePage - Starting of sendKeys method
2026-02-02 13:02:54 INFO  BasePage - Ending of sendKeys method
2026-02-02 13:02:54 INFO  BasePage - Ending of enterEmail method
2026-02-02 13:02:54 INFO  BasePage - Starting of enterPassword method
2026-02-02 13:02:54 INFO  BasePage - Starting of sendKeys method
2026-02-02 13:02:54 INFO  BasePage - Ending of sendKeys method
2026-02-02 13:02:54 INFO  BasePage - Ending of enterPassword method
2026-02-02 13:02:54 INFO  BasePage - Starting of clickOnRememberMe method
2026-02-02 13:02:54 INFO  BasePage - Starting of click method
2026-02-02 13:02:54 INFO  BasePage - Ending of click method
2026-02-02 13:02:54 INFO  BasePage - Ending of clickOnRememberMe method
2026-02-02 13:02:54 INFO  BasePage - Starting of clickOnLoginButton method
2026-02-02 13:02:54 INFO  BasePage - Starting of click method
2026-02-02 13:02:54 INFO  BasePage - Ending of click method
2026-02-02 13:02:54 INFO  BasePage - Ending of clickOnLoginButton method
2026-02-02 13:02:54 INFO  BasePage - Starting of clickOnEmployeeButton method
2026-02-02 13:02:55 INFO  BasePage - Starting of click method
2026-02-02 13:02:55 INFO  BasePage - Ending of click method
2026-02-02 13:02:55 INFO  BasePage - Ending of clickOnEmployeeButton method
2026-02-02 13:02:55 INFO  BasePage - Starting of enterAddress method
2026-02-02 13:02:55 INFO  BasePage - Starting of sendKeys method
2026-02-02 13:02:55 INFO  BasePage - Ending of sendKeys method
2026-02-02 13:02:55 INFO  BasePage - Ending of enterAddress method
2026-02-02 13:02:55 INFO  BasePage - Starting of clickOnSelectCity method
2026-02-02 13:02:55 INFO  BasePage - Starting of click method
2026-02-02 13:02:56 INFO  BasePage - Ending of click method
2026-02-02 13:02:56 INFO  BasePage - Ending of clickOnSelectCity method
2026-02-02 13:02:56 INFO  BasePage - Starting of clickOnIndia method
2026-02-02 13:02:56 INFO  BasePage - Starting of click method
2026-02-02 13:02:56 INFO  BasePage - Ending of click method
2026-02-02 13:02:56 INFO  BasePage - Ending of clickOnIndia method
2026-02-02 13:02:56 INFO  BasePage - Starting of click method
2026-02-02 13:02:57 INFO  BasePage - Ending of click method
2026-02-02 13:02:57 INFO  BasePage - Ending of clickOnEmployeeButton method
2026-02-02 13:02:57 INFO  BaseTest - Ending of setup method
2026-02-02 13:02:57 INFO  Listeners - Test Started  : A_testSearchEmployee
2026-02-02 13:02:57 INFO  BaseTest - Starting of testSearchEmployee method
2026-02-02 13:02:59 INFO  BasePage - Starting of clickOnSelectCity method
2026-02-02 13:02:59 INFO  BasePage - Starting of click method
2026-02-02 13:02:59 INFO  BasePage - Ending of click method
2026-02-02 13:02:59 INFO  BasePage - Ending of clickOnSelectCity method
2026-02-02 13:02:59 INFO  BasePage - Starting of clickOnHyderabad method
2026-02-02 13:02:59 INFO  BasePage - Starting of click method
2026-02-02 13:02:59 INFO  BasePage - Ending of click method
2026-02-02 13:02:59 INFO  BasePage - Ending of clickOnHyderabad method
2026-02-02 13:02:59 INFO  BasePage - Starting of clickOnQaAutomation method
2026-02-02 13:02:59 INFO  BasePage - Starting of click method
2026-02-02 13:03:00 INFO  BasePage - Ending of click method
2026-02-02 13:03:00 INFO  BasePage - Ending of clickOnQaAutomation method
2026-02-02 13:03:00 INFO  BasePage - Starting of clickOnIndia method
2026-02-02 13:03:00 INFO  BasePage - Starting of click method
2026-02-02 13:03:00 INFO  BasePage - Ending of click method
2026-02-02 13:03:00 INFO  BasePage - Ending of clickOnIndia method
2026-02-02 13:03:00 INFO  BaseTest - Ending of testVaildEmployeeDetails method
2026-02-02 13:03:00 INFO  Listeners - Test PassedA_testVaildEmployeeDetails
2026-02-02 13:03:00 INFO  BasePage - Starting of clickOnSearch method
2026-02-02 13:03:00 INFO  BasePage - Starting of click method
2026-02-02 13:03:01 INFO  BasePage - Ending of click method
2026-02-02 13:03:01 INFO  BasePage - Ending of clickOnSearch method
2026-02-02 13:03:01 INFO  BasePage - Starting of enterEmployeeName method
2026-02-02 13:03:01 INFO  BasePage - Starting of sendKeys method
2026-02-02 13:03:01 INFO  BasePage - Ending of sendKeys method
2026-02-02 13:03:01 INFO  BasePage - Ending of enterEmployeeName method
2026-02-02 13:03:01 INFO  BasePage - Starting of enterPassword method
2026-02-02 13:03:01 INFO  BasePage - Starting of sendKeys method
2026-02-02 13:03:01 INFO  BasePage - Ending of sendKeys method
2026-02-02 13:03:01 INFO  BasePage - Ending of enterPassword method
2026-02-02 13:03:01 INFO  BasePage - Starting of clickOnSearch1 method
2026-02-02 13:03:01 INFO  BasePage - Starting of click method
2026-02-02 13:03:01 INFO  BasePage - Ending of click method
2026-02-02 13:03:01 INFO  BasePage - Ending of setup method
2026-02-02 13:03:02 INFO  BaseTest - Starting of setup method
2026-02-02 13:03:04 INFO  BaseTest - Ending of testSearchEmployee method
2026-02-02 13:03:04 INFO  Listeners - Test PassedA_testSearchEmployee
2026-02-02 13:03:05 INFO  BaseTest - Starting of setup method
2026-02-02 13:03:06 INFO  BasePage - Starting of MenuPage constructor
2026-02-02 13:03:06 INFO  BasePage - Ending of MenuPage constructor
2026-02-02 13:03:06 INFO  BasePage - Starting of HomePage constructor
2026-02-02 13:03:06 INFO  BasePage - Ending of HomePage constructor
2026-02-02 13:03:06 INFO  BasePage - Starting of LoginPage constructor
2026-02-02 13:03:06 INFO  BasePage - Ending of LoginPage constructor
2026-02-02 13:03:07 INFO  BasePage - Starting of enterEmail method
2026-02-02 13:03:07 INFO  BasePage - Starting of sendKeys method
2026-02-02 13:03:08 INFO  BasePage - Ending of sendKeys method
2026-02-02 13:03:08 INFO  BasePage - Ending of enterEmail method
2026-02-02 13:03:08 INFO  BasePage - Starting of enterPassword method
2026-02-02 13:03:08 INFO  BasePage - Starting of sendKeys method
2026-02-02 13:03:08 INFO  BasePage - Ending of sendKeys method
2026-02-02 13:03:08 INFO  BasePage - Ending of enterPassword method
2026-02-02 13:03:08 INFO  BasePage - Starting of clickOnRememberMe method
2026-02-02 13:03:08 INFO  BasePage - Starting of click method
2026-02-02 13:03:08 INFO  BasePage - Ending of click method
2026-02-02 13:03:08 INFO  BasePage - Ending of clickOnRememberMe method
2026-02-02 13:03:08 INFO  BasePage - Starting of clickOnLoginButton method
2026-02-02 13:03:08 INFO  BasePage - Starting of click method
2026-02-02 13:03:08 INFO  BasePage - Ending of click method
2026-02-02 13:03:08 INFO  BasePage - Ending of clickOnLoginButton method
2026-02-02 13:03:08 INFO  BasePage - Starting of clickOnMoreButton method
2026-02-02 13:03:09 INFO  BasePage - Ending of clickOnMoreButton method
2026-02-02 13:03:10 INFO  BasePage - Starting of LoginPage constructor
2026-02-02 13:03:10 INFO  BasePage - Ending of LoginPage constructor
2026-02-02 13:03:10 INFO  BasePage - Starting of EmployeeDetails constructor
2026-02-02 13:03:10 INFO  BasePage - Ending of EmployeeDetails constructor
2026-02-02 13:03:10 INFO  BasePage - Starting of SearchEmployee method
2026-02-02 13:03:10 INFO  BasePage - Ending of SearchEmployee method
2026-02-02 13:03:12 INFO  BasePage - Starting of clickOnMenuButton method
2026-02-02 13:03:12 INFO  BasePage - Starting of click method
2026-02-02 13:03:12 INFO  BasePage - Starting of enterEmail method
2026-02-02 13:03:12 INFO  BasePage - Starting of sendKeys method
2026-02-02 13:03:12 INFO  BasePage - Ending of sendKeys method
2026-02-02 13:03:12 INFO  BasePage - Ending of enterEmail method
2026-02-02 13:03:12 INFO  BasePage - Starting of enterPassword method
2026-02-02 13:03:12 INFO  BasePage - Starting of sendKeys method
2026-02-02 13:03:12 INFO  BasePage - Ending of click method
2026-02-02 13:03:12 INFO  BasePage - Ending of clickOnMenuButton method
2026-02-02 13:03:12 INFO  BaseTest - Ending of setup method
2026-02-02 13:03:12 INFO  Listeners - Test Started  : A_testMenu
2026-02-02 13:03:12 INFO  BaseTest - Starting of testMenu method
2026-02-02 13:03:12 INFO  BasePage - Starting of clickOnSubMenuButton method
2026-02-02 13:03:12 INFO  BasePage - Starting of click method
2026-02-02 13:03:12 INFO  BasePage - Ending of sendKeys method
2026-02-02 13:03:12 INFO  BasePage - Ending of enterPassword method
2026-02-02 13:03:12 INFO  BasePage - Starting of clickOnRememberMe method
2026-02-02 13:03:12 INFO  BasePage - Starting of click method
2026-02-02 13:03:13 INFO  BasePage - Ending of click method
2026-02-02 13:03:13 INFO  BasePage - Ending of clickOnRememberMe method
2026-02-02 13:03:13 INFO  BasePage - Starting of clickOnLoginButton method
2026-02-02 13:03:13 INFO  BasePage - Starting of click method
2026-02-02 13:03:13 INFO  BasePage - Ending of click method
2026-02-02 13:03:13 INFO  BasePage - Ending of clickOnSubMenuButton method
2026-02-02 13:03:13 INFO  BaseTest - Ending of testMenu method
2026-02-02 13:03:13 INFO  Listeners - Test PassedA_testMenu
2026-02-02 13:03:13 INFO  BasePage - Ending of click method
2026-02-02 13:03:13 INFO  BasePage - Ending of clickOnLoginButton method
2026-02-02 13:03:13 INFO  BasePage - Starting of clickOnEmployeeButton method
2026-02-02 13:03:13 INFO  BaseTest - Starting of setup method
2026-02-02 13:03:14 INFO  BasePage - Starting of IframePage constructor
2026-02-02 13:03:14 INFO  BasePage - Ending of IframePage constructor
2026-02-02 13:03:14 INFO  BasePage - Starting of HomePage constructor
2026-02-02 13:03:14 INFO  BasePage - Ending of HomePage constructor
2026-02-02 13:03:14 INFO  BasePage - Starting of LoginPage constructor
2026-02-02 13:03:14 INFO  BasePage - Ending of LoginPage constructor
2026-02-02 13:03:15 INFO  BasePage - Starting of click method
2026-02-02 13:03:15 INFO  BasePage - Ending of click method
2026-02-02 13:03:15 INFO  BasePage - Ending of clickOnEmployeeButton method
2026-02-02 13:03:15 INFO  BaseTest - Ending of setup method
2026-02-02 13:03:15 INFO  Listeners - Test Started  : A_testSearchEmployee
2026-02-02 13:03:15 INFO  BaseTest - Starting of testSearchEmployee method
2026-02-02 13:03:15 INFO  BasePage - Starting of enterEmail method
2026-02-02 13:03:15 INFO  BasePage - Starting of sendKeys method
2026-02-02 13:03:15 INFO  BasePage - Ending of sendKeys method
2026-02-02 13:03:15 INFO  BasePage - Ending of enterEmail method
2026-02-02 13:03:15 INFO  BasePage - Starting of enterPassword method
2026-02-02 13:03:15 INFO  BasePage - Starting of sendKeys method
2026-02-02 13:03:15 INFO  BasePage - Ending of sendKeys method
2026-02-02 13:03:15 INFO  BasePage - Ending of enterPassword method
2026-02-02 13:03:15 INFO  BasePage - Starting of clickOnRememberMe method
2026-02-02 13:03:15 INFO  BasePage - Starting of click method
2026-02-02 13:03:16 INFO  BasePage - Ending of click method
2026-02-02 13:03:16 INFO  BasePage - Ending of clickOnRememberMe method
2026-02-02 13:03:16 INFO  BasePage - Starting of clickOnLoginButton method
2026-02-02 13:03:16 INFO  BasePage - Starting of click method
2026-02-02 13:03:16 INFO  BasePage - Ending of click method
2026-02-02 13:03:16 INFO  BasePage - Ending of clickOnLoginButton method
2026-02-02 13:03:16 INFO  BasePage - Starting of clickOnMoreButton method
2026-02-02 13:03:16 INFO  BasePage - Ending of clickOnMoreButton method
2026-02-02 13:03:18 INFO  BasePage - Starting of clickOnSearch method
2026-02-02 13:03:18 INFO  BasePage - Starting of click method
2026-02-02 13:03:19 INFO  BasePage - Ending of click method
2026-02-02 13:03:19 INFO  BasePage - Ending of clickOnSearch method
2026-02-02 13:03:19 INFO  BasePage - Starting of enterEmployeeName method
2026-02-02 13:03:19 INFO  BasePage - Starting of sendKeys method
2026-02-02 13:03:19 INFO  BasePage - Ending of sendKeys method
2026-02-02 13:03:19 INFO  BasePage - Ending of enterEmployeeName method
2026-02-02 13:03:19 INFO  BasePage - Starting of enterPassword method
2026-02-02 13:03:19 INFO  BasePage - Starting of sendKeys method
2026-02-02 13:03:19 INFO  BasePage - Ending of sendKeys method
2026-02-02 13:03:19 INFO  BasePage - Ending of enterPassword method
2026-02-02 13:03:19 INFO  BasePage - Starting of clickOnSearch1 method
2026-02-02 13:03:19 INFO  BasePage - Starting of click method
2026-02-02 13:03:19 INFO  BasePage - Ending of click method
2026-02-02 13:03:19 INFO  BasePage - Ending of setup method
2026-02-02 13:03:19 INFO  BasePage - Starting of clickOnMenuButton method
2026-02-02 13:03:19 INFO  BasePage - Starting of click method
2026-02-02 13:03:20 INFO  BasePage - Ending of click method
2026-02-02 13:03:20 INFO  BasePage - Ending of clickOnMenuButton method
2026-02-02 13:03:20 INFO  BasePage - Starting of clickOnIframeButton method
2026-02-02 13:03:20 INFO  BasePage - Starting of click method
2026-02-02 13:03:21 INFO  BasePage - Ending of click method
2026-02-02 13:03:21 INFO  BasePage - Ending of clickOnIframeButton method
2026-02-02 13:03:21 INFO  BaseTest - Ending of setup method
2026-02-02 13:03:21 INFO  Listeners - Test Started  : A_testIframe
2026-02-02 13:03:21 INFO  BaseTest - Starting of testIframe method
2026-02-02 13:03:21 INFO  BasePage - Starting of getFrameOneText method
2026-02-02 13:03:21 INFO  BasePage - Ending of getFrameOneText method
2026-02-02 13:03:21 INFO  BasePage - Starting of getText method
2026-02-02 13:03:21 INFO  BasePage - Ending of getText method
2026-02-02 13:03:21 INFO  BasePage - Starting of getFrameTwoText method
2026-02-02 13:03:21 INFO  BasePage - Ending of getFrameTwoText method
2026-02-02 13:03:21 INFO  BasePage - Starting of getText method
2026-02-02 13:03:21 INFO  BasePage - Ending of getText method
2026-02-02 13:03:21 INFO  BasePage - Starting of getWelcomeToJalaAcademyText method
2026-02-02 13:03:21 INFO  BasePage - Ending of getWelcomeToJalaAcademyText method
2026-02-02 13:03:21 INFO  BasePage - Starting of getText method
2026-02-02 13:03:21 INFO  BasePage - Ending of getText method
2026-02-02 13:03:21 INFO  BaseTest - Ending of testIframe method
2026-02-02 13:03:21 INFO  Listeners - Test PassedA_testIframe
2026-02-02 13:03:21 INFO  BaseTest - Starting of setup method
2026-02-02 13:03:22 INFO  BaseTest - Ending of testSearchEmployee method
2026-02-02 13:03:22 INFO  Listeners - Test PassedA_testSearchEmployee
2026-02-02 13:03:22 INFO  BasePage - Starting of ImagesPage constructor
2026-02-02 13:03:22 INFO  BasePage - Ending of ImagesPage constructor
2026-02-02 13:03:22 INFO  BasePage - Starting of HomePage constructor
2026-02-02 13:03:22 INFO  BasePage - Ending of HomePage constructor
2026-02-02 13:03:22 INFO  BasePage - Starting of LoginPage constructor
2026-02-02 13:03:22 INFO  BasePage - Ending of LoginPage constructor
2026-02-02 13:03:23 INFO  BasePage - Starting of enterEmail method
2026-02-02 13:03:23 INFO  BasePage - Starting of sendKeys method
2026-02-02 13:03:24 INFO  BasePage - Ending of sendKeys method
2026-02-02 13:03:24 INFO  BasePage - Ending of enterEmail method
2026-02-02 13:03:24 INFO  BasePage - Starting of enterPassword method
2026-02-02 13:03:24 INFO  BasePage - Starting of sendKeys method
2026-02-02 13:03:24 INFO  BasePage - Ending of sendKeys method
2026-02-02 13:03:24 INFO  BasePage - Ending of enterPassword method
2026-02-02 13:03:24 INFO  BasePage - Starting of clickOnRememberMe method
2026-02-02 13:03:24 INFO  BasePage - Starting of click method
2026-02-02 13:03:24 INFO  BasePage - Ending of click method
2026-02-02 13:03:24 INFO  BasePage - Ending of clickOnRememberMe method
2026-02-02 13:03:24 INFO  BasePage - Starting of clickOnLoginButton method
2026-02-02 13:03:24 INFO  BasePage - Starting of click method
2026-02-02 13:03:24 INFO  BaseTest - Starting of setup method
2026-02-02 13:03:24 INFO  BasePage - Ending of click method
2026-02-02 13:03:24 INFO  BasePage - Ending of clickOnLoginButton method
2026-02-02 13:03:24 INFO  BasePage - Starting of clickOnMoreButton method
2026-02-02 13:03:25 INFO  BasePage - Ending of clickOnMoreButton method
2026-02-02 13:03:28 INFO  BasePage - Starting of clickOnImageButton method
2026-02-02 13:03:28 INFO  BasePage - Starting of click method
2026-02-02 13:03:28 INFO  BasePage - Ending of click method
2026-02-02 13:03:28 INFO  BasePage - Ending of clickOnImageButton method
2026-02-02 13:03:28 INFO  BaseTest - Ending of setup method
2026-02-02 13:03:28 INFO  Listeners - Test Started  : A_testUploadImages
2026-02-02 13:03:28 INFO  BaseTest - Starting of testUploadImages method
2026-02-02 13:03:28 INFO  BasePage - Starting of uploadImage method
2026-02-02 13:03:28 INFO  BasePage - Starting of sendKeys method
2026-02-02 13:03:28 INFO  BasePage - Ending of sendKeys method
2026-02-02 13:03:28 INFO  BasePage - Ending of uploadImage method
2026-02-02 13:03:30 INFO  BasePage - Starting of MenuPage constructor
2026-02-02 13:03:30 INFO  BasePage - Ending of MenuPage constructor
2026-02-02 13:03:30 INFO  BasePage - Starting of HomePage constructor
2026-02-02 13:03:30 INFO  BasePage - Ending of HomePage constructor
2026-02-02 13:03:30 INFO  BasePage - Starting of LoginPage constructor
2026-02-02 13:03:30 INFO  BasePage - Ending of LoginPage constructor
2026-02-02 13:03:30 INFO  BasePage - Starting of clickOnUploadButton method
2026-02-02 13:03:30 INFO  BasePage - Starting of click method
2026-02-02 13:03:30 INFO  BasePage - Ending of click method
2026-02-02 13:03:30 INFO  BasePage - Ending of clickOnUploadButton method
2026-02-02 13:03:30 INFO  BasePage - Starting of getImageLabel method
2026-02-02 13:03:30 INFO  BasePage - Ending of getImageLabel method
2026-02-02 13:03:30 INFO  BasePage - Starting of getText method
2026-02-02 13:03:30 INFO  BasePage - Ending of getText method
2026-02-02 13:03:30 INFO  BaseTest - Ending of testUploadImages method
2026-02-02 13:03:30 INFO  Listeners - Test PassedA_testUploadImages
2026-02-02 13:03:31 INFO  BasePage - Starting of enterEmail method
2026-02-02 13:03:31 INFO  BasePage - Starting of sendKeys method
2026-02-02 13:03:32 INFO  BasePage - Ending of sendKeys method
2026-02-02 13:03:32 INFO  BasePage - Ending of enterEmail method
2026-02-02 13:03:32 INFO  BasePage - Starting of enterPassword method
2026-02-02 13:03:32 INFO  BasePage - Starting of sendKeys method
2026-02-02 13:03:32 INFO  BasePage - Ending of sendKeys method
2026-02-02 13:03:32 INFO  BasePage - Ending of enterPassword method
2026-02-02 13:03:32 INFO  BasePage - Starting of clickOnRememberMe method
2026-02-02 13:03:32 INFO  BasePage - Starting of click method
2026-02-02 13:03:32 INFO  BasePage - Ending of click method
2026-02-02 13:03:32 INFO  BasePage - Ending of clickOnRememberMe method
2026-02-02 13:03:32 INFO  BasePage - Starting of clickOnLoginButton method
2026-02-02 13:03:32 INFO  BasePage - Starting of click method
2026-02-02 13:03:32 INFO  BasePage - Ending of click method
2026-02-02 13:03:32 INFO  BasePage - Ending of clickOnLoginButton method
2026-02-02 13:03:32 INFO  BasePage - Starting of clickOnMoreButton method
2026-02-02 13:03:32 INFO  BasePage - Ending of clickOnMoreButton method
2026-02-02 13:03:36 INFO  BasePage - Starting of clickOnMenuButton method
2026-02-02 13:03:36 INFO  BasePage - Starting of click method
2026-02-02 13:03:36 INFO  BasePage - Ending of click method
2026-02-02 13:03:36 INFO  BasePage - Ending of clickOnMenuButton method
2026-02-02 13:03:36 INFO  BaseTest - Ending of setup method
2026-02-02 13:03:36 INFO  Listeners - Test Started  : A_testMenu
2026-02-02 13:03:36 INFO  BaseTest - Starting of testMenu method
2026-02-02 13:03:36 INFO  BasePage - Starting of clickOnSubMenuButton method
2026-02-02 13:03:36 INFO  BasePage - Starting of click method
2026-02-02 13:03:36 INFO  BasePage - Ending of click method
2026-02-02 13:03:36 INFO  BasePage - Ending of clickOnSubMenuButton method
2026-02-02 13:03:36 INFO  BaseTest - Ending of testMenu method
2026-02-02 13:03:36 INFO  Listeners - Test PassedA_testMenu
2026-02-02 13:03:37 INFO  BaseTest - Starting of setup method
2026-02-02 13:03:41 INFO  BasePage - Starting of IframePage constructor
2026-02-02 13:03:41 INFO  BasePage - Ending of IframePage constructor
2026-02-02 13:03:41 INFO  BasePage - Starting of HomePage constructor
2026-02-02 13:03:41 INFO  BasePage - Ending of HomePage constructor
2026-02-02 13:03:41 INFO  BasePage - Starting of LoginPage constructor
2026-02-02 13:03:41 INFO  BasePage - Ending of LoginPage constructor
2026-02-02 13:03:42 INFO  BasePage - Starting of enterEmail method
2026-02-02 13:03:42 INFO  BasePage - Starting of sendKeys method
2026-02-02 13:03:42 INFO  BasePage - Ending of sendKeys method
2026-02-02 13:03:42 INFO  BasePage - Ending of enterEmail method
2026-02-02 13:03:42 INFO  BasePage - Starting of enterPassword method
2026-02-02 13:03:42 INFO  BasePage - Starting of sendKeys method
2026-02-02 13:03:42 INFO  BasePage - Ending of sendKeys method
2026-02-02 13:03:42 INFO  BasePage - Ending of enterPassword method
2026-02-02 13:03:42 INFO  BasePage - Starting of clickOnRememberMe method
2026-02-02 13:03:42 INFO  BasePage - Starting of click method
2026-02-02 13:03:42 INFO  BasePage - Ending of click method
2026-02-02 13:03:42 INFO  BasePage - Ending of clickOnRememberMe method
2026-02-02 13:03:42 INFO  BasePage - Starting of clickOnLoginButton method
2026-02-02 13:03:42 INFO  BasePage - Starting of click method
2026-02-02 13:03:42 INFO  BasePage - Ending of click method
2026-02-02 13:03:42 INFO  BasePage - Ending of clickOnLoginButton method
2026-02-02 13:03:42 INFO  BasePage - Starting of clickOnMoreButton method
2026-02-02 13:03:43 INFO  BasePage - Ending of clickOnMoreButton method
2026-02-02 13:03:46 INFO  BasePage - Starting of clickOnMenuButton method
2026-02-02 13:03:46 INFO  BasePage - Starting of click method
2026-02-02 13:03:47 INFO  BasePage - Ending of click method
2026-02-02 13:03:47 INFO  BasePage - Ending of clickOnMenuButton method
2026-02-02 13:03:47 INFO  BasePage - Starting of clickOnIframeButton method
2026-02-02 13:03:47 INFO  BasePage - Starting of click method
2026-02-02 13:03:47 INFO  BasePage - Ending of click method
2026-02-02 13:03:47 INFO  BasePage - Ending of clickOnIframeButton method
2026-02-02 13:03:47 INFO  BaseTest - Ending of setup method
2026-02-02 13:03:47 INFO  Listeners - Test Started  : A_testIframe
2026-02-02 13:03:47 INFO  BaseTest - Starting of testIframe method
2026-02-02 13:03:47 INFO  BasePage - Starting of getFrameOneText method
2026-02-02 13:03:47 INFO  BasePage - Ending of getFrameOneText method
2026-02-02 13:03:47 INFO  BasePage - Starting of getText method
2026-02-02 13:03:47 INFO  BasePage - Ending of getText method
2026-02-02 13:03:47 INFO  BasePage - Starting of getFrameTwoText method
2026-02-02 13:03:47 INFO  BasePage - Ending of getFrameTwoText method
2026-02-02 13:03:47 INFO  BasePage - Starting of getText method
2026-02-02 13:03:47 INFO  BasePage - Ending of getText method
2026-02-02 13:03:47 INFO  BasePage - Starting of getWelcomeToJalaAcademyText method
2026-02-02 13:03:47 INFO  BasePage - Ending of getWelcomeToJalaAcademyText method
2026-02-02 13:03:47 INFO  BasePage - Starting of getText method
2026-02-02 13:03:47 INFO  BasePage - Ending of getText method
2026-02-02 13:03:47 INFO  BaseTest - Ending of testIframe method
2026-02-02 13:03:47 INFO  Listeners - Test PassedA_testIframe
2026-02-02 13:03:49 INFO  BaseTest - Starting of setup method
2026-02-02 13:03:53 INFO  BasePage - Starting of ImagesPage constructor
2026-02-02 13:03:53 INFO  BasePage - Ending of ImagesPage constructor
2026-02-02 13:03:53 INFO  BasePage - Starting of HomePage constructor
2026-02-02 13:03:53 INFO  BasePage - Ending of HomePage constructor
2026-02-02 13:03:53 INFO  BasePage - Starting of LoginPage constructor
2026-02-02 13:03:53 INFO  BasePage - Ending of LoginPage constructor
2026-02-02 13:03:54 INFO  BasePage - Starting of enterEmail method
2026-02-02 13:03:54 INFO  BasePage - Starting of sendKeys method
2026-02-02 13:03:54 INFO  BasePage - Ending of sendKeys method
2026-02-02 13:03:54 INFO  BasePage - Ending of enterEmail method
2026-02-02 13:03:54 INFO  BasePage - Starting of enterPassword method
2026-02-02 13:03:54 INFO  BasePage - Starting of sendKeys method
2026-02-02 13:03:54 INFO  BasePage - Ending of sendKeys method
2026-02-02 13:03:54 INFO  BasePage - Ending of enterPassword method
2026-02-02 13:03:54 INFO  BasePage - Starting of clickOnRememberMe method
2026-02-02 13:03:54 INFO  BasePage - Starting of click method
2026-02-02 13:03:54 INFO  BasePage - Ending of click method
2026-02-02 13:03:54 INFO  BasePage - Ending of clickOnRememberMe method
2026-02-02 13:03:54 INFO  BasePage - Starting of clickOnLoginButton method
2026-02-02 13:03:54 INFO  BasePage - Starting of click method
2026-02-02 13:03:54 INFO  BasePage - Ending of click method
2026-02-02 13:03:54 INFO  BasePage - Ending of clickOnLoginButton method
2026-02-02 13:03:54 INFO  BasePage - Starting of clickOnMoreButton method
2026-02-02 13:03:54 INFO  BasePage - Ending of clickOnMoreButton method
2026-02-02 13:03:57 INFO  BasePage - Starting of clickOnImageButton method
2026-02-02 13:03:57 INFO  BasePage - Starting of click method
2026-02-02 13:03:58 INFO  BasePage - Ending of click method
2026-02-02 13:03:58 INFO  BasePage - Ending of clickOnImageButton method
2026-02-02 13:03:58 INFO  BaseTest - Ending of setup method
2026-02-02 13:03:58 INFO  Listeners - Test Started  : A_testUploadImages
2026-02-02 13:03:58 INFO  BaseTest - Starting of testUploadImages method
2026-02-02 13:03:58 INFO  BasePage - Starting of uploadImage method
2026-02-02 13:03:58 INFO  BasePage - Starting of sendKeys method
2026-02-02 13:03:58 INFO  BasePage - Ending of sendKeys method
2026-02-02 13:03:58 INFO  BasePage - Ending of uploadImage method
2026-02-02 13:04:00 INFO  BasePage - Starting of clickOnUploadButton method
2026-02-02 13:04:00 INFO  BasePage - Starting of click method
2026-02-02 13:04:00 INFO  BasePage - Ending of click method
2026-02-02 13:04:00 INFO  BasePage - Ending of clickOnUploadButton method
2026-02-02 13:04:00 INFO  BasePage - Starting of getImageLabel method
2026-02-02 13:04:00 INFO  BasePage - Ending of getImageLabel method
2026-02-02 13:04:00 INFO  BasePage - Starting of getText method
2026-02-02 13:04:00 INFO  BasePage - Ending of getText method
2026-02-02 13:04:00 INFO  BaseTest - Ending of testUploadImages method
2026-02-02 13:04:00 INFO  Listeners - Test PassedA_testUploadImages
2026-02-02 13:11:28 INFO  BaseTest - Starting of setup method
2026-02-02 13:11:28 INFO  BaseTest - Starting of setup method
2026-02-02 13:11:31 INFO  BasePage - Starting of LoginPage constructor
2026-02-02 13:11:31 INFO  BasePage - Ending of LoginPage constructor
2026-02-02 13:11:34 INFO  BaseTest - Ending of setup method
2026-02-02 13:11:34 INFO  Listeners - Test Started  : A_TestInvaildLogin
2026-02-02 13:11:34 INFO  BaseTest - Starting of TestInvaildLogin method
2026-02-02 13:11:34 INFO  BasePage - Starting of enterEmail method
2026-02-02 13:11:34 INFO  BasePage - Starting of sendKeys method
2026-02-02 13:11:34 INFO  BasePage - Ending of sendKeys method
2026-02-02 13:11:34 INFO  BasePage - Ending of enterEmail method
2026-02-02 13:11:34 INFO  BasePage - Starting of enterPassword method
2026-02-02 13:11:34 INFO  BasePage - Starting of sendKeys method
2026-02-02 13:11:34 INFO  BasePage - Ending of sendKeys method
2026-02-02 13:11:34 INFO  BasePage - Ending of enterPassword method
2026-02-02 13:11:34 INFO  BasePage - Starting of clickOnRememberMe method
2026-02-02 13:11:34 INFO  BasePage - Starting of click method
2026-02-02 13:11:34 INFO  BasePage - Ending of click method
2026-02-02 13:11:34 INFO  BasePage - Ending of clickOnRememberMe method
2026-02-02 13:11:34 INFO  BasePage - Starting of clickOnLoginButton method
2026-02-02 13:11:34 INFO  BasePage - Starting of click method
2026-02-02 13:11:35 INFO  BasePage - Ending of click method
2026-02-02 13:11:35 INFO  BasePage - Ending of clickOnLoginButton method
2026-02-02 13:11:35 INFO  BaseTest - Ending of TestInvaildLogin method
2026-02-02 13:11:35 INFO  Listeners - Test PassedA_TestInvaildLogin
2026-02-02 13:11:35 INFO  Listeners - Test Started  : B_TestInvaildLogin2
2026-02-02 13:11:35 INFO  BaseTest - Starting of TestInvaildLogin2 method
2026-02-02 13:11:35 INFO  BasePage - Starting of enterEmail method
2026-02-02 13:11:35 INFO  BasePage - Starting of sendKeys method
2026-02-02 13:11:35 INFO  BasePage - Ending of sendKeys method
2026-02-02 13:11:35 INFO  BasePage - Ending of enterEmail method
2026-02-02 13:11:35 INFO  BasePage - Starting of enterPassword method
2026-02-02 13:11:35 INFO  BasePage - Starting of sendKeys method
2026-02-02 13:11:36 INFO  BasePage - Starting of LoginPage constructor
2026-02-02 13:11:36 INFO  BasePage - Ending of LoginPage constructor
2026-02-02 13:11:36 INFO  BasePage - Ending of sendKeys method
2026-02-02 13:11:36 INFO  BasePage - Ending of enterPassword method
2026-02-02 13:11:36 INFO  BasePage - Starting of clickOnRememberMe method
2026-02-02 13:11:36 INFO  BasePage - Starting of click method
2026-02-02 13:11:36 INFO  BasePage - Ending of click method
2026-02-02 13:11:36 INFO  BasePage - Ending of clickOnRememberMe method
2026-02-02 13:11:36 INFO  BasePage - Starting of clickOnLoginButton method
2026-02-02 13:11:36 INFO  BasePage - Starting of click method
2026-02-02 13:11:36 INFO  BasePage - Ending of click method
2026-02-02 13:11:36 INFO  BasePage - Ending of clickOnLoginButton method
2026-02-02 13:11:36 INFO  BaseTest - Ending of TestInvaildLogin2 method
2026-02-02 13:11:36 INFO  Listeners - Test PassedB_TestInvaildLogin2
2026-02-02 13:11:36 INFO  Listeners - Test Started  : C_TestInvaildLogin3
2026-02-02 13:11:36 INFO  BaseTest - Starting of TestInvaildLogin3 method
2026-02-02 13:11:36 INFO  BasePage - Starting of enterEmail method
2026-02-02 13:11:36 INFO  BasePage - Starting of sendKeys method
2026-02-02 13:11:36 INFO  BasePage - Ending of sendKeys method
2026-02-02 13:11:36 INFO  BasePage - Ending of enterEmail method
2026-02-02 13:11:36 INFO  BasePage - Starting of enterPassword method
2026-02-02 13:11:36 INFO  BasePage - Starting of sendKeys method
2026-02-02 13:11:37 INFO  BaseTest - Ending of setup method
2026-02-02 13:11:37 INFO  Listeners - Test Started  : A_TestInvaildLogin
2026-02-02 13:11:37 INFO  BaseTest - Starting of TestInvaildLogin method
2026-02-02 13:11:37 INFO  BasePage - Starting of enterEmail method
2026-02-02 13:11:37 INFO  BasePage - Starting of sendKeys method
2026-02-02 13:11:37 INFO  BasePage - Ending of sendKeys method
2026-02-02 13:11:37 INFO  BasePage - Ending of enterPassword method
2026-02-02 13:11:37 INFO  BasePage - Starting of clickOnRememberMe method
2026-02-02 13:11:37 INFO  BasePage - Starting of click method
2026-02-02 13:11:37 INFO  BasePage - Ending of click method
2026-02-02 13:11:37 INFO  BasePage - Ending of clickOnRememberMe method
2026-02-02 13:11:37 INFO  BasePage - Starting of clickOnLoginButton method
2026-02-02 13:11:37 INFO  BasePage - Starting of click method
2026-02-02 13:11:37 INFO  BasePage - Ending of sendKeys method
2026-02-02 13:11:37 INFO  BasePage - Ending of enterEmail method
2026-02-02 13:11:37 INFO  BasePage - Starting of enterPassword method
2026-02-02 13:11:37 INFO  BasePage - Starting of sendKeys method
2026-02-02 13:11:37 INFO  BasePage - Ending of click method
2026-02-02 13:11:37 INFO  BasePage - Ending of clickOnLoginButton method
2026-02-02 13:11:37 INFO  BaseTest - Ending of TestInvaildLogin3 method
2026-02-02 13:11:37 INFO  Listeners - Test PassedC_TestInvaildLogin3
2026-02-02 13:11:37 INFO  Listeners - Test Started  : D_testVaildLogin4
2026-02-02 13:11:37 INFO  BaseTest - Starting of testVaildLogin4 method
2026-02-02 13:11:37 INFO  BasePage - Starting of enterEmail method
2026-02-02 13:11:37 INFO  BasePage - Starting of sendKeys method
2026-02-02 13:11:37 INFO  BasePage - Ending of sendKeys method
2026-02-02 13:11:37 INFO  BasePage - Ending of enterPassword method
2026-02-02 13:11:37 INFO  BasePage - Starting of clickOnRememberMe method
2026-02-02 13:11:37 INFO  BasePage - Starting of click method
2026-02-02 13:11:37 INFO  BasePage - Ending of click method
2026-02-02 13:11:37 INFO  BasePage - Ending of clickOnRememberMe method
2026-02-02 13:11:37 INFO  BasePage - Starting of clickOnLoginButton method
2026-02-02 13:11:37 INFO  BasePage - Starting of click method
2026-02-02 13:11:37 INFO  BasePage - Ending of sendKeys method
2026-02-02 13:11:37 INFO  BasePage - Ending of enterEmail method
2026-02-02 13:11:37 INFO  BasePage - Starting of enterPassword method
2026-02-02 13:11:37 INFO  BasePage - Starting of sendKeys method
2026-02-02 13:11:37 INFO  BasePage - Ending of click method
2026-02-02 13:11:37 INFO  BasePage - Ending of clickOnLoginButton method
2026-02-02 13:11:37 INFO  BaseTest - Ending of TestInvaildLogin method
2026-02-02 13:11:37 INFO  Listeners - Test PassedA_TestInvaildLogin
2026-02-02 13:11:37 INFO  Listeners - Test Started  : B_TestInvaildLogin2
2026-02-02 13:11:37 INFO  BaseTest - Starting of TestInvaildLogin2 method
2026-02-02 13:11:37 INFO  BasePage - Starting of enterEmail method
2026-02-02 13:11:37 INFO  BasePage - Starting of sendKeys method
2026-02-02 13:11:38 INFO  BasePage - Ending of sendKeys method
2026-02-02 13:11:38 INFO  BasePage - Ending of enterEmail method
2026-02-02 13:11:38 INFO  BasePage - Starting of enterPassword method
2026-02-02 13:11:38 INFO  BasePage - Starting of sendKeys method
2026-02-02 13:11:38 INFO  BasePage - Ending of sendKeys method
2026-02-02 13:11:38 INFO  BasePage - Ending of enterPassword method
2026-02-02 13:11:38 INFO  BasePage - Starting of clickOnRememberMe method
2026-02-02 13:11:38 INFO  BasePage - Starting of click method
2026-02-02 13:11:38 INFO  BasePage - Ending of sendKeys method
2026-02-02 13:11:38 INFO  BasePage - Ending of enterPassword method
2026-02-02 13:11:38 INFO  BasePage - Starting of clickOnRememberMe method
2026-02-02 13:11:38 INFO  BasePage - Starting of click method
2026-02-02 13:11:38 INFO  BasePage - Ending of click method
2026-02-02 13:11:38 INFO  BasePage - Ending of clickOnRememberMe method
2026-02-02 13:11:38 INFO  BasePage - Starting of clickOnLoginButton method
2026-02-02 13:11:38 INFO  BasePage - Starting of click method
2026-02-02 13:11:38 INFO  BasePage - Ending of click method
2026-02-02 13:11:38 INFO  BasePage - Ending of clickOnRememberMe method
2026-02-02 13:11:38 INFO  BasePage - Starting of clickOnLoginButton method
2026-02-02 13:11:38 INFO  BasePage - Starting of click method
2026-02-02 13:11:38 INFO  BasePage - Ending of click method
2026-02-02 13:11:38 INFO  BasePage - Ending of clickOnLoginButton method
2026-02-02 13:11:38 INFO  BaseTest - Ending of testVaildLogin4 method
2026-02-02 13:11:38 INFO  Listeners - Test PassedD_testVaildLogin4
2026-02-02 13:11:38 INFO  BasePage - Ending of click method
2026-02-02 13:11:38 INFO  BasePage - Ending of clickOnLoginButton method
2026-02-02 13:11:38 INFO  BaseTest - Ending of TestInvaildLogin2 method
2026-02-02 13:11:38 INFO  Listeners - Test PassedB_TestInvaildLogin2
2026-02-02 13:11:38 INFO  Listeners - Test Started  : C_TestInvaildLogin3
2026-02-02 13:11:38 INFO  BaseTest - Starting of TestInvaildLogin3 method
2026-02-02 13:11:38 INFO  BasePage - Starting of enterEmail method
2026-02-02 13:11:38 INFO  BasePage - Starting of sendKeys method
2026-02-02 13:11:38 INFO  BasePage - Ending of sendKeys method
2026-02-02 13:11:38 INFO  BasePage - Ending of enterEmail method
2026-02-02 13:11:38 INFO  BasePage - Starting of enterPassword method
2026-02-02 13:11:38 INFO  BasePage - Starting of sendKeys method
2026-02-02 13:11:38 INFO  BasePage - Ending of sendKeys method
2026-02-02 13:11:38 INFO  BasePage - Ending of enterPassword method
2026-02-02 13:11:38 INFO  BasePage - Starting of clickOnRememberMe method
2026-02-02 13:11:38 INFO  BasePage - Starting of click method
2026-02-02 13:11:38 INFO  BasePage - Ending of click method
2026-02-02 13:11:38 INFO  BasePage - Ending of clickOnRememberMe method
2026-02-02 13:11:38 INFO  BasePage - Starting of clickOnLoginButton method
2026-02-02 13:11:38 INFO  BasePage - Starting of click method
2026-02-02 13:11:38 INFO  BasePage - Ending of click method
2026-02-02 13:11:38 INFO  BasePage - Ending of clickOnLoginButton method
2026-02-02 13:11:38 INFO  BaseTest - Ending of TestInvaildLogin3 method
2026-02-02 13:11:38 INFO  Listeners - Test PassedC_TestInvaildLogin3
2026-02-02 13:11:38 INFO  Listeners - Test Started  : D_testVaildLogin4
2026-02-02 13:11:38 INFO  BaseTest - Starting of testVaildLogin4 method
2026-02-02 13:11:38 INFO  BasePage - Starting of enterEmail method
2026-02-02 13:11:38 INFO  BasePage - Starting of sendKeys method
2026-02-02 13:11:38 INFO  BaseTest - Starting of setup method
2026-02-02 13:11:39 INFO  BasePage - Ending of sendKeys method
2026-02-02 13:11:39 INFO  BasePage - Ending of enterEmail method
2026-02-02 13:11:39 INFO  BasePage - Starting of enterPassword method
2026-02-02 13:11:39 INFO  BasePage - Starting of sendKeys method
2026-02-02 13:11:39 INFO  BasePage - Ending of sendKeys method
2026-02-02 13:11:39 INFO  BasePage - Ending of enterPassword method
2026-02-02 13:11:39 INFO  BasePage - Starting of clickOnRememberMe method
2026-02-02 13:11:39 INFO  BasePage - Starting of click method
2026-02-02 13:11:39 INFO  BasePage - Ending of click method
2026-02-02 13:11:39 INFO  BasePage - Ending of clickOnRememberMe method
2026-02-02 13:11:39 INFO  BasePage - Starting of clickOnLoginButton method
2026-02-02 13:11:39 INFO  BasePage - Starting of click method
2026-02-02 13:11:39 INFO  BasePage - Ending of click method
2026-02-02 13:11:39 INFO  BasePage - Ending of clickOnLoginButton method
2026-02-02 13:11:39 INFO  BaseTest - Ending of testVaildLogin4 method
2026-02-02 13:11:39 INFO  Listeners - Test PassedD_testVaildLogin4
2026-02-02 13:11:40 INFO  BasePage - Starting of EmployeeDetails constructor
2026-02-02 13:11:40 INFO  BasePage - Ending of EmployeeDetails constructor
2026-02-02 13:11:40 INFO  BasePage - Starting of LoginPage constructor
2026-02-02 13:11:40 INFO  BasePage - Ending of LoginPage constructor
2026-02-02 13:11:41 INFO  BasePage - Starting of enterEmail method
2026-02-02 13:11:41 INFO  BasePage - Starting of sendKeys method
2026-02-02 13:11:41 INFO  BaseTest - Starting of setup method
2026-02-02 13:11:41 INFO  BasePage - Ending of sendKeys method
2026-02-02 13:11:41 INFO  BasePage - Ending of enterEmail method
2026-02-02 13:11:41 INFO  BasePage - Starting of enterPassword method
2026-02-02 13:11:41 INFO  BasePage - Starting of sendKeys method
2026-02-02 13:11:42 INFO  BasePage - Ending of sendKeys method
2026-02-02 13:11:42 INFO  BasePage - Ending of enterPassword method
2026-02-02 13:11:42 INFO  BasePage - Starting of clickOnRememberMe method
2026-02-02 13:11:42 INFO  BasePage - Starting of click method
2026-02-02 13:11:42 INFO  BasePage - Ending of click method
2026-02-02 13:11:42 INFO  BasePage - Ending of clickOnRememberMe method
2026-02-02 13:11:42 INFO  BasePage - Starting of clickOnLoginButton method
2026-02-02 13:11:42 INFO  BasePage - Starting of click method
2026-02-02 13:11:42 INFO  BasePage - Ending of click method
2026-02-02 13:11:42 INFO  BasePage - Ending of clickOnLoginButton method
2026-02-02 13:11:42 INFO  BaseTest - Ending of setup method
2026-02-02 13:11:42 INFO  Listeners - Test Started  : A_testVaildEmployeeDetails
2026-02-02 13:11:42 INFO  BaseTest - Starting of testVaildEmployeeDetails method
2026-02-02 13:11:42 INFO  BasePage - Starting of getWelcomeToJalaAcademy method
2026-02-02 13:11:42 INFO  BasePage - Ending of getWelcomeToJalaAcademy method
2026-02-02 13:11:42 INFO  BasePage - Starting of getText method
2026-02-02 13:11:42 INFO  BasePage - Ending of getText method
2026-02-02 13:11:42 INFO  BasePage - Starting of clickOnEmployeeButton method
2026-02-02 13:11:44 INFO  BasePage - Starting of click method
2026-02-02 13:11:45 INFO  BasePage - Ending of click method
2026-02-02 13:11:45 INFO  BasePage - Ending of clickOnEmployeeButton method
2026-02-02 13:11:45 INFO  BasePage - Starting of clickOnCreateButton method
2026-02-02 13:11:47 INFO  BasePage - Starting of click method
2026-02-02 13:11:47 INFO  BasePage - Starting of EmployeeDetails constructor
2026-02-02 13:11:47 INFO  BasePage - Ending of EmployeeDetails constructor
2026-02-02 13:11:47 INFO  BasePage - Starting of LoginPage constructor
2026-02-02 13:11:47 INFO  BasePage - Ending of LoginPage constructor
2026-02-02 13:11:47 INFO  BasePage - Ending of click method
2026-02-02 13:11:47 INFO  BasePage - Ending of clickOnCreateButton method
2026-02-02 13:11:47 INFO  BasePage - Starting of enterFirstName method
2026-02-02 13:11:47 INFO  BasePage - Starting of sendKeys method
2026-02-02 13:11:48 INFO  BasePage - Ending of sendKeys method
2026-02-02 13:11:48 INFO  BasePage - Ending of enterFirstName method
2026-02-02 13:11:48 INFO  BasePage - Starting of enterFirstName method
2026-02-02 13:11:48 INFO  BasePage - Starting of sendKeys method
2026-02-02 13:11:48 INFO  BasePage - Starting of enterEmail method
2026-02-02 13:11:48 INFO  BasePage - Starting of sendKeys method
2026-02-02 13:11:48 INFO  BasePage - Ending of sendKeys method
2026-02-02 13:11:48 INFO  BasePage - Ending of enterFirstName method
2026-02-02 13:11:48 INFO  BasePage - Starting of enterEmailId method
2026-02-02 13:11:48 INFO  BasePage - Starting of sendKeys method
2026-02-02 13:11:48 INFO  BasePage - Ending of sendKeys method
2026-02-02 13:11:48 INFO  BasePage - Ending of enterEmail method
2026-02-02 13:11:48 INFO  BasePage - Starting of enterPassword method
2026-02-02 13:11:48 INFO  BasePage - Starting of sendKeys method
2026-02-02 13:11:48 INFO  BasePage - Ending of sendKeys method
2026-02-02 13:11:48 INFO  BasePage - Ending of enterPassword method
2026-02-02 13:11:48 INFO  BasePage - Starting of clickOnRememberMe method
2026-02-02 13:11:48 INFO  BasePage - Starting of click method
2026-02-02 13:11:48 INFO  BasePage - Ending of sendKeys method
2026-02-02 13:11:48 INFO  BasePage - Ending of enterEmailId method
2026-02-02 13:11:48 INFO  BasePage - Starting of enterMobileNumber method
2026-02-02 13:11:48 INFO  BasePage - Starting of sendKeys method
2026-02-02 13:11:48 INFO  BasePage - Ending of click method
2026-02-02 13:11:48 INFO  BasePage - Ending of clickOnRememberMe method
2026-02-02 13:11:48 INFO  BasePage - Starting of clickOnLoginButton method
2026-02-02 13:11:48 INFO  BasePage - Starting of click method
2026-02-02 13:11:48 INFO  BasePage - Ending of sendKeys method
2026-02-02 13:11:48 INFO  BasePage - Ending of enterMobileNumber method
2026-02-02 13:11:48 INFO  BasePage - Starting of enterDateOfBirth method
2026-02-02 13:11:48 INFO  BasePage - Starting of sendKeys method
2026-02-02 13:11:48 INFO  BasePage - Ending of click method
2026-02-02 13:11:48 INFO  BasePage - Ending of clickOnLoginButton method
2026-02-02 13:11:48 INFO  BaseTest - Ending of setup method
2026-02-02 13:11:48 INFO  Listeners - Test Started  : A_testVaildEmployeeDetails
2026-02-02 13:11:48 INFO  BaseTest - Starting of testVaildEmployeeDetails method
2026-02-02 13:11:48 INFO  BasePage - Starting of getWelcomeToJalaAcademy method
2026-02-02 13:11:48 INFO  BasePage - Ending of getWelcomeToJalaAcademy method
2026-02-02 13:11:48 INFO  BasePage - Starting of getText method
2026-02-02 13:11:48 INFO  BasePage - Ending of getText method
2026-02-02 13:11:49 INFO  BasePage - Ending of sendKeys method
2026-02-02 13:11:49 INFO  BasePage - Ending of enterDateOfBirth method
2026-02-02 13:11:49 INFO  BasePage - Starting of clickOnEmployeeButton method
2026-02-02 13:11:49 INFO  BasePage - Starting of clickOnEmployeeButton method
2026-02-02 13:11:51 INFO  BasePage - Starting of click method
2026-02-02 13:11:51 INFO  BasePage - Starting of click method
2026-02-02 13:11:51 INFO  BasePage - Ending of click method
2026-02-02 13:11:51 INFO  BasePage - Ending of clickOnEmployeeButton method
2026-02-02 13:11:51 INFO  BasePage - Starting of clickOnCreateButton method
2026-02-02 13:11:51 INFO  BasePage - Ending of click method
2026-02-02 13:11:51 INFO  BasePage - Ending of clickOnEmployeeButton method
2026-02-02 13:11:51 INFO  BasePage - Starting of enterAddress method
2026-02-02 13:11:51 INFO  BasePage - Starting of sendKeys method
2026-02-02 13:11:51 INFO  BasePage - Ending of sendKeys method
2026-02-02 13:11:51 INFO  BasePage - Ending of enterAddress method
2026-02-02 13:11:51 INFO  BasePage - Starting of clickOnSelectCity method
2026-02-02 13:11:51 INFO  BasePage - Starting of click method
2026-02-02 13:11:52 INFO  BasePage - Ending of click method
2026-02-02 13:11:52 INFO  BasePage - Ending of clickOnSelectCity method
2026-02-02 13:11:52 INFO  BasePage - Starting of clickOnIndia method
2026-02-02 13:11:52 INFO  BasePage - Starting of click method
2026-02-02 13:11:52 INFO  BasePage - Ending of click method
2026-02-02 13:11:52 INFO  BasePage - Ending of clickOnIndia method
2026-02-02 13:11:53 INFO  BasePage - Starting of click method
2026-02-02 13:11:53 INFO  BasePage - Ending of click method
2026-02-02 13:11:53 INFO  BasePage - Ending of clickOnCreateButton method
2026-02-02 13:11:53 INFO  BasePage - Starting of enterFirstName method
2026-02-02 13:11:53 INFO  BasePage - Starting of sendKeys method
2026-02-02 13:11:54 INFO  BasePage - Ending of sendKeys method
2026-02-02 13:11:54 INFO  BasePage - Ending of enterFirstName method
2026-02-02 13:11:54 INFO  BasePage - Starting of enterFirstName method
2026-02-02 13:11:54 INFO  BasePage - Starting of sendKeys method
2026-02-02 13:11:54 INFO  BasePage - Ending of sendKeys method
2026-02-02 13:11:54 INFO  BasePage - Ending of enterFirstName method
2026-02-02 13:11:54 INFO  BasePage - Starting of enterEmailId method
2026-02-02 13:11:54 INFO  BasePage - Starting of sendKeys method
2026-02-02 13:11:54 INFO  BasePage - Ending of sendKeys method
2026-02-02 13:11:54 INFO  BasePage - Ending of enterEmailId method
2026-02-02 13:11:54 INFO  BasePage - Starting of enterMobileNumber method
2026-02-02 13:11:54 INFO  BasePage - Starting of sendKeys method
2026-02-02 13:11:54 INFO  BasePage - Ending of sendKeys method
2026-02-02 13:11:54 INFO  BasePage - Ending of enterMobileNumber method
2026-02-02 13:11:54 INFO  BasePage - Starting of enterDateOfBirth method
2026-02-02 13:11:54 INFO  BasePage - Starting of sendKeys method
2026-02-02 13:11:54 INFO  BasePage - Ending of sendKeys method
2026-02-02 13:11:54 INFO  BasePage - Ending of enterDateOfBirth method
2026-02-02 13:11:54 INFO  BasePage - Starting of clickOnEmployeeButton method
2026-02-02 13:11:55 INFO  BasePage - Starting of clickOnSelectCity method
2026-02-02 13:11:55 INFO  BasePage - Starting of click method
2026-02-02 13:11:55 INFO  BasePage - Ending of click method
2026-02-02 13:11:55 INFO  BasePage - Ending of clickOnSelectCity method
2026-02-02 13:11:55 INFO  BasePage - Starting of clickOnHyderabad method
2026-02-02 13:11:55 INFO  BasePage - Starting of click method
2026-02-02 13:11:55 INFO  BasePage - Ending of click method
2026-02-02 13:11:55 INFO  BasePage - Ending of clickOnHyderabad method
2026-02-02 13:11:55 INFO  BasePage - Starting of clickOnQaAutomation method
2026-02-02 13:11:55 INFO  BasePage - Starting of click method
2026-02-02 13:11:55 INFO  BasePage - Ending of click method
2026-02-02 13:11:55 INFO  BasePage - Ending of clickOnQaAutomation method
2026-02-02 13:11:55 INFO  BasePage - Starting of clickOnIndia method
2026-02-02 13:11:55 INFO  BasePage - Starting of click method
2026-02-02 13:11:55 INFO  BasePage - Ending of click method
2026-02-02 13:11:55 INFO  BasePage - Ending of clickOnIndia method
2026-02-02 13:11:55 INFO  BaseTest - Ending of testVaildEmployeeDetails method
2026-02-02 13:11:55 INFO  Listeners - Test PassedA_testVaildEmployeeDetails
2026-02-02 13:11:56 INFO  BaseTest - Starting of setup method
2026-02-02 13:11:56 INFO  BasePage - Starting of click method
2026-02-02 13:11:56 INFO  BasePage - Ending of click method
2026-02-02 13:11:56 INFO  BasePage - Ending of clickOnEmployeeButton method
2026-02-02 13:11:56 INFO  BasePage - Starting of enterAddress method
2026-02-02 13:11:56 INFO  BasePage - Starting of sendKeys method
2026-02-02 13:11:56 INFO  BasePage - Ending of sendKeys method
2026-02-02 13:11:56 INFO  BasePage - Ending of enterAddress method
2026-02-02 13:11:56 INFO  BasePage - Starting of clickOnSelectCity method
2026-02-02 13:11:56 INFO  BasePage - Starting of click method
2026-02-02 13:11:57 INFO  BasePage - Starting of LoginPage constructor
2026-02-02 13:11:57 INFO  BasePage - Ending of LoginPage constructor
2026-02-02 13:11:57 INFO  BasePage - Starting of EmployeeDetails constructor
2026-02-02 13:11:57 INFO  BasePage - Ending of EmployeeDetails constructor
2026-02-02 13:11:57 INFO  BasePage - Starting of SearchEmployee method
2026-02-02 13:11:57 INFO  BasePage - Ending of SearchEmployee method
2026-02-02 13:11:57 INFO  BasePage - Ending of click method
2026-02-02 13:11:57 INFO  BasePage - Ending of clickOnSelectCity method
2026-02-02 13:11:57 INFO  BasePage - Starting of clickOnIndia method
2026-02-02 13:11:57 INFO  BasePage - Starting of click method
2026-02-02 13:11:57 INFO  BasePage - Ending of click method
2026-02-02 13:11:57 INFO  BasePage - Ending of clickOnIndia method
2026-02-02 13:11:58 INFO  BasePage - Starting of enterEmail method
2026-02-02 13:11:58 INFO  BasePage - Starting of sendKeys method
2026-02-02 13:11:59 INFO  BasePage - Ending of sendKeys method
2026-02-02 13:11:59 INFO  BasePage - Ending of enterEmail method
2026-02-02 13:11:59 INFO  BasePage - Starting of enterPassword method
2026-02-02 13:11:59 INFO  BasePage - Starting of sendKeys method
2026-02-02 13:11:59 INFO  BasePage - Ending of sendKeys method
2026-02-02 13:11:59 INFO  BasePage - Ending of enterPassword method
2026-02-02 13:11:59 INFO  BasePage - Starting of clickOnRememberMe method
2026-02-02 13:11:59 INFO  BasePage - Starting of click method
2026-02-02 13:11:59 INFO  BasePage - Ending of click method
2026-02-02 13:11:59 INFO  BasePage - Ending of clickOnRememberMe method
2026-02-02 13:11:59 INFO  BasePage - Starting of clickOnLoginButton method
2026-02-02 13:11:59 INFO  BasePage - Starting of click method
2026-02-02 13:11:59 INFO  BasePage - Ending of click method
2026-02-02 13:11:59 INFO  BasePage - Ending of clickOnLoginButton method
2026-02-02 13:11:59 INFO  BasePage - Starting of clickOnEmployeeButton method
2026-02-02 13:12:00 INFO  BasePage - Starting of clickOnSelectCity method
2026-02-02 13:12:00 INFO  BasePage - Starting of click method
2026-02-02 13:12:00 INFO  BasePage - Ending of click method
2026-02-02 13:12:00 INFO  BasePage - Ending of clickOnSelectCity method
2026-02-02 13:12:00 INFO  BasePage - Starting of clickOnHyderabad method
2026-02-02 13:12:00 INFO  BasePage - Starting of click method
2026-02-02 13:12:00 INFO  BasePage - Ending of click method
2026-02-02 13:12:00 INFO  BasePage - Ending of clickOnHyderabad method
2026-02-02 13:12:00 INFO  BasePage - Starting of clickOnQaAutomation method
2026-02-02 13:12:00 INFO  BasePage - Starting of click method
2026-02-02 13:12:00 INFO  BasePage - Ending of click method
2026-02-02 13:12:00 INFO  BasePage - Ending of clickOnQaAutomation method
2026-02-02 13:12:00 INFO  BasePage - Starting of clickOnIndia method
2026-02-02 13:12:00 INFO  BasePage - Starting of click method
2026-02-02 13:12:01 INFO  BasePage - Ending of click method
2026-02-02 13:12:01 INFO  BasePage - Ending of clickOnIndia method
2026-02-02 13:12:01 INFO  BaseTest - Ending of testVaildEmployeeDetails method
2026-02-02 13:12:01 INFO  Listeners - Test PassedA_testVaildEmployeeDetails
2026-02-02 13:12:01 INFO  BasePage - Starting of click method
2026-02-02 13:12:01 INFO  BasePage - Ending of click method
2026-02-02 13:12:01 INFO  BasePage - Ending of clickOnEmployeeButton method
2026-02-02 13:12:01 INFO  BaseTest - Ending of setup method
2026-02-02 13:12:01 INFO  Listeners - Test Started  : A_testSearchEmployee
2026-02-02 13:12:01 INFO  BaseTest - Starting of testSearchEmployee method
2026-02-02 13:12:03 INFO  BaseTest - Starting of setup method
2026-02-02 13:12:04 INFO  BasePage - Starting of clickOnSearch method
2026-02-02 13:12:04 INFO  BasePage - Starting of click method
2026-02-02 13:12:05 INFO  BasePage - Ending of click method
2026-02-02 13:12:05 INFO  BasePage - Ending of clickOnSearch method
2026-02-02 13:12:05 INFO  BasePage - Starting of enterEmployeeName method
2026-02-02 13:12:05 INFO  BasePage - Starting of sendKeys method
2026-02-02 13:12:06 INFO  BasePage - Ending of sendKeys method
2026-02-02 13:12:06 INFO  BasePage - Ending of enterEmployeeName method
2026-02-02 13:12:06 INFO  BasePage - Starting of enterPassword method
2026-02-02 13:12:06 INFO  BasePage - Starting of sendKeys method
2026-02-02 13:12:06 INFO  BasePage - Ending of sendKeys method
2026-02-02 13:12:06 INFO  BasePage - Ending of enterPassword method
2026-02-02 13:12:06 INFO  BasePage - Starting of clickOnSearch1 method
2026-02-02 13:12:06 INFO  BasePage - Starting of click method
2026-02-02 13:12:06 INFO  BasePage - Ending of click method
2026-02-02 13:12:06 INFO  BasePage - Ending of setup method
2026-02-02 13:12:08 INFO  BasePage - Starting of LoginPage constructor
2026-02-02 13:12:08 INFO  BasePage - Ending of LoginPage constructor
2026-02-02 13:12:08 INFO  BasePage - Starting of EmployeeDetails constructor
2026-02-02 13:12:08 INFO  BasePage - Ending of EmployeeDetails constructor
2026-02-02 13:12:08 INFO  BasePage - Starting of SearchEmployee method
2026-02-02 13:12:08 INFO  BasePage - Ending of SearchEmployee method
2026-02-02 13:12:09 INFO  BaseTest - Ending of testSearchEmployee method
2026-02-02 13:12:09 INFO  Listeners - Test PassedA_testSearchEmployee
2026-02-02 13:12:09 INFO  BaseTest - Starting of setup method
2026-02-02 13:12:10 INFO  BasePage - Starting of enterEmail method
2026-02-02 13:12:10 INFO  BasePage - Starting of sendKeys method
2026-02-02 13:12:10 INFO  BasePage - Ending of sendKeys method
2026-02-02 13:12:10 INFO  BasePage - Ending of enterEmail method
2026-02-02 13:12:10 INFO  BasePage - Starting of enterPassword method
2026-02-02 13:12:10 INFO  BasePage - Starting of sendKeys method
2026-02-02 13:12:10 INFO  BasePage - Ending of sendKeys method
2026-02-02 13:12:10 INFO  BasePage - Ending of enterPassword method
2026-02-02 13:12:10 INFO  BasePage - Starting of clickOnRememberMe method
2026-02-02 13:12:10 INFO  BasePage - Starting of click method
2026-02-02 13:12:10 INFO  BasePage - Ending of click method
2026-02-02 13:12:10 INFO  BasePage - Ending of clickOnRememberMe method
2026-02-02 13:12:10 INFO  BasePage - Starting of clickOnLoginButton method
2026-02-02 13:12:10 INFO  BasePage - Starting of click method
2026-02-02 13:12:11 INFO  BasePage - Ending of click method
2026-02-02 13:12:11 INFO  BasePage - Ending of clickOnLoginButton method
2026-02-02 13:12:11 INFO  BasePage - Starting of clickOnEmployeeButton method
2026-02-02 13:12:11 INFO  BasePage - Starting of MenuPage constructor
2026-02-02 13:12:11 INFO  BasePage - Ending of MenuPage constructor
2026-02-02 13:12:11 INFO  BasePage - Starting of HomePage constructor
2026-02-02 13:12:11 INFO  BasePage - Ending of HomePage constructor
2026-02-02 13:12:11 INFO  BasePage - Starting of LoginPage constructor
2026-02-02 13:12:11 INFO  BasePage - Ending of LoginPage constructor
2026-02-02 13:12:11 INFO  BasePage - Starting of enterEmail method
2026-02-02 13:12:11 INFO  BasePage - Starting of sendKeys method
2026-02-02 13:12:12 INFO  BasePage - Ending of sendKeys method
2026-02-02 13:12:12 INFO  BasePage - Ending of enterEmail method
2026-02-02 13:12:12 INFO  BasePage - Starting of enterPassword method
2026-02-02 13:12:12 INFO  BasePage - Starting of sendKeys method
2026-02-02 13:12:13 INFO  BasePage - Starting of click method
2026-02-02 13:12:13 INFO  BasePage - Ending of click method
2026-02-02 13:12:13 INFO  BasePage - Ending of clickOnEmployeeButton method
2026-02-02 13:12:13 INFO  BaseTest - Ending of setup method
2026-02-02 13:12:13 INFO  BasePage - Ending of sendKeys method
2026-02-02 13:12:13 INFO  BasePage - Ending of enterPassword method
2026-02-02 13:12:13 INFO  BasePage - Starting of clickOnRememberMe method
2026-02-02 13:12:13 INFO  BasePage - Starting of click method
2026-02-02 13:12:13 INFO  Listeners - Test Started  : A_testSearchEmployee
2026-02-02 13:12:13 INFO  BaseTest - Starting of testSearchEmployee method
2026-02-02 13:12:13 INFO  BasePage - Ending of click method
2026-02-02 13:12:13 INFO  BasePage - Ending of clickOnRememberMe method
2026-02-02 13:12:13 INFO  BasePage - Starting of clickOnLoginButton method
2026-02-02 13:12:13 INFO  BasePage - Starting of click method
2026-02-02 13:12:13 INFO  BasePage - Ending of click method
2026-02-02 13:12:13 INFO  BasePage - Ending of clickOnLoginButton method
2026-02-02 13:12:13 INFO  BasePage - Starting of clickOnMoreButton method
2026-02-02 13:12:13 INFO  BasePage - Ending of clickOnMoreButton method
2026-02-02 13:12:16 INFO  BasePage - Starting of clickOnSearch method
2026-02-02 13:12:16 INFO  BasePage - Starting of click method
2026-02-02 13:12:16 INFO  BasePage - Ending of click method
2026-02-02 13:12:16 INFO  BasePage - Ending of clickOnSearch method
2026-02-02 13:12:16 INFO  BasePage - Starting of enterEmployeeName method
2026-02-02 13:12:16 INFO  BasePage - Starting of sendKeys method
2026-02-02 13:12:16 INFO  BasePage - Ending of sendKeys method
2026-02-02 13:12:16 INFO  BasePage - Ending of enterEmployeeName method
2026-02-02 13:12:16 INFO  BasePage - Starting of enterPassword method
2026-02-02 13:12:16 INFO  BasePage - Starting of sendKeys method
2026-02-02 13:12:16 INFO  BasePage - Ending of sendKeys method
2026-02-02 13:12:16 INFO  BasePage - Ending of enterPassword method
2026-02-02 13:12:16 INFO  BasePage - Starting of clickOnSearch1 method
2026-02-02 13:12:16 INFO  BasePage - Starting of click method
2026-02-02 13:12:16 INFO  BasePage - Starting of clickOnMenuButton method
2026-02-02 13:12:16 INFO  BasePage - Starting of click method
2026-02-02 13:12:16 INFO  BasePage - Ending of click method
2026-02-02 13:12:16 INFO  BasePage - Ending of setup method
2026-02-02 13:12:17 INFO  BasePage - Ending of click method
2026-02-02 13:12:17 INFO  BasePage - Ending of clickOnMenuButton method
2026-02-02 13:12:17 INFO  BaseTest - Ending of setup method
2026-02-02 13:12:17 INFO  Listeners - Test Started  : A_testMenu
2026-02-02 13:12:17 INFO  BaseTest - Starting of testMenu method
2026-02-02 13:12:17 INFO  BasePage - Starting of clickOnSubMenuButton method
2026-02-02 13:12:17 INFO  BasePage - Starting of click method
2026-02-02 13:12:17 INFO  BasePage - Ending of click method
2026-02-02 13:12:17 INFO  BasePage - Ending of clickOnSubMenuButton method
2026-02-02 13:12:17 INFO  BaseTest - Ending of testMenu method
2026-02-02 13:12:17 INFO  Listeners - Test PassedA_testMenu
2026-02-02 13:12:17 INFO  BaseTest - Starting of setup method
2026-02-02 13:12:18 INFO  BasePage - Starting of IframePage constructor
2026-02-02 13:12:18 INFO  BasePage - Ending of IframePage constructor
2026-02-02 13:12:18 INFO  BasePage - Starting of HomePage constructor
2026-02-02 13:12:18 INFO  BasePage - Ending of HomePage constructor
2026-02-02 13:12:18 INFO  BasePage - Starting of LoginPage constructor
2026-02-02 13:12:18 INFO  BasePage - Ending of LoginPage constructor
2026-02-02 13:12:20 INFO  BaseTest - Ending of testSearchEmployee method
2026-02-02 13:12:20 INFO  Listeners - Test PassedA_testSearchEmployee
2026-02-02 13:12:20 INFO  BasePage - Starting of enterEmail method
2026-02-02 13:12:20 INFO  BasePage - Starting of sendKeys method
2026-02-02 13:12:20 INFO  BasePage - Ending of sendKeys method
2026-02-02 13:12:20 INFO  BasePage - Ending of enterEmail method
2026-02-02 13:12:20 INFO  BasePage - Starting of enterPassword method
2026-02-02 13:12:20 INFO  BasePage - Starting of sendKeys method
2026-02-02 13:12:20 INFO  BasePage - Ending of sendKeys method
2026-02-02 13:12:20 INFO  BasePage - Ending of enterPassword method
2026-02-02 13:12:20 INFO  BasePage - Starting of clickOnRememberMe method
2026-02-02 13:12:20 INFO  BasePage - Starting of click method
2026-02-02 13:12:20 INFO  BasePage - Ending of click method
2026-02-02 13:12:20 INFO  BasePage - Ending of clickOnRememberMe method
2026-02-02 13:12:20 INFO  BasePage - Starting of clickOnLoginButton method
2026-02-02 13:12:20 INFO  BasePage - Starting of click method
2026-02-02 13:12:21 INFO  BasePage - Ending of click method
2026-02-02 13:12:21 INFO  BasePage - Ending of clickOnLoginButton method
2026-02-02 13:12:21 INFO  BasePage - Starting of clickOnMoreButton method
2026-02-02 13:12:21 INFO  BasePage - Ending of clickOnMoreButton method
2026-02-02 13:12:22 INFO  BaseTest - Starting of setup method
2026-02-02 13:12:24 INFO  BasePage - Starting of clickOnMenuButton method
2026-02-02 13:12:24 INFO  BasePage - Starting of click method
2026-02-02 13:12:25 INFO  BasePage - Ending of click method
2026-02-02 13:12:25 INFO  BasePage - Ending of clickOnMenuButton method
2026-02-02 13:12:25 INFO  BasePage - Starting of clickOnIframeButton method
2026-02-02 13:12:25 INFO  BasePage - Starting of click method
2026-02-02 13:12:25 INFO  BasePage - Ending of click method
2026-02-02 13:12:25 INFO  BasePage - Ending of clickOnIframeButton method
2026-02-02 13:12:25 INFO  BaseTest - Ending of setup method
2026-02-02 13:12:25 INFO  Listeners - Test Started  : A_testIframe
2026-02-02 13:12:25 INFO  BaseTest - Starting of testIframe method
2026-02-02 13:12:25 INFO  BasePage - Starting of getFrameOneText method
2026-02-02 13:12:25 INFO  BasePage - Ending of getFrameOneText method
2026-02-02 13:12:25 INFO  BasePage - Starting of getText method
2026-02-02 13:12:25 INFO  BasePage - Ending of getText method
2026-02-02 13:12:25 INFO  BasePage - Starting of getFrameTwoText method
2026-02-02 13:12:25 INFO  BasePage - Ending of getFrameTwoText method
2026-02-02 13:12:25 INFO  BasePage - Starting of getText method
2026-02-02 13:12:25 INFO  BasePage - Ending of getText method
2026-02-02 13:12:25 INFO  BasePage - Starting of getWelcomeToJalaAcademyText method
2026-02-02 13:12:25 INFO  BasePage - Ending of getWelcomeToJalaAcademyText method
2026-02-02 13:12:25 INFO  BasePage - Starting of getText method
2026-02-02 13:12:25 INFO  BasePage - Ending of getText method
2026-02-02 13:12:25 INFO  BaseTest - Ending of testIframe method
2026-02-02 13:12:25 INFO  Listeners - Test PassedA_testIframe
2026-02-02 13:12:25 INFO  BaseTest - Starting of setup method
2026-02-02 13:12:26 INFO  BasePage - Starting of ImagesPage constructor
2026-02-02 13:12:26 INFO  BasePage - Ending of ImagesPage constructor
2026-02-02 13:12:26 INFO  BasePage - Starting of HomePage constructor
2026-02-02 13:12:26 INFO  BasePage - Ending of HomePage constructor
2026-02-02 13:12:26 INFO  BasePage - Starting of LoginPage constructor
2026-02-02 13:12:26 INFO  BasePage - Ending of LoginPage constructor
2026-02-02 13:12:28 INFO  BasePage - Starting of enterEmail method
2026-02-02 13:12:28 INFO  BasePage - Starting of sendKeys method
2026-02-02 13:12:28 INFO  BasePage - Ending of sendKeys method
2026-02-02 13:12:28 INFO  BasePage - Ending of enterEmail method
2026-02-02 13:12:28 INFO  BasePage - Starting of enterPassword method
2026-02-02 13:12:28 INFO  BasePage - Starting of sendKeys method
2026-02-02 13:12:28 INFO  BasePage - Ending of sendKeys method
2026-02-02 13:12:28 INFO  BasePage - Ending of enterPassword method
2026-02-02 13:12:28 INFO  BasePage - Starting of clickOnRememberMe method
2026-02-02 13:12:28 INFO  BasePage - Starting of click method
2026-02-02 13:12:29 INFO  BasePage - Ending of click method
2026-02-02 13:12:29 INFO  BasePage - Ending of clickOnRememberMe method
2026-02-02 13:12:29 INFO  BasePage - Starting of clickOnLoginButton method
2026-02-02 13:12:29 INFO  BasePage - Starting of click method
2026-02-02 13:12:29 INFO  BasePage - Starting of MenuPage constructor
2026-02-02 13:12:29 INFO  BasePage - Ending of MenuPage constructor
2026-02-02 13:12:29 INFO  BasePage - Starting of HomePage constructor
2026-02-02 13:12:29 INFO  BasePage - Ending of HomePage constructor
2026-02-02 13:12:29 INFO  BasePage - Starting of LoginPage constructor
2026-02-02 13:12:29 INFO  BasePage - Ending of LoginPage constructor
2026-02-02 13:12:29 INFO  BasePage - Ending of click method
2026-02-02 13:12:29 INFO  BasePage - Ending of clickOnLoginButton method
2026-02-02 13:12:29 INFO  BasePage - Starting of clickOnMoreButton method
2026-02-02 13:12:29 INFO  BasePage - Ending of clickOnMoreButton method
2026-02-02 13:12:30 INFO  BasePage - Starting of enterEmail method
2026-02-02 13:12:30 INFO  BasePage - Starting of sendKeys method
2026-02-02 13:12:30 INFO  BasePage - Ending of sendKeys method
2026-02-02 13:12:30 INFO  BasePage - Ending of enterEmail method
2026-02-02 13:12:30 INFO  BasePage - Starting of enterPassword method
2026-02-02 13:12:30 INFO  BasePage - Starting of sendKeys method
2026-02-02 13:12:30 INFO  BasePage - Ending of sendKeys method
2026-02-02 13:12:30 INFO  BasePage - Ending of enterPassword method
2026-02-02 13:12:30 INFO  BasePage - Starting of clickOnRememberMe method
2026-02-02 13:12:30 INFO  BasePage - Starting of click method
2026-02-02 13:12:30 INFO  BasePage - Ending of click method
2026-02-02 13:12:30 INFO  BasePage - Ending of clickOnRememberMe method
2026-02-02 13:12:30 INFO  BasePage - Starting of clickOnLoginButton method
2026-02-02 13:12:30 INFO  BasePage - Starting of click method
2026-02-02 13:12:30 INFO  BasePage - Ending of click method
2026-02-02 13:12:30 INFO  BasePage - Ending of clickOnLoginButton method
2026-02-02 13:12:30 INFO  BasePage - Starting of clickOnMoreButton method
2026-02-02 13:12:31 INFO  BasePage - Ending of clickOnMoreButton method
2026-02-02 13:12:32 INFO  BasePage - Starting of clickOnImageButton method
2026-02-02 13:12:32 INFO  BasePage - Starting of click method
2026-02-02 13:12:33 INFO  BasePage - Ending of click method
2026-02-02 13:12:33 INFO  BasePage - Ending of clickOnImageButton method
2026-02-02 13:12:33 INFO  BaseTest - Ending of setup method
2026-02-02 13:12:33 INFO  Listeners - Test Started  : A_testUploadImages
2026-02-02 13:12:33 INFO  BaseTest - Starting of testUploadImages method
2026-02-02 13:12:33 INFO  BasePage - Starting of uploadImage method
2026-02-02 13:12:33 INFO  BasePage - Starting of sendKeys method
2026-02-02 13:12:33 INFO  BasePage - Ending of sendKeys method
2026-02-02 13:12:33 INFO  BasePage - Ending of uploadImage method
2026-02-02 13:12:34 INFO  BasePage - Starting of clickOnMenuButton method
2026-02-02 13:12:34 INFO  BasePage - Starting of click method
2026-02-02 13:12:35 INFO  BasePage - Ending of click method
2026-02-02 13:12:35 INFO  BasePage - Ending of clickOnMenuButton method
2026-02-02 13:12:35 INFO  BaseTest - Ending of setup method
2026-02-02 13:12:35 INFO  Listeners - Test Started  : A_testMenu
2026-02-02 13:12:35 INFO  BaseTest - Starting of testMenu method
2026-02-02 13:12:35 INFO  BasePage - Starting of clickOnSubMenuButton method
2026-02-02 13:12:35 INFO  BasePage - Starting of click method
2026-02-02 13:12:35 INFO  BasePage - Ending of click method
2026-02-02 13:12:35 INFO  BasePage - Ending of clickOnSubMenuButton method
2026-02-02 13:12:35 INFO  BaseTest - Ending of testMenu method
2026-02-02 13:12:35 INFO  Listeners - Test PassedA_testMenu
2026-02-02 13:12:35 INFO  BasePage - Starting of clickOnUploadButton method
2026-02-02 13:12:35 INFO  BasePage - Starting of click method
2026-02-02 13:12:35 INFO  BasePage - Ending of click method
2026-02-02 13:12:35 INFO  BasePage - Ending of clickOnUploadButton method
2026-02-02 13:12:35 INFO  BasePage - Starting of getImageLabel method
2026-02-02 13:12:35 INFO  BasePage - Ending of getImageLabel method
2026-02-02 13:12:35 INFO  BasePage - Starting of getText method
2026-02-02 13:12:35 INFO  BasePage - Ending of getText method
2026-02-02 13:12:35 INFO  BaseTest - Ending of testUploadImages method
2026-02-02 13:12:35 INFO  Listeners - Test PassedA_testUploadImages
2026-02-02 13:12:37 INFO  BaseTest - Starting of setup method
2026-02-02 13:12:41 INFO  BasePage - Starting of IframePage constructor
2026-02-02 13:12:41 INFO  BasePage - Ending of IframePage constructor
2026-02-02 13:12:41 INFO  BasePage - Starting of HomePage constructor
2026-02-02 13:12:41 INFO  BasePage - Ending of HomePage constructor
2026-02-02 13:12:41 INFO  BasePage - Starting of LoginPage constructor
2026-02-02 13:12:41 INFO  BasePage - Ending of LoginPage constructor
2026-02-02 13:12:42 INFO  BasePage - Starting of enterEmail method
2026-02-02 13:12:42 INFO  BasePage - Starting of sendKeys method
2026-02-02 13:12:42 INFO  BasePage - Ending of sendKeys method
2026-02-02 13:12:42 INFO  BasePage - Ending of enterEmail method
2026-02-02 13:12:42 INFO  BasePage - Starting of enterPassword method
2026-02-02 13:12:42 INFO  BasePage - Starting of sendKeys method
2026-02-02 13:12:42 INFO  BasePage - Ending of sendKeys method
2026-02-02 13:12:42 INFO  BasePage - Ending of enterPassword method
2026-02-02 13:12:42 INFO  BasePage - Starting of clickOnRememberMe method
2026-02-02 13:12:42 INFO  BasePage - Starting of click method
2026-02-02 13:12:42 INFO  BasePage - Ending of click method
2026-02-02 13:12:42 INFO  BasePage - Ending of clickOnRememberMe method
2026-02-02 13:12:42 INFO  BasePage - Starting of clickOnLoginButton method
2026-02-02 13:12:42 INFO  BasePage - Starting of click method
2026-02-02 13:12:42 INFO  BasePage - Ending of click method
2026-02-02 13:12:42 INFO  BasePage - Ending of clickOnLoginButton method
2026-02-02 13:12:42 INFO  BasePage - Starting of clickOnMoreButton method
2026-02-02 13:12:43 INFO  BasePage - Ending of clickOnMoreButton method
2026-02-02 13:12:46 INFO  BasePage - Starting of clickOnMenuButton method
2026-02-02 13:12:46 INFO  BasePage - Starting of click method
2026-02-02 13:12:46 INFO  BasePage - Ending of click method
2026-02-02 13:12:46 INFO  BasePage - Ending of clickOnMenuButton method
2026-02-02 13:12:46 INFO  BasePage - Starting of clickOnIframeButton method
2026-02-02 13:12:46 INFO  BasePage - Starting of click method
2026-02-02 13:12:47 INFO  BasePage - Ending of click method
2026-02-02 13:12:47 INFO  BasePage - Ending of clickOnIframeButton method
2026-02-02 13:12:47 INFO  BaseTest - Ending of setup method
2026-02-02 13:12:47 INFO  Listeners - Test Started  : A_testIframe
2026-02-02 13:12:47 INFO  BaseTest - Starting of testIframe method
2026-02-02 13:12:47 INFO  BasePage - Starting of getFrameOneText method
2026-02-02 13:12:47 INFO  BasePage - Ending of getFrameOneText method
2026-02-02 13:12:47 INFO  BasePage - Starting of getText method
2026-02-02 13:12:47 INFO  BasePage - Ending of getText method
2026-02-02 13:12:47 INFO  BasePage - Starting of getFrameTwoText method
2026-02-02 13:12:47 INFO  BasePage - Ending of getFrameTwoText method
2026-02-02 13:12:47 INFO  BasePage - Starting of getText method
2026-02-02 13:12:47 INFO  BasePage - Ending of getText method
2026-02-02 13:12:47 INFO  BasePage - Starting of getWelcomeToJalaAcademyText method
2026-02-02 13:12:47 INFO  BasePage - Ending of getWelcomeToJalaAcademyText method
2026-02-02 13:12:47 INFO  BasePage - Starting of getText method
2026-02-02 13:12:47 INFO  BasePage - Ending of getText method
2026-02-02 13:12:47 INFO  BaseTest - Ending of testIframe method
2026-02-02 13:12:47 INFO  Listeners - Test PassedA_testIframe
2026-02-02 13:12:48 INFO  BaseTest - Starting of setup method
2026-02-02 13:12:52 INFO  BasePage - Starting of ImagesPage constructor
2026-02-02 13:12:52 INFO  BasePage - Ending of ImagesPage constructor
2026-02-02 13:12:52 INFO  BasePage - Starting of HomePage constructor
2026-02-02 13:12:52 INFO  BasePage - Ending of HomePage constructor
2026-02-02 13:12:52 INFO  BasePage - Starting of LoginPage constructor
2026-02-02 13:12:52 INFO  BasePage - Ending of LoginPage constructor
2026-02-02 13:12:53 INFO  BasePage - Starting of enterEmail method
2026-02-02 13:12:53 INFO  BasePage - Starting of sendKeys method
2026-02-02 13:12:54 INFO  BasePage - Ending of sendKeys method
2026-02-02 13:12:54 INFO  BasePage - Ending of enterEmail method
2026-02-02 13:12:54 INFO  BasePage - Starting of enterPassword method
2026-02-02 13:12:54 INFO  BasePage - Starting of sendKeys method
2026-02-02 13:12:54 INFO  BasePage - Ending of sendKeys method
2026-02-02 13:12:54 INFO  BasePage - Ending of enterPassword method
2026-02-02 13:12:54 INFO  BasePage - Starting of clickOnRememberMe method
2026-02-02 13:12:54 INFO  BasePage - Starting of click method
2026-02-02 13:12:54 INFO  BasePage - Ending of click method
2026-02-02 13:12:54 INFO  BasePage - Ending of clickOnRememberMe method
2026-02-02 13:12:54 INFO  BasePage - Starting of clickOnLoginButton method
2026-02-02 13:12:54 INFO  BasePage - Starting of click method
2026-02-02 13:12:54 INFO  BasePage - Ending of click method
2026-02-02 13:12:54 INFO  BasePage - Ending of clickOnLoginButton method
2026-02-02 13:12:54 INFO  BasePage - Starting of clickOnMoreButton method
2026-02-02 13:12:54 INFO  BasePage - Ending of clickOnMoreButton method
2026-02-02 13:12:57 INFO  BasePage - Starting of clickOnImageButton method
2026-02-02 13:12:57 INFO  BasePage - Starting of click method
2026-02-02 13:12:58 INFO  BasePage - Ending of click method
2026-02-02 13:12:58 INFO  BasePage - Ending of clickOnImageButton method
2026-02-02 13:12:58 INFO  BaseTest - Ending of setup method
2026-02-02 13:12:58 INFO  Listeners - Test Started  : A_testUploadImages
2026-02-02 13:12:58 INFO  BaseTest - Starting of testUploadImages method
2026-02-02 13:12:58 INFO  BasePage - Starting of uploadImage method
2026-02-02 13:12:58 INFO  BasePage - Starting of sendKeys method
2026-02-02 13:12:58 INFO  BasePage - Ending of sendKeys method
2026-02-02 13:12:58 INFO  BasePage - Ending of uploadImage method
2026-02-02 13:13:00 INFO  BasePage - Starting of clickOnUploadButton method
2026-02-02 13:13:00 INFO  BasePage - Starting of click method
2026-02-02 13:13:00 INFO  BasePage - Ending of click method
2026-02-02 13:13:00 INFO  BasePage - Ending of clickOnUploadButton method
2026-02-02 13:13:00 INFO  BasePage - Starting of getImageLabel method
2026-02-02 13:13:00 INFO  BasePage - Ending of getImageLabel method
2026-02-02 13:13:00 INFO  BasePage - Starting of getText method
2026-02-02 13:13:00 INFO  BasePage - Ending of getText method
2026-02-02 13:13:00 INFO  BaseTest - Ending of testUploadImages method
2026-02-02 13:13:00 INFO  Listeners - Test PassedA_testUploadImages
